# 3ds Max Wavefront OBJ Exporter v0.99 - (c)2007 guruware
# File Created: 24.07.2026 18:08:29

mtllib dummy_01.mtl

#
# object Body
#

v  102.4946 1215.6843 -9.2291
v  80.5849 1210.5153 -34.1341
v  91.5487 1264.5220 -38.2260
v  111.0469 1267.4238 -5.6123
v  52.9901 1204.1213 -46.5377
v  63.9918 1263.6438 -60.3774
v  25.8509 1198.5857 -48.1261
v  31.7680 1262.7660 -69.9536
v  0.0000 1196.1003 -45.1950
v  0.0000 1264.4464 -66.0082
v  47.8460 1206.8167 139.6599
v  86.4168 1211.4819 107.8204
v  85.2515 1258.4080 123.4467
v  38.4417 1269.2368 147.9249
v  106.4877 1218.1959 66.9940
v  110.1561 1275.9741 80.8449
v  111.6057 1218.5688 26.0270
v  118.7731 1270.8959 32.3497
v  40.1119 1312.0316 -95.6586
v  44.6969 1358.4615 -115.2575
v  92.3201 1357.2825 -89.5356
v  78.2230 1311.3474 -74.3101
v  131.4548 1318.1187 34.3703
v  158.0809 1367.9047 30.0298
v  129.0801 1359.0934 68.5474
v  123.1349 1321.2085 70.4745
v  53.0747 1518.5291 -53.9613
v  62.1847 1517.6497 -33.4694
v  91.4916 1516.3252 -47.7210
v  81.1659 1503.1072 -69.8806
v  41.5694 1522.5530 -71.5871
v  67.6603 1478.3712 -95.8312
v  29.2352 1486.9950 -98.1724
v  20.8214 1521.6494 -77.7067
v  23.5267 1481.6848 47.4227
v  18.6924 1508.3074 28.6403
v  -0.0000 1506.0850 31.2763
v  -0.0000 1477.0404 49.8221
v  48.0888 1489.2003 38.5820
v  36.7529 1512.9385 20.0681
v  72.4854 1497.2816 25.8803
v  51.6338 1517.9874 6.5572
v  60.1932 1517.7314 -11.3662
v  98.8174 1506.6887 6.2199
v  96.6810 1516.7612 -26.5300
v  40.3606 1540.1362 -46.8893
v  44.1350 1537.0477 -31.2985
v  30.0211 1542.4824 -59.0028
v  15.1285 1542.8051 -63.5507
v  14.6937 1534.6648 18.3112
v  -0.0000 1534.1388 22.0036
v  28.7963 1535.1708 10.0866
v  39.4417 1536.0249 -1.4458
v  44.0837 1536.0989 -16.0075
v  41.5247 1406.7446 -124.2068
v  36.0215 1451.2490 -117.8848
v  78.9202 1437.5961 -119.0753
v  92.6501 1397.5131 -114.7233
v  28.9799 1425.3877 109.1422
v  27.8335 1457.1229 76.2350
v  -0.0000 1450.3979 80.8322
v  0.0000 1416.5909 105.8186
v  72.7326 1448.8032 94.0224
v  60.6307 1467.6510 64.7664
v  93.1325 1474.1708 51.6312
v  114.0503 1446.3927 78.3648
v  135.3949 1447.1233 57.5513
v  121.3921 1472.9578 38.1083
v  115.0726 1170.5468 -21.0011
v  90.1195 1163.7980 -49.4127
v  60.1018 1153.3721 -68.3399
v  28.8359 1143.3651 -78.5283
v  0.0000 1205.9757 140.6270
v  0.0000 1136.4321 139.3296
v  54.1176 1140.3505 132.6647
v  94.4047 1154.2606 99.9264
v  123.7608 1167.4329 61.9623
v  129.0735 1172.4407 17.4201
v  108.3274 1310.4121 -42.3564
v  126.1355 1313.3145 -4.7705
v  12.2041 1322.2484 149.7367
v  0.0001 1320.9891 134.7989
v  0.0001 1266.2837 143.6484
v  11.0296 1373.9041 137.4163
v  0.0000 1371.3981 127.6069
v  144.5273 1423.8046 59.9935
v  135.7151 1419.0226 80.1455
v  138.8692 1389.7179 74.1114
v  147.4036 1397.7521 48.9513
v  142.0279 1348.2571 -47.5258
v  161.2822 1355.4076 -9.3981
v  105.1558 1336.0645 190.8950
v  101.1156 1371.8450 183.1759
v  82.9741 1365.7252 192.1488
v  71.2858 1347.8501 198.2888
v  71.1374 1326.1794 199.7176
v  82.6101 1307.8298 194.3496
v  100.9025 1302.1982 185.3500
v  118.4013 1308.0416 175.9576
v  128.0304 1322.6818 169.4753
v  128.9495 1338.6683 167.5434
v  124.9859 1352.7729 169.0429
v  115.9158 1365.5469 174.5611
v  96.2985 1396.3899 166.4186
v  65.8798 1385.6992 178.5241
v  46.4717 1357.9928 188.5852
v  45.1354 1323.2231 191.9126
v  64.0624 1294.2661 183.3057
v  94.7185 1283.7766 170.9200
v  123.2918 1292.1826 156.7924
v  139.2161 1317.2076 146.6536
v  139.5122 1342.2319 144.3265
v  133.1687 1363.5709 147.0028
v  119.9110 1384.5121 154.3672
v  82.9401 1430.3184 123.4106
v  115.6467 1423.4978 109.0410
v  43.2192 1412.4856 137.8674
v  18.3769 1372.9880 153.7370
v  17.3108 1323.7395 163.3197
v  44.5092 1283.4364 156.7570
v  85.7852 1269.7942 137.8478
v  117.6946 1284.8080 111.1683
v  138.0565 1318.4497 96.7588
v  140.7310 1353.0546 94.0125
v  130.0402 1406.5256 103.3823
v  138.6317 1382.4104 97.9619
v  90.5953 1414.9089 145.9373
v  121.9203 1401.0536 129.3974
v  53.3726 1400.9977 159.0169
v  29.1480 1367.5481 172.2751
v  26.8041 1323.8569 177.9416
v  50.9207 1287.6212 168.9751
v  88.7325 1274.7968 152.9305
v  123.6803 1285.2922 134.2367
v  143.7045 1316.6239 121.3021
v  143.9288 1347.1669 118.7379
v  137.1733 1373.5219 122.6642
v  -0.0000 1519.6110 -73.4427
v  -0.0000 1543.8157 -62.0116
v  176.3005 1410.1492 29.3848
v  167.0832 1434.2529 43.6661
v  179.5339 1382.1136 -13.5005
v  179.7459 1394.3505 10.1115
v  157.0564 1372.6930 -42.0083
v  152.3674 1377.2554 -76.3662
v  125.8277 1395.1565 -103.6279
v  119.6741 1420.8041 -113.7119
v  108.7443 1453.7419 -106.0767
v  113.7374 1489.6162 -85.7924
v  125.3242 1508.7935 -61.2734
v  138.5452 1499.6079 1.5961
v  130.8098 1508.2546 -31.7493
v  150.9346 1471.7686 29.3578
v  194.5915 1418.3713 19.6931
v  231.6714 1425.8103 11.3522
v  226.1266 1451.2793 15.9931
v  190.9529 1441.3726 29.4443
v  241.6162 1406.9877 -6.9628
v  196.5397 1406.8472 6.5839
v  199.1418 1395.5366 -12.3294
v  244.4115 1398.3694 -33.5693
v  192.6938 1389.0908 -36.9402
v  236.3870 1400.4736 -59.9417
v  185.1046 1391.9785 -62.8913
v  227.3472 1409.3525 -81.1043
v  174.9007 1396.0681 -91.3954
v  215.3936 1424.4058 -100.0621
v  163.3870 1416.2354 -109.3370
v  194.6697 1443.2747 -112.1107
v  167.7355 1440.8213 -113.8694
v  189.4967 1470.2759 -102.6964
v  164.4197 1469.7391 -103.8473
v  188.7394 1492.2242 -79.4016
v  170.0969 1492.1655 -78.2508
v  201.1832 1487.2230 -21.1659
v  195.9412 1497.0402 -50.0012
v  173.8767 1500.8657 -43.7658
v  180.8851 1488.5729 -11.3313
v  208.3170 1470.9557 1.7492
v  191.8393 1467.1530 14.5142
v  141.3972 1444.7886 -112.4593
v  144.3827 1479.7422 -99.5557
v  152.0172 1501.1379 -73.8352
v  166.5327 1491.7739 -3.2167
v  156.9394 1504.1394 -37.5121
v  176.0230 1468.3628 22.7168
v  282.8757 1436.4376 10.1664
v  278.8113 1465.1414 8.7616
v  287.3901 1415.1848 -5.4566
v  285.9143 1400.6423 -29.8280
v  281.0861 1399.7585 -57.3603
v  275.8994 1408.9500 -81.4820
v  271.7738 1426.6404 -100.8485
v  222.1904 1446.4058 -108.0026
v  270.0306 1454.2314 -110.3063
v  221.2387 1470.9659 -100.7145
v  266.6826 1476.7947 -97.1100
v  220.0210 1487.9196 -78.6377
v  261.9922 1494.2671 -69.3268
v  268.8993 1493.0327 -37.3316
v  221.9359 1491.5222 -56.9709
v  226.2801 1484.5012 -31.1923
v  229.8546 1466.0571 -4.5700
v  272.8012 1482.1798 -9.1933
v  -0.0000 1484.2382 -92.0184
v  -0.0000 1408.2633 -117.5781
v  -0.0000 1449.7335 -108.7217
v  -0.0000 1361.4244 -107.8272
v  130.5685 1131.9658 -37.4370
v  104.8012 1125.5173 -74.6813
v  71.8848 1112.0957 -106.0158
v  30.8387 1081.8743 -126.6199
v  0.0000 1066.6752 128.3887
v  59.9952 1069.1777 114.4390
v  108.5761 1103.8013 92.1315
v  138.0112 1123.5245 53.5317
v  143.4776 1131.1774 6.4392
v  19.3215 990.5760 68.3515
v  -0.0000 987.6620 73.1992
v  -0.0001 980.8950 33.3135
v  10.7411 979.1132 32.9065
v  34.7151 1014.6696 96.0572
v  -0.0000 1014.2274 105.7861
v  176.7994 664.8699 -12.5245
v  202.2521 757.8958 -31.0255
v  212.0223 758.6782 17.7429
v  183.5316 662.3325 18.0255
v  156.5449 662.6834 -37.1339
v  168.4920 753.5792 -68.9351
v  127.2334 659.8625 -47.2012
v  121.9857 749.9295 -80.7357
v  98.3149 658.3530 -36.3029
v  77.9006 747.6337 -64.5746
v  76.0687 658.5145 -11.2668
v  49.8892 747.7119 -25.6849
v  66.7687 654.0223 18.7878
v  40.5930 746.3400 18.1447
v  73.8089 649.3865 49.8434
v  49.1035 744.7766 60.4460
v  92.6336 645.9089 79.3702
v  77.4893 745.5433 93.8958
v  127.0155 646.1998 88.8762
v  120.9991 748.6909 108.3606
v  158.2549 651.6494 74.4168
v  165.3510 752.8267 95.7433
v  176.5677 657.1927 47.7623
v  197.1115 756.6237 62.6800
v  29.9091 984.6480 68.0152
v  55.7503 1006.0932 87.0191
v  15.3612 973.9420 33.2141
v  7.5677 975.6854 -9.9409
v  12.3236 970.7462 -9.5161
v  5.2252 971.8721 -56.5647
v  12.3307 970.1859 -55.2019
v  2.7482 975.2002 -105.6176
v  7.1467 969.6317 -103.6015
v  85.2909 1076.9824 -131.9073
v  47.8166 1045.6160 -144.5685
v  121.2911 1092.6389 -94.5992
v  148.5390 1100.6425 -51.2316
v  158.5128 1098.3921 -1.9654
v  154.1385 1090.4951 47.9186
v  127.4311 1070.3372 85.1065
v  94.6590 1036.4594 92.8270
v  39.7574 908.8212 96.6207
v  85.5027 919.0867 108.3785
v  71.2495 966.9440 104.2638
v  33.3469 956.3121 84.3577
v  13.3415 901.8202 52.1673
v  15.1713 947.8868 42.5525
v  10.0207 898.1973 1.2161
v  11.1993 942.8380 -3.6265
v  18.5855 897.5261 -46.6361
v  16.1497 941.2592 -48.0470
v  74.0832 908.9786 -101.9926
v  45.4184 908.5966 -85.2878
v  41.6899 947.8591 -112.5031
v  69.1174 953.5884 -130.4825
v  114.7317 914.1240 -106.5283
v  113.8080 967.2822 -130.2172
v  158.4796 922.7278 -89.7682
v  154.8730 981.6727 -102.1259
v  192.8190 931.4801 -51.2514
v  183.2329 992.7256 -57.5104
v  197.1854 999.2245 -4.7617
v  212.3212 937.9070 -0.0734
v  191.5354 999.9754 49.4149
v  204.0311 938.7979 55.2845
v  157.7880 992.3505 89.8255
v  167.0587 933.9478 96.5684
v  113.8792 979.3444 104.8878
v  121.8036 927.2598 112.6021
v  205.2873 848.7326 -46.1259
v  221.3528 852.7924 7.7552
v  167.5261 842.9263 -83.3525
v  117.9486 837.6210 -96.8410
v  66.9805 841.0356 -81.0374
v  32.9269 829.8412 -39.9718
v  19.6933 828.7080 9.2384
v  25.8960 829.4001 60.3131
v  60.6100 834.8065 99.3525
v  112.9424 842.7867 120.7303
v  170.3642 848.9286 106.5079
v  208.5956 852.9495 63.0444
v  11.9813 1016.3171 -133.5343
v  26.8648 1001.8439 -138.5147
v  29.9207 944.7748 -85.3655
v  104.5486 1008.9157 99.1683
v  63.8304 990.8214 96.5840
v  32.9310 975.4703 73.7750
v  16.7837 966.1499 36.2390
v  12.6331 961.6009 -7.2625
v  18.4530 961.3683 -51.1563
v  15.6670 959.8248 -95.6381
v  108.6952 1007.2907 -142.6824
v  63.9728 986.1401 -145.4620
v  57.6298 1016.2407 -149.1035
v  99.0266 1041.5607 -143.2896
v  150.4714 1025.0814 -111.1623
v  138.3720 1059.5007 -108.2911
v  178.3732 1034.1862 -62.3001
v  166.0494 1068.0120 -59.7642
v  185.3425 1036.6183 -7.4308
v  173.2040 1067.5520 -6.4252
v  180.1371 1036.5111 45.6884
v  167.9152 1064.6683 45.4892
v  138.2427 1051.1636 83.5402
v  147.5716 1026.2844 84.9955
v  31.8405 970.6583 -129.9174
v  -0.0001 976.8429 -105.6114
v  -0.0001 1020.7372 -126.4509
v  -0.0001 976.8151 -10.1814
v  -0.0001 972.9183 -56.9269
v  308.5463 1484.2733 -18.0503
v  304.8828 1492.6123 -42.8484
v  315.4851 1471.8080 -0.8096
v  319.3583 1445.9946 2.4209
v  320.6185 1422.9934 -9.4680
v  319.6270 1408.1611 -30.4899
v  316.4185 1406.0688 -55.8536
v  312.9868 1414.2205 -79.3274
v  309.9680 1431.1954 -98.1360
v  307.0179 1456.7883 -105.8863
v  304.6757 1480.4072 -92.3365
v  304.3252 1495.5857 -69.7530
v  451.0610 1497.5698 -22.4667
v  451.1782 1506.9879 -48.1844
v  409.3404 1506.1207 -46.5075
v  408.9780 1498.4974 -20.6189
v  409.8040 1477.9766 -7.8236
v  451.1726 1477.6030 -8.4328
v  410.8211 1457.3816 -5.4552
v  451.6960 1456.4795 -5.1605
v  411.8920 1438.5410 -12.3278
v  452.5184 1435.6733 -10.2049
v  412.9977 1421.9692 -26.8484
v  453.5311 1416.6792 -25.5079
v  414.1888 1416.2002 -50.3909
v  454.1970 1410.3583 -51.8899
v  414.7223 1424.4329 -73.3319
v  454.3167 1421.1016 -76.0686
v  454.0310 1438.8997 -91.8264
v  414.3810 1440.2285 -90.0568
v  453.5461 1460.3489 -98.8827
v  413.6118 1461.1741 -98.3315
v  452.4178 1482.8629 -92.9482
v  411.8693 1483.1649 -91.2110
v  451.5702 1499.5381 -74.3026
v  410.5662 1497.8528 -71.6637
v  338.1228 1487.4607 -26.2066
v  358.7614 1486.5411 -30.2061
v  356.8525 1493.5591 -48.8809
v  335.0000 1494.6995 -46.7847
v  341.8065 1471.8492 -11.9861
v  361.0819 1471.8940 -18.8946
v  344.9895 1451.5391 -7.8605
v  363.1133 1454.8438 -15.5227
v  346.1041 1432.2908 -16.4885
v  364.4746 1438.6057 -22.0774
v  346.0667 1417.9719 -32.7049
v  364.8064 1425.5157 -35.0528
v  343.9746 1414.6028 -55.0310
v  363.9066 1421.2317 -54.2526
v  341.6273 1421.4658 -76.1436
v  362.6604 1426.5942 -73.4421
v  338.9692 1436.8398 -92.4091
v  361.0137 1439.9417 -89.4265
v  336.1606 1458.2627 -100.9126
v  359.4323 1459.6545 -101.3077
v  333.8554 1478.0100 -88.5261
v  357.0921 1478.4644 -87.9455
v  333.4119 1491.2410 -69.5848
v  356.2511 1490.3148 -69.6253
v  379.4243 1497.3319 -48.3835
v  379.5451 1491.1448 -27.5513
v  381.5179 1474.5638 -16.1196
v  382.8829 1456.6648 -12.8917
v  384.2817 1440.6028 -20.5339
v  384.7391 1427.5956 -33.6146
v  385.4615 1423.0145 -52.6561
v  384.8858 1427.9834 -72.3524
v  383.8369 1441.5719 -87.7383
v  382.7777 1460.4409 -97.1511
v  380.9252 1479.0656 -87.1417
v  379.7909 1492.1414 -69.9013
v  509.1466 1496.1548 -52.2221
v  508.8120 1487.7528 -32.0152
v  566.4301 1478.1006 -39.2777
v  566.4227 1484.5994 -55.8218
v  508.3733 1472.1399 -20.9164
v  566.5146 1466.1544 -29.4600
v  508.5159 1455.6011 -18.4467
v  566.7676 1453.2834 -27.1942
v  509.2969 1439.9768 -23.1688
v  567.1984 1441.5466 -31.4075
v  510.1449 1427.6936 -35.5445
v  567.3885 1432.1827 -41.9677
v  510.5671 1423.5847 -54.4096
v  567.4031 1428.3872 -57.7706
v  510.6071 1429.4249 -72.9191
v  567.2532 1432.6658 -73.9831
v  510.3071 1442.4113 -86.0868
v  566.9348 1443.1753 -85.4437
v  509.8380 1458.8547 -91.5246
v  566.5843 1456.6555 -89.9301
v  509.3705 1476.6587 -88.0970
v  566.3470 1470.7085 -86.1748
v  509.2427 1491.4202 -73.9963
v  566.3694 1481.6617 -73.7804
v  611.0067 1470.5450 -42.0054
v  609.6934 1475.8865 -57.9764
v  612.6052 1458.6606 -31.8997
v  612.8044 1447.1620 -31.1773
v  612.7659 1439.2399 -37.2711
v  610.4319 1432.8889 -46.9167
v  608.7083 1429.9117 -61.0779
v  608.0475 1433.2631 -76.7974
v  607.9654 1443.2645 -88.4690
v  608.1759 1455.7860 -91.2906
v  608.4745 1466.5197 -85.4342
v  608.9359 1473.9423 -73.7126
v  175.1485 575.2822 -31.6316
v  181.1445 568.6486 -6.7598
v  193.0450 517.6344 -19.4114
v  189.6001 525.5382 -51.0368
v  158.6803 580.3292 -51.7799
v  169.8945 531.9089 -79.5821
v  132.9781 582.4559 -62.6483
v  134.3312 533.2925 -91.3474
v  101.4955 528.0414 -77.0277
v  106.1823 577.5690 -53.9271
v  84.3667 519.8466 -49.5788
v  84.3171 570.1570 -34.7368
v  76.1903 561.0840 -7.0360
v  81.0227 511.7018 -20.1100
v  88.5452 504.7646 7.4187
v  81.5891 552.5494 22.8425
v  108.2878 499.9457 27.6937
v  103.0932 546.4699 47.6093
v  134.6755 498.9246 36.0910
v  134.0126 545.4965 57.7159
v  161.6931 502.7491 28.7526
v  160.5920 552.8596 42.5092
v  182.9826 509.4188 9.3474
v  177.0958 560.8741 19.4496
v  198.0004 455.6697 -30.3548
v  184.1939 361.8210 -44.8234
v  177.9655 367.3230 -70.5119
v  195.1518 463.5280 -65.0190
v  159.3347 371.7286 -87.8401
v  172.9389 469.7770 -95.7644
v  135.6496 373.0850 -92.7691
v  134.2714 470.9985 -105.8138
v  100.0473 466.7847 -90.1903
v  113.1499 371.2742 -86.0604
v  81.2269 459.7429 -61.9890
v  96.0046 367.3258 -69.6237
v  77.2814 452.1647 -30.8150
v  88.4718 362.5091 -46.5018
v  86.2950 445.7502 -2.2843
v  93.5754 357.9838 -22.6697
v  107.9905 441.3405 16.7828
v  111.1255 354.8158 -6.8019
v  132.8318 353.3994 -0.2539
v  134.6688 440.2921 23.6901
v  155.7438 354.1649 -4.6183
v  162.0648 442.7313 17.9253
v  175.5561 356.9499 -19.8225
v  185.4891 448.0750 -0.3705
v  163.8497 262.1813 -58.7815
v  161.6260 264.6315 -76.8648
v  151.8266 266.9709 -91.8161
v  135.7840 268.4328 -99.2152
v  117.8765 268.7099 -95.2725
v  103.3792 267.5316 -81.7062
v  96.4213 265.5885 -62.1290
v  99.6355 263.0687 -41.8163
v  112.7106 260.4910 -27.4598
v  129.7295 258.7732 -22.3960
v  146.3061 258.7216 -28.3426
v  158.4887 260.0096 -41.3124
v  161.1171 171.6964 -65.7628
v  159.7316 172.8914 -84.3295
v  152.0636 174.5061 -101.2762
v  137.3666 176.5000 -114.3239
v  116.9354 178.4241 -112.0180
v  101.7298 178.8008 -95.2543
v  92.3177 178.7459 -73.5840
v  92.9042 177.4901 -48.7463
v  106.7745 175.6827 -30.6761
v  125.2881 173.5106 -25.1378
v  143.0910 171.6194 -31.5311
v  155.3762 170.7836 -46.6268
v  178.0995 609.6343 8.4087
v  168.7186 614.0617 -14.5162
v  150.9025 615.5173 -28.1818
v  130.2728 615.6769 -35.6122
v  107.6774 613.2458 -30.9160
v  82.5985 608.8541 -17.7812
v  70.6196 601.1675 9.6573
v  74.8257 594.2462 40.5188
v  97.0701 588.3770 69.5893
v  131.4936 588.4624 79.9598
v  157.7202 596.4049 59.4643
v  175.2731 603.3959 34.9401
v  0.0000 1139.5210 -80.1936
v  -0.0000 1081.0033 -118.8422
v  642.2762 1457.6399 -99.2945
v  673.0688 1459.3674 -111.1123
v  676.2896 1445.7656 -105.6383
v  642.0188 1444.5916 -95.1489
v  671.5844 1433.7019 -86.2711
v  641.8979 1433.4138 -80.9640
v  748.5289 1465.2560 -118.9686
v  738.2729 1468.1040 -114.3373
v  750.9232 1469.3220 -112.5240
v  643.0232 1469.2815 -93.1204
v  674.1481 1472.0597 -103.9505
v  768.0017 1455.6960 -10.1224
v  751.5112 1459.6357 -14.9793
v  750.0078 1446.4048 -14.3732
v  767.5258 1446.8154 -10.0508
v  769.7339 1447.0192 -53.2674
v  755.8802 1443.2440 -44.8664
v  753.1902 1447.1265 -69.9492
v  768.9113 1451.5701 -63.8029
v  650.2885 1469.3806 -39.7475
v  683.8408 1472.4514 -38.4809
v  680.2516 1478.9594 -60.8387
v  647.1709 1476.0005 -59.0139
v  770.2723 1445.1550 -33.5464
v  768.9868 1439.5868 -23.6975
v  753.1012 1440.3000 -25.3748
v  658.8002 1453.8622 -22.5920
v  692.0326 1459.9275 -16.4741
v  765.2213 1449.9644 -80.6600
v  746.6110 1448.7542 -92.0869
v  762.2310 1452.2135 -91.2986
v  677.2972 1479.6810 -83.3757
v  644.9257 1476.2686 -77.7324
v  747.4212 1458.5614 -120.7176
v  748.7598 1453.7010 -115.9824
v  739.7443 1453.0698 -112.1893
v  735.8561 1459.7084 -118.3697
v  768.2339 1440.7931 -15.5130
v  751.5451 1451.7844 -109.0616
v  756.6937 1453.0846 -99.8312
v  698.8762 1471.7034 -108.1048
v  702.0662 1478.9310 -86.5171
v  702.9589 1422.3342 -52.1423
v  696.7604 1433.6023 -67.5354
v  714.2729 1440.7290 -66.7705
v  717.2723 1435.7637 -46.8114
v  771.9357 1470.0432 -51.4695
v  769.8334 1466.8480 -63.3765
v  750.6729 1473.6857 -68.1651
v  753.5356 1470.6350 -40.7462
v  707.7772 1414.3585 -37.3906
v  721.8597 1427.4338 -28.0889
v  768.9877 1461.6577 -16.9717
v  769.7929 1460.4662 -30.8487
v  691.5926 1438.1187 -87.7786
v  709.3631 1443.8667 -88.0997
v  764.7427 1471.0079 -82.0749
v  761.3204 1467.7087 -93.5388
v  743.4677 1473.4973 -93.6847
v  701.2811 1449.6873 -110.1797
v  697.8127 1460.5667 -115.5805
v  718.5028 1460.3623 -116.6238
v  721.1212 1452.1169 -110.6338
v  727.2067 1437.3928 -16.1596
v  735.3354 1439.7957 -30.3503
v  736.0219 1444.4351 -17.6640
v  727.6293 1446.6041 -89.2241
v  719.5782 1470.1644 -110.1773
v  723.1420 1476.8589 -88.8643
v  733.0530 1458.9515 -17.4336
v  734.7438 1440.2649 -47.2897
v  732.4197 1443.0474 -67.7503
v  709.5754 1473.0348 -38.7041
v  730.5342 1472.5828 -39.7817
v  727.2711 1477.4358 -64.8531
v  705.4762 1478.9608 -62.7501
v  717.9434 1456.3345 -14.6529
v  642.9838 1426.4336 -64.7134
v  646.4756 1423.0135 -48.7524
v  657.2480 1424.5464 -32.8007
v  652.7980 1438.3199 -24.8383
v  685.7045 1409.9254 -37.0965
v  700.3152 1406.7968 -21.8387
v  683.9424 1412.9644 -14.9556
v  725.0087 1425.5911 -10.8577
v  723.1135 1415.2306 -18.0779
v  717.9598 1436.4988 -5.4536
v  702.2708 1441.5950 -3.0829
v  678.2036 1424.7582 -5.9484
v  685.5979 1437.8312 -2.7239
v  771.3541 1447.6074 -43.3473
v  772.5956 1464.6812 -40.9462
v  776.4658 1454.2112 -39.3547
v  774.6219 1452.1906 -33.0222
v  755.9171 1468.0562 -101.6081
v  767.6037 1452.1799 -72.6618
v  767.8393 1467.6512 -72.1236
v  761.4404 1459.8320 -99.9794
v  765.2368 1458.8795 -96.0228
v  772.5510 1458.9272 -70.7567
v  773.6330 1458.5488 -65.2405
v  673.6846 1423.7161 -68.6845
v  678.2851 1414.6840 -53.4496
v  713.3735 1409.0127 -22.2048
v  717.0618 1402.9324 -7.7487
v  704.8048 1403.6320 0.1139
v  729.2232 1416.5063 -1.8327
v  727.6604 1408.2190 -6.2124
v  723.2367 1421.9592 2.2667
v  714.6998 1424.1931 5.5885
v  705.2969 1421.2295 9.0226
v  699.6320 1411.5730 8.0947
v  780.3039 1437.8452 -21.0088
v  779.4437 1438.8552 -13.0626
v  781.5551 1458.3667 -15.9828
v  782.6748 1456.2310 -25.2861
v  780.2310 1452.9244 -8.7068
v  779.3484 1445.3683 -7.9761
v  781.6622 1442.1526 -27.5488
v  783.0580 1449.8206 -29.4433
v  783.9764 1450.6550 -60.8072
v  784.2200 1446.7729 -54.6490
v  785.1407 1456.8926 -63.4142
v  786.4584 1463.9858 -61.3966
v  788.2463 1462.9689 -43.5814
v  788.0748 1467.9150 -52.9349
v  787.7881 1452.6106 -42.0928
v  786.0392 1446.9409 -47.0020
v  774.5500 1451.1066 -90.4952
v  776.1826 1448.9109 -83.3967
v  774.1176 1456.6479 -94.9565
v  774.5405 1464.0680 -93.4605
v  780.2340 1466.1462 -76.3172
v  777.6025 1469.0295 -85.8297
v  780.6373 1458.0529 -73.2584
v  778.4257 1451.3567 -76.2934
v  814.1129 1456.4487 -128.4778
v  816.4575 1460.7600 -129.1084
v  819.8471 1461.3567 -126.0813
v  818.1808 1455.4805 -123.0784
v  815.4017 1463.1531 -127.7828
v  816.7996 1464.3123 -125.4531
v  811.6940 1459.9785 -129.5320
v  811.1026 1463.3499 -127.4608
v  816.3163 1463.7786 -119.2487
v  817.2657 1464.5552 -121.7694
v  811.8688 1465.2362 -121.2812
v  812.3964 1464.0151 -118.1642
v  813.7021 1461.0625 -116.3090
v  817.5620 1461.5085 -118.3480
v  815.5643 1457.5364 -117.1756
v  820.3300 1461.6622 -121.7421
v  811.4670 1465.1113 -124.2110
v  756.7474 1457.5283 -121.8532
v  757.5988 1452.6212 -117.2962
v  757.7217 1464.4854 -120.6659
v  762.6914 1465.8219 -106.1860
v  760.0302 1468.3059 -113.7440
v  763.9571 1459.6375 -103.4742
v  762.2950 1454.0396 -105.4053
v  759.7209 1451.6425 -110.8028
v  771.8231 1451.7671 -119.7123
v  771.0551 1456.1628 -123.7674
v  780.0460 1456.6089 -124.8860
v  781.0432 1452.1714 -121.4048
v  771.0884 1462.5948 -122.5360
v  779.9651 1462.8279 -123.6561
v  773.7027 1464.1459 -109.4033
v  782.2235 1464.1899 -111.4709
v  780.9308 1466.2705 -117.7397
v  772.3201 1466.2534 -116.1606
v  774.4675 1458.5208 -106.8694
v  783.0137 1458.6077 -108.9721
v  773.9995 1453.2052 -109.2628
v  782.9331 1453.3538 -111.3428
v  772.8705 1450.8306 -114.1598
v  782.1447 1451.1238 -116.1327
v  789.7188 1452.5254 -122.9661
v  788.7894 1456.6982 -126.4829
v  788.8839 1462.9487 -125.1239
v  790.9596 1464.3298 -113.1587
v  789.9176 1466.3716 -119.3908
v  791.4760 1458.5062 -110.7826
v  791.3733 1453.5835 -113.3071
v  790.7048 1451.4861 -117.9007
v  763.7636 1456.4796 -122.9097
v  764.2515 1451.8423 -118.4991
v  764.6979 1463.7175 -122.0731
v  767.9705 1465.0487 -107.9124
v  766.6266 1467.6421 -115.1865
v  768.1750 1458.9460 -105.0411
v  767.1071 1453.4585 -107.2958
v  765.5628 1450.9001 -112.4557
v  806.9122 1454.0042 -126.4854
v  805.0685 1458.7273 -129.0385
v  804.5317 1463.4353 -126.6788
v  805.7339 1465.4888 -121.8292
v  806.1627 1464.2156 -116.7235
v  807.7045 1460.0859 -114.1421
v  808.6216 1454.8944 -115.9769
v  808.4991 1452.5701 -121.2402
v  797.4944 1453.1907 -124.4042
v  796.2332 1457.3164 -127.8240
v  796.0369 1462.7557 -125.9093
v  796.7836 1465.5184 -120.4704
v  797.9348 1464.0421 -114.6238
v  798.9037 1458.9683 -111.9990
v  799.0906 1454.1606 -114.7954
v  798.5670 1452.2129 -119.4437
v  767.6783 1451.6794 -119.0579
v  767.2485 1456.1644 -123.3410
v  767.7460 1463.0535 -122.3278
v  769.3707 1466.9216 -115.6975
v  770.5386 1464.5410 -108.6538
v  770.9406 1458.6390 -105.8072
v  770.0623 1453.1912 -108.1392
v  768.7048 1450.7280 -113.2269
v  792.4481 1456.9070 -127.2841
v  793.4742 1452.8868 -123.6410
v  792.4430 1462.8817 -125.6517
v  794.4319 1464.2344 -113.8565
v  793.4059 1466.0265 -119.9930
v  795.0563 1458.6780 -111.4613
v  795.0546 1453.8882 -114.1313
v  794.4728 1451.8859 -118.6663
v  862.9176 1463.9944 -60.1256
v  866.5603 1459.2412 -60.9712
v  863.4415 1459.7318 -63.8927
v  861.8494 1463.2803 -62.4869
v  852.5401 1445.8802 -13.2010
v  853.2426 1446.8234 -9.4396
v  854.3179 1441.0780 -9.1039
v  851.9903 1441.6592 -13.4855
v  862.1337 1453.7462 -58.4941
v  859.6161 1455.8113 -63.8323
v  858.2850 1459.9827 -65.3570
v  857.0818 1463.8462 -62.6073
v  862.5024 1463.6201 -54.0632
v  863.2494 1464.1624 -56.9514
v  857.1969 1465.2227 -56.6475
v  857.8739 1463.9817 -53.1250
v  859.5580 1459.8462 -50.4488
v  864.5072 1459.7533 -52.7658
v  860.7593 1455.3977 -52.2911
v  788.8262 1443.4736 -6.9981
v  789.2029 1451.6294 -7.2946
v  788.6846 1438.1675 -12.1348
v  791.3113 1440.5823 -24.9609
v  789.3454 1437.5090 -19.1537
v  790.9205 1447.7009 -28.0040
v  791.6313 1454.8015 -24.2078
v  790.1697 1457.0785 -14.8967
v  849.6618 1445.7263 -2.7043
v  845.0404 1447.1359 -2.8350
v  844.1285 1442.7307 -1.4112
v  849.2447 1442.0079 -2.3820
v  844.3512 1438.9247 -3.7208
v  846.7917 1437.2178 -8.5413
v  853.2619 1441.3231 -5.0518
v  846.6117 1438.6826 -14.0841
v  847.4385 1442.5045 -16.6853
v  847.7714 1447.6478 -15.1115
v  852.0950 1446.7552 -5.2308
v  846.6005 1449.3832 -6.5353
v  819.1628 1437.8556 -14.1150
v  818.7100 1438.8688 -8.5703
v  808.9908 1438.5432 -9.5027
v  809.5841 1437.6516 -15.6890
v  821.0665 1451.1573 -19.7836
v  810.5788 1452.5590 -20.8635
v  809.9911 1455.3809 -13.2901
v  820.9261 1454.0830 -12.5875
v  818.8823 1443.3784 -4.2014
v  819.9128 1450.4686 -5.4408
v  809.1394 1451.2968 -6.0472
v  808.7162 1443.6445 -4.9976
v  819.6752 1440.0697 -19.1874
v  810.1476 1440.4761 -20.9745
v  820.5208 1444.8992 -22.1305
v  810.5572 1445.9996 -23.5364
v  838.1140 1436.5748 -10.3714
v  837.3128 1438.2390 -5.0531
v  847.4330 1449.4910 -10.5398
v  840.4973 1449.2234 -16.3772
v  840.5029 1450.9523 -9.5953
v  828.6576 1450.2172 -4.3672
v  824.2917 1450.5559 -4.8461
v  823.3353 1443.6539 -3.4871
v  827.8494 1443.5341 -2.8316
v  823.2632 1439.3555 -7.9233
v  827.9543 1439.0885 -6.8882
v  829.3010 1439.7375 -17.2276
v  828.5383 1438.0302 -12.2038
v  823.8013 1438.5085 -13.1190
v  824.3185 1440.2827 -18.0470
v  830.1444 1444.3044 -20.4389
v  825.1981 1444.7107 -21.3141
v  830.4803 1450.5712 -18.2821
v  825.7238 1450.9983 -19.2140
v  829.8500 1453.4247 -11.2944
v  825.4080 1454.1034 -12.0359
v  799.7729 1438.9893 -10.5706
v  800.5724 1438.2216 -16.9830
v  800.1943 1454.2039 -22.7789
v  798.9273 1456.8662 -14.0197
v  798.0899 1451.8656 -6.3288
v  798.5255 1443.9697 -5.6728
v  801.2953 1441.1665 -22.3778
v  801.1116 1446.9585 -25.5194
v  794.0811 1443.8494 -6.1011
v  793.5909 1451.9220 -6.5400
v  794.9837 1438.6116 -11.2397
v  796.6029 1440.8539 -23.5365
v  796.0367 1437.9314 -17.7972
v  796.9766 1447.1279 -26.7506
v  795.8877 1454.8365 -23.6200
v  794.9471 1457.3142 -14.2445
v  837.3116 1443.1563 -1.6918
v  838.2430 1448.7909 -3.5000
v  839.1750 1438.1858 -15.7487
v  840.3137 1443.2935 -18.7360
v  867.2031 1459.2587 -57.0319
v  856.9514 1465.1586 -59.2873
v  801.1233 1448.1880 -55.0104
v  800.6672 1450.5571 -59.8732
v  805.3999 1450.6348 -60.1970
v  805.9610 1448.2751 -55.1901
v  801.4360 1455.9950 -63.2776
v  805.6202 1456.3943 -63.4611
v  800.8525 1461.5326 -62.1345
v  804.8179 1461.7263 -62.0346
v  802.3400 1460.8101 -44.5497
v  806.1763 1461.2417 -45.1925
v  805.4230 1465.5088 -53.9544
v  801.9169 1465.6387 -53.6999
v  802.1794 1452.9796 -43.9449
v  806.7316 1453.5537 -44.2499
v  801.7670 1448.4607 -49.1453
v  806.5599 1448.7640 -49.2612
v  834.3569 1453.2819 -61.3369
v  834.7374 1451.5129 -56.2007
v  830.0306 1450.6085 -56.0622
v  829.4094 1452.4828 -61.2696
v  833.6027 1458.1230 -64.9025
v  828.8481 1457.5503 -64.6844
v  833.4368 1463.8737 -62.3389
v  828.8859 1463.7762 -62.1700
v  833.8913 1466.5190 -56.0134
v  829.3370 1466.5760 -55.6300
v  830.1039 1463.9436 -48.5503
v  834.6214 1464.1169 -49.1669
v  835.0283 1457.6327 -46.9184
v  830.4509 1456.7968 -46.4346
v  835.1083 1452.8328 -50.8831
v  830.4333 1451.8147 -50.5358
v  794.9089 1446.9838 -54.9326
v  794.1920 1449.7969 -60.2075
v  794.8922 1454.7971 -63.4077
v  796.2974 1461.7356 -61.9513
v  797.9253 1460.8850 -44.2962
v  797.8843 1465.6522 -53.5317
v  796.9153 1452.0941 -43.3907
v  796.4664 1447.2860 -48.5035
v  838.0568 1453.2535 -61.8003
v  838.5618 1451.3369 -56.5257
v  837.4484 1458.5712 -65.0264
v  836.7876 1464.0649 -62.3265
v  837.7598 1464.3267 -49.7390
v  837.1223 1466.4677 -56.2776
v  838.7465 1457.9326 -47.3211
v  838.8558 1452.7661 -51.0341
v  851.1603 1451.0306 -57.5699
v  850.5054 1453.5864 -63.3046
v  849.7108 1459.3264 -65.5057
v  849.0001 1464.1603 -62.3997
v  850.0376 1465.7878 -57.3290
v  849.8680 1464.3445 -51.8240
v  851.1198 1458.8920 -48.6747
v  851.4637 1452.9746 -51.4878
v  846.5223 1452.5774 -101.9068
v  849.3970 1451.5638 -98.5502
v  843.9542 1446.2035 -97.7864
v  841.8389 1448.5657 -101.6194
v  846.3783 1456.8512 -97.1033
v  845.3012 1456.4751 -99.4858
v  840.4265 1452.8992 -102.9078
v  839.7753 1457.2539 -99.7251
v  846.4146 1456.1606 -92.2227
v  846.8448 1456.7384 -94.5145
v  840.4001 1458.3567 -93.7714
v  841.1276 1457.2161 -90.7429
v  842.7253 1453.5413 -88.1275
v  848.0772 1452.5264 -90.8523
v  843.9932 1448.8608 -88.8192
v  844.7807 1446.0748 -93.5208
v  850.2159 1451.4705 -94.6588
v  840.0299 1458.4414 -96.1578
v  795.1453 1448.7581 -86.3478
v  793.6164 1450.6483 -92.5774
v  803.4625 1449.8140 -94.0711
v  804.8322 1447.8617 -88.0936
v  792.4338 1455.1272 -96.2803
v  802.5346 1454.2515 -97.2407
v  792.1244 1461.0007 -95.4136
v  802.5545 1460.0703 -96.3229
v  795.4028 1463.9860 -80.3185
v  805.5894 1462.7482 -82.4147
v  803.7958 1464.1680 -90.2811
v  793.5719 1465.5352 -88.8214
v  796.2644 1457.6194 -76.5269
v  806.5447 1456.6315 -78.9590
v  796.1300 1451.0825 -79.6395
v  806.0629 1450.2166 -81.5821
v  825.0250 1446.5000 -91.8041
v  823.7414 1448.3070 -97.4774
v  833.1149 1447.4714 -99.7832
v  835.6896 1444.7898 -94.0806
v  823.0564 1452.7739 -100.5631
v  832.0582 1452.8494 -102.0415
v  822.9721 1458.1835 -98.8158
v  831.8409 1457.6816 -99.3531
v  823.7780 1460.8486 -93.2003
v  825.0406 1459.7354 -86.8792
v  833.5400 1458.3026 -88.9257
v  833.2883 1459.4458 -94.1534
v  826.0607 1454.6195 -83.0730
v  834.6931 1453.8877 -85.6758
v  825.6833 1448.5443 -85.6798
v  835.1324 1447.4897 -87.0977
v  782.8315 1450.3394 -91.1715
v  784.2652 1448.4686 -84.7114
v  782.4489 1455.1119 -95.5456
v  783.2949 1462.0134 -94.7219
v  788.3019 1464.7620 -78.4865
v  786.3359 1466.9756 -87.6377
v  787.6758 1457.1892 -74.8690
v  786.1497 1450.7266 -78.0652
v  813.6285 1449.0037 -95.5529
v  815.1024 1447.1910 -89.9331
v  813.1547 1452.9934 -98.8323
v  813.6338 1458.6217 -97.8114
v  816.3186 1461.0701 -84.8454
v  814.8608 1462.4551 -92.0811
v  816.9404 1455.2599 -81.3442
v  816.0693 1449.5027 -83.9236
v  790.6711 1448.8867 -85.5855
v  789.1027 1450.7021 -91.8975
v  787.8463 1455.1895 -96.0701
v  787.6467 1461.3942 -95.1787
v  789.5709 1466.2532 -88.2728
v  791.4036 1464.4524 -79.3690
v  791.5989 1457.7695 -75.5527
v  791.5840 1451.1628 -78.8382
v  820.3640 1447.2965 -90.8543
v  819.1220 1448.8494 -96.3355
v  818.5430 1452.7021 -99.7651
v  818.5876 1458.3698 -98.5097
v  819.9205 1461.5686 -92.7945
v  821.2562 1460.3450 -85.9605
v  821.6136 1454.9961 -82.1468
v  821.1160 1449.3513 -85.0677
v  757.5448 1386.9309 38.3885
v  755.9834 1384.2198 34.0664
v  760.7607 1382.6876 31.1530
v  766.6357 1386.2769 36.4289
v  763.9069 1395.0001 37.0658
v  757.7795 1392.8600 38.1694
v  763.3591 1387.0095 26.1575
v  766.1409 1391.8750 28.7691
v  764.9791 1396.4102 31.2530
v  743.9392 1388.4506 27.2932
v  747.4692 1386.3881 21.3905
v  753.0989 1391.1757 16.6795
v  755.7115 1399.5659 18.4989
v  754.3868 1404.6133 24.2694
v  749.7222 1403.2075 30.0338
v  745.3461 1398.3792 32.0380
v  743.3707 1392.9203 30.8921
v  720.1996 1396.4592 13.2818
v  727.1706 1395.9204 6.2255
v  734.0394 1401.3440 2.7950
v  735.9933 1409.3342 5.1883
v  732.6219 1413.8063 10.3708
v  727.2420 1413.9397 15.3827
v  721.5630 1410.2373 19.4736
v  718.0934 1402.7610 19.0514
v  731.8627 1392.2144 21.1742
v  736.2681 1391.2039 14.3161
v  742.1440 1396.0730 9.5858
v  744.8344 1404.8416 11.1464
v  742.4198 1409.8756 17.2894
v  737.3962 1408.8672 23.2232
v  732.9747 1403.9772 26.7252
v  730.7553 1397.3424 25.9159
v  731.5790 1393.1891 10.9989
v  726.1301 1393.5638 18.2695
v  737.7740 1398.3809 6.4775
v  740.0736 1406.8728 8.2004
v  737.5223 1411.5326 14.1085
v  732.5422 1411.3499 20.0822
v  727.3726 1406.8259 24.4208
v  724.8672 1399.3217 23.7034
v  162.2967 124.7534 -63.1625
v  164.9552 126.8955 -85.5163
v  155.1591 128.0777 -105.3355
v  140.8983 130.4778 -124.0248
v  116.9799 132.1117 -121.5915
v  97.3656 133.0312 -104.0616
v  83.8238 132.4582 -79.2845
v  84.2046 124.2299 -40.5405
v  84.8066 23.3761 174.5805
v  86.2976 15.3066 176.9120
v  91.7419 17.8938 172.1952
v  89.8292 23.0241 172.5211
v  111.7546 24.0954 164.1339
v  112.0184 16.8698 165.6027
v  116.7120 18.7521 162.3233
v  115.4871 23.6488 162.4230
v  138.1556 21.5227 157.3039
v  138.3980 14.2391 158.3705
v  143.2411 15.7192 154.8550
v  141.8760 21.4014 155.3735
v  162.4217 19.5258 140.7025
v  161.5293 13.0168 143.1973
v  165.1610 13.4288 139.5183
v  165.0606 18.4055 139.0885
v  151.1551 116.4366 -33.8678
v  99.1338 133.3428 -18.5391
v  103.4002 24.3291 -34.9055
v  98.0845 18.9573 11.2822
v  75.6523 29.6736 5.7562
v  82.6741 40.9966 -39.3497
v  125.9287 17.8539 -32.2545
v  120.3339 16.2688 14.2333
v  148.1812 17.8811 -29.0443
v  141.9011 17.0028 13.8305
v  162.5780 36.4802 -29.4824
v  160.2424 26.3404 10.6775
v  157.9142 75.4218 -37.4476
v  159.9733 51.3830 9.0808
v  136.4794 127.4641 -17.9590
v  118.5124 134.0960 -11.9156
v  103.2969 18.8985 -75.5643
v  131.2677 11.4013 -75.5752
v  157.0476 14.8392 -66.5797
v  101.0860 14.6616 -112.3411
v  135.7333 7.8636 -112.8054
v  165.6110 15.8337 -98.6382
v  167.6320 38.4433 -61.7419
v  170.6598 38.1357 -90.3345
v  81.7559 39.7640 -76.4215
v  82.9003 35.9488 -111.2220
v  74.4293 83.7737 7.0006
v  62.7606 63.7494 57.2991
v  90.9632 77.2865 60.9976
v  93.5605 102.1517 14.2460
v  62.9951 17.7861 55.4388
v  47.7494 40.3121 54.8923
v  64.6169 56.7423 3.0856
v  91.8083 12.3684 58.6178
v  117.2316 13.8425 59.9072
v  140.3436 14.6460 58.9441
v  161.4543 18.4691 56.1568
v  155.1064 54.9688 59.8364
v  167.8859 37.7519 55.9527
v  148.8531 75.4778 8.7407
v  138.1180 67.6445 62.6480
v  136.6990 94.7495 13.0853
v  116.6057 77.8199 61.4065
v  117.0394 106.5945 16.8860
v  163.9828 66.9956 -63.0096
v  166.7687 64.5532 -88.5011
v  167.4212 94.3580 -87.0437
v  165.0930 92.0774 -62.9651
v  163.4634 63.2516 -117.3131
v  158.4455 95.2229 -111.1878
v  141.5483 63.7018 -146.8651
v  140.9738 97.6441 -133.9894
v  104.6192 65.8304 -138.2234
v  113.0249 98.3958 -127.8267
v  85.1098 68.8190 -110.3044
v  93.0152 99.4400 -106.4523
v  79.0140 71.6103 -79.4886
v  82.2029 97.8646 -79.6327
v  77.6833 80.8780 -48.0404
v  44.6669 16.0730 167.4875
v  46.0216 10.9119 162.8423
v  51.9938 8.9531 164.2720
v  51.5045 14.8877 173.0318
v  102.8906 19.6176 161.2501
v  103.5309 17.0557 158.4057
v  106.7145 14.1816 160.3009
v  106.3688 17.2676 165.1869
v  129.5917 13.7810 152.6136
v  132.9081 10.9477 153.4036
v  132.9910 15.1237 158.5625
v  129.2554 17.6820 155.7642
v  152.2518 13.8512 139.2279
v  154.4274 10.1185 140.3083
v  156.7797 14.8413 143.7866
v  153.5223 17.7387 141.1922
v  41.7598 43.7797 120.9556
v  55.9835 54.2632 100.0867
v  38.3275 34.0802 90.9325
v  37.5253 30.5677 117.3867
v  171.7357 25.5436 107.4496
v  165.3410 19.6122 108.4010
v  162.4250 16.3688 89.6757
v  171.2966 30.2652 85.3500
v  57.2096 23.0713 168.3553
v  58.9115 15.6606 171.4450
v  63.8434 17.4729 165.9144
v  61.5389 22.5522 165.1971
v  80.1718 10.9558 169.8779
v  78.8199 15.1536 176.6948
v  74.4502 17.5943 170.6650
v  76.1969 13.7860 167.5212
v  68.9095 27.4026 122.6860
v  56.3995 21.3866 118.3628
v  57.5121 16.1116 96.0804
v  90.0894 60.8484 102.2809
v  90.0611 16.8229 97.6401
v  116.6588 18.7691 97.8468
v  140.9883 17.5773 95.2367
v  164.5616 41.8537 87.2108
v  146.4625 51.7807 94.0693
v  156.7339 47.2936 90.2570
v  116.8977 59.6670 102.7403
v  135.6266 56.1747 97.0908
v  169.1503 33.3977 -117.0437
v  141.1408 25.2796 -144.0504
v  99.3926 30.1053 -137.8990
v  39.6219 26.0376 136.1848
v  41.3083 35.9594 139.1751
v  46.8191 21.9690 116.9402
v  45.6313 19.4677 134.2920
v  55.0460 17.5315 134.3238
v  69.3616 33.9164 129.0542
v  66.9579 27.9404 139.9327
v  63.8887 21.1649 136.5972
v  68.3722 42.9921 126.5841
v  62.9048 35.7544 140.9934
v  53.4616 48.2661 124.1501
v  52.2376 40.4264 141.1497
v  57.9980 9.8508 163.6316
v  62.7218 12.5574 161.8153
v  51.5399 23.0577 169.1678
v  46.2419 22.0201 166.1780
v  40.8695 19.7886 152.9950
v  44.2333 27.5248 154.3143
v  44.7926 13.1529 150.3872
v  54.6781 10.5067 150.9525
v  66.9715 21.5090 153.7339
v  63.6859 14.5072 150.7092
v  61.8016 28.2302 154.7208
v  52.9609 29.9695 156.5702
v  97.6502 37.0478 135.7217
v  97.6765 47.6998 130.0633
v  92.0914 41.5569 142.4025
v  94.6994 33.9457 142.3864
v  83.3140 51.4932 126.9779
v  82.5499 44.8997 141.7353
v  72.7652 31.8324 138.4989
v  73.6863 39.2416 140.0658
v  76.5297 27.7751 136.1103
v  83.8458 26.5464 120.9892
v  84.0279 25.9003 136.2020
v  91.5214 28.2442 138.7652
v  96.9301 30.7466 125.4370
v  79.8035 23.2270 174.2245
v  75.7426 22.5288 171.2941
v  85.9183 10.9691 170.1274
v  90.5069 13.6680 168.5803
v  90.4085 28.6570 164.0956
v  94.0553 22.6130 163.5445
v  93.6617 28.4730 152.9301
v  90.3756 35.2758 152.7770
v  82.3758 30.2398 165.1653
v  82.3653 37.8933 152.5023
v  73.6715 26.9557 150.0293
v  73.4084 21.6721 161.2302
v  75.5500 27.3734 162.7594
v  75.0465 33.4413 151.2846
v  77.3496 22.6944 147.9686
v  76.5121 16.5552 159.0271
v  83.9185 21.0701 148.2160
v  83.6772 13.5712 160.0761
v  91.2939 16.3243 160.6840
v  90.6084 22.7664 150.2860
v  123.8820 45.5753 128.2406
v  111.7061 51.5608 127.0865
v  111.4856 45.6447 140.2813
v  119.4938 41.3089 139.7277
v  101.1786 35.4757 139.2194
v  103.1612 42.0875 139.9567
v  103.8455 31.5477 135.9846
v  110.5623 28.3163 121.1765
v  109.9483 29.2440 134.4590
v  124.0800 35.4834 133.0479
v  120.7120 34.3288 138.4048
v  117.0953 30.5343 135.5176
v  123.4726 30.5588 123.6952
v  107.5225 24.4146 163.8996
v  104.2229 24.3259 161.7451
v  115.8285 15.7997 159.4140
v  111.6092 13.5958 160.6847
v  110.1543 30.7905 158.1833
v  116.5324 28.9232 156.7868
v  117.8024 35.5247 148.8339
v  110.9549 38.7058 149.7636
v  101.5711 30.7192 146.6121
v  101.3490 24.8621 154.2866
v  104.0960 29.6249 156.4040
v  104.0543 36.1268 148.6795
v  104.3809 26.4725 144.2866
v  103.4141 20.4006 151.7562
v  109.8597 24.4979 143.4324
v  109.5086 16.8838 151.9951
v  119.3045 23.7229 154.8487
v  116.4430 19.2128 152.1834
v  115.9436 25.6566 144.2655
v  119.6161 29.6855 146.5749
v  137.6841 46.3407 121.8017
v  138.6996 41.2540 135.3362
v  146.6565 35.3419 132.5508
v  149.5706 37.8324 119.4993
v  127.2913 32.6147 136.0173
v  129.3837 39.0816 136.7882
v  130.2271 28.3010 132.8669
v  136.6322 25.5420 118.2095
v  136.7603 24.8175 130.2672
v  149.8939 29.8045 124.5719
v  147.7192 28.6942 131.0168
v  144.1566 25.0602 129.7379
v  148.5701 26.3064 118.2711
v  134.3397 21.9103 157.3309
v  131.2231 22.4075 155.6853
v  141.7718 12.1632 151.7614
v  137.6028 10.2173 153.2272
v  138.1013 35.6824 144.3323
v  136.8506 28.5120 152.1975
v  143.2370 26.4484 150.4713
v  145.0720 31.4391 142.1264
v  127.5061 27.7721 142.5353
v  127.5504 22.3228 149.5513
v  130.6773 27.5542 151.0418
v  130.1886 33.6044 144.3657
v  130.5930 22.9235 140.0883
v  129.5126 16.7972 146.9132
v  136.3698 20.4982 138.5528
v  135.5500 13.1559 146.3422
v  146.0748 20.0681 148.1214
v  142.5398 15.1742 145.6505
v  142.4893 21.3588 138.3320
v  146.4795 25.1297 139.7088
v  160.5464 38.7015 113.1739
v  162.8348 34.2941 123.8790
v  169.8433 30.2129 120.9838
v  168.8401 34.3628 109.5736
v  152.8508 27.3949 125.6118
v  155.3491 31.7751 125.2413
v  153.2081 23.3321 123.4985
v  158.0921 21.0735 111.1295
v  157.8392 19.5945 120.3209
v  170.3078 22.8168 118.7134
v  164.3511 19.2148 118.5444
v  159.3843 20.6136 141.1946
v  156.4120 21.3928 140.4623
v  163.4141 9.2024 137.7716
v  159.1504 7.6893 139.9608
v  162.8365 29.3428 130.9499
v  161.9795 24.2892 137.1927
v  166.5790 21.4123 135.4169
v  168.4036 25.7174 128.9890
v  152.5435 24.2513 130.9950
v  152.3589 20.7124 136.7293
v  156.4851 24.5680 137.3283
v  156.3384 28.4771 131.7991
v  152.9091 19.2106 128.6638
v  151.9966 15.3066 134.5385
v  157.2830 15.6960 126.4819
v  156.2054 10.2028 133.4370
v  167.5090 15.5115 134.0905
v  163.3143 10.8868 132.3467
v  163.4556 15.7881 125.8111
v  168.6166 19.4522 126.8142
v  -0.0000 1578.7615 29.0085
v  -0.0000 1567.4595 21.9193
v  15.9089 1569.3611 18.3442
v  21.4021 1583.4977 27.0775
v  43.9679 1595.5349 8.4003
v  30.4806 1572.8002 7.8133
v  38.9948 1575.9063 -5.1408
v  48.7120 1600.6248 -9.0344
v  41.3772 1578.3225 -15.9414
v  49.6595 1603.0933 -18.9743
v  42.1773 1580.0437 -23.2061
v  50.1614 1604.6969 -26.1633
v  42.2958 1581.8341 -30.5202
v  50.1916 1607.1660 -33.4692
v  41.5059 1583.3433 -37.2818
v  49.0331 1609.1233 -41.0348
v  40.1696 1585.8992 -44.9770
v  47.1790 1611.3405 -48.8796
v  37.7813 1586.8215 -51.8797
v  43.5947 1612.3326 -56.3690
v  33.4174 1587.6262 -58.8563
v  38.7388 1613.2202 -63.3411
v  27.7790 1589.6033 -63.0252
v  32.7028 1615.0222 -68.9955
v  20.1030 1590.2031 -65.4800
v  24.8529 1615.7690 -73.0079
v  13.3458 1591.8525 -66.4739
v  16.9073 1617.3724 -76.0063
v  5.8685 1592.1746 -66.8198
v  8.4497 1617.5864 -78.3125
v  -0.0000 1593.0331 -67.0986
v  -0.0000 1617.4651 -79.3321
v  -0.0000 1552.3354 20.6743
v  14.1831 1553.1067 16.6319
v  27.5723 1553.6140 8.0939
v  37.6232 1554.6826 -3.0988
v  41.6244 1559.0057 -17.4261
v  41.3110 1561.6438 -32.1282
v  37.2331 1565.1149 -46.3266
v  27.9934 1567.9835 -57.7590
v  14.5595 1568.6974 -62.3275
v  -0.0000 1572.4222 -63.1011
v  0.0000 1315.1215 -90.5284
v  817.2338 1451.3767 -60.9953
v  817.8214 1449.0151 -55.5930
v  816.9061 1457.4716 -63.9562
v  816.5546 1462.9603 -61.7393
v  817.8091 1462.9038 -46.9284
v  817.0079 1466.1263 -54.6315
v  818.5873 1456.1487 -44.9656
v  818.3335 1450.0320 -49.4981
v  -102.4945 1215.6843 -9.2291
v  -111.0468 1267.4238 -5.6123
v  -91.5487 1264.5220 -38.2260
v  -80.5848 1210.5153 -34.1341
v  -63.9917 1263.6438 -60.3774
v  -52.9900 1204.1213 -46.5377
v  -31.7680 1262.7660 -69.9536
v  -25.8508 1198.5857 -48.1261
v  -47.8459 1206.8167 139.6599
v  -38.4417 1269.2368 147.9249
v  -85.2514 1258.4080 123.4467
v  -86.4167 1211.4819 107.8204
v  -106.4876 1218.1959 66.9940
v  -110.1561 1275.9740 80.8449
v  -118.7730 1270.8959 32.3497
v  -111.6056 1218.5688 26.0270
v  -40.1119 1312.0316 -95.6586
v  -78.2229 1311.3474 -74.3101
v  -92.3201 1357.2825 -89.5356
v  -44.6969 1358.4615 -115.2575
v  -131.4547 1318.1187 34.3703
v  -123.1348 1321.2085 70.4745
v  -129.0800 1359.0934 68.5474
v  -158.0809 1367.9047 30.0299
v  -53.0748 1518.5289 -53.9613
v  -81.1659 1503.1072 -69.8806
v  -91.4916 1516.3252 -47.7210
v  -62.1847 1517.6497 -33.4694
v  -41.5695 1522.5530 -71.5871
v  -67.6604 1478.3711 -95.8312
v  -29.2353 1486.9950 -98.1724
v  -20.8214 1521.6494 -77.7067
v  -23.5268 1481.6848 47.4227
v  -18.6925 1508.3074 28.6403
v  -48.0889 1489.2003 38.5820
v  -36.7529 1512.9385 20.0681
v  -72.4854 1497.2816 25.8803
v  -51.6338 1517.9874 6.5572
v  -60.1933 1517.7314 -11.3662
v  -98.8175 1506.6887 6.2199
v  -96.6811 1516.7612 -26.5300
v  -44.1350 1537.0476 -31.2985
v  -40.3607 1540.1364 -46.8893
v  -30.0211 1542.4824 -59.0028
v  -15.1285 1542.8051 -63.5507
v  -14.6937 1534.6648 18.3112
v  -28.7963 1535.1708 10.0866
v  -39.4418 1536.0249 -1.4458
v  -44.0838 1536.0989 -16.0076
v  -41.5247 1406.7445 -124.2068
v  -92.6501 1397.5128 -114.7233
v  -78.9203 1437.5959 -119.0753
v  -36.0216 1451.2490 -117.8848
v  -28.9799 1425.3877 109.1422
v  -27.8335 1457.1229 76.2350
v  -72.7325 1448.8032 94.0224
v  -60.6307 1467.6510 64.7664
v  -93.1325 1474.1708 51.6313
v  -114.0503 1446.3927 78.3648
v  -135.3949 1447.1232 57.5513
v  -121.3921 1472.9578 38.1083
v  -90.1194 1163.7980 -49.4127
v  -115.0725 1170.5469 -21.0011
v  -60.1018 1153.3721 -68.3399
v  -28.8359 1143.3651 -78.5283
v  -54.1175 1140.3506 132.6647
v  -94.4046 1154.2606 99.9264
v  -123.7608 1167.4329 61.9624
v  -129.0734 1172.4407 17.4202
v  -108.3273 1310.4121 -42.3564
v  -126.1354 1313.3145 -4.7705
v  -12.2040 1322.2484 149.7367
v  -11.0296 1373.9041 137.4163
v  -144.5273 1423.8046 59.9936
v  -147.4036 1397.7521 48.9513
v  -138.8692 1389.7179 74.1115
v  -135.7151 1419.0225 80.1456
v  -161.2822 1355.4076 -9.3980
v  -142.0279 1348.2571 -47.5258
v  -105.1557 1336.0643 190.8950
v  -82.9740 1365.7252 192.1488
v  -101.1155 1371.8450 183.1759
v  -71.2857 1347.8501 198.2889
v  -71.1373 1326.1794 199.7176
v  -82.6100 1307.8298 194.3497
v  -100.9024 1302.1982 185.3500
v  -118.4012 1308.0416 175.9576
v  -128.0302 1322.6816 169.4753
v  -128.9494 1338.6682 167.5434
v  -115.9157 1365.5469 174.5611
v  -124.9858 1352.7728 169.0429
v  -65.8797 1385.6991 178.5242
v  -96.2984 1396.3899 166.4186
v  -46.4716 1357.9928 188.5852
v  -45.1353 1323.2231 191.9126
v  -64.0623 1294.2661 183.3057
v  -94.7184 1283.7766 170.9200
v  -123.2916 1292.1826 156.7924
v  -139.2160 1317.2076 146.6536
v  -139.5121 1342.2318 144.3266
v  -133.1686 1363.5708 147.0029
v  -119.9109 1384.5120 154.3672
v  -115.6467 1423.4977 109.0411
v  -82.9401 1430.3182 123.4106
v  -43.2192 1412.4856 137.8675
v  -18.3768 1372.9880 153.7370
v  -17.3107 1323.7395 163.3197
v  -44.5091 1283.4364 156.7570
v  -85.7851 1269.7942 137.8478
v  -117.6945 1284.8079 111.1683
v  -138.0564 1318.4497 96.7588
v  -140.7310 1353.0546 94.0125
v  -138.6317 1382.4104 97.9620
v  -130.0402 1406.5254 103.3823
v  -90.5952 1414.9089 145.9374
v  -121.9202 1401.0536 129.3974
v  -53.3725 1400.9977 159.0169
v  -29.1479 1367.5481 172.2751
v  -26.8040 1323.8569 177.9416
v  -50.9206 1287.6211 168.9751
v  -88.7324 1274.7966 152.9305
v  -123.6802 1285.2922 134.2367
v  -143.7045 1316.6239 121.3021
v  -143.9287 1347.1667 118.7379
v  -137.1732 1373.5219 122.6642
v  -167.0832 1434.2529 43.6662
v  -176.3005 1410.1492 29.3849
v  -179.7460 1394.3503 10.1117
v  -179.5340 1382.1135 -13.5003
v  -157.0564 1372.6929 -42.0082
v  -152.3675 1377.2552 -76.3661
v  -125.8278 1395.1565 -103.6278
v  -119.6742 1420.8040 -113.7118
v  -108.7444 1453.7418 -106.0766
v  -113.7375 1489.6161 -85.7924
v  -125.3242 1508.7935 -61.2734
v  -130.8099 1508.2545 -31.7493
v  -138.5453 1499.6079 1.5961
v  -150.9347 1471.7686 29.3578
v  -194.5915 1418.3713 19.6933
v  -190.9529 1441.3723 29.4444
v  -226.1267 1451.2792 15.9932
v  -231.6714 1425.8103 11.3524
v  -246.3463 1409.4644 -7.5710
v  -199.1419 1395.5365 -12.3292
v  -196.5397 1406.8472 6.5841
v  -244.4117 1398.3694 -33.5690
v  -192.6940 1389.0907 -36.9401
v  -236.3872 1400.4734 -59.9414
v  -185.1046 1391.9785 -62.8911
v  -227.3474 1409.3524 -81.1040
v  -174.9008 1396.0680 -91.3952
v  -215.3939 1424.4055 -100.0619
v  -163.3873 1416.2350 -109.3369
v  -194.6699 1443.2744 -112.1106
v  -167.7357 1440.8210 -113.8693
v  -189.4969 1470.2756 -102.6964
v  -164.4199 1469.7390 -103.8473
v  -188.7395 1492.2241 -79.4016
v  -170.0970 1492.1654 -78.2508
v  -201.1832 1487.2230 -21.1659
v  -180.8851 1488.5728 -11.3313
v  -173.8768 1500.8657 -43.7658
v  -195.9413 1497.0399 -50.0012
v  -208.3169 1470.9557 1.7492
v  -191.8394 1467.1530 14.5143
v  -141.3974 1444.7883 -112.4592
v  -144.3828 1479.7419 -99.5557
v  -152.0173 1501.1378 -73.8352
v  -156.9395 1504.1394 -37.5122
v  -166.5327 1491.7739 -3.2167
v  -176.0231 1468.3628 22.7169
v  -280.3262 1468.4830 8.4633
v  -285.3320 1439.4380 9.7810
v  -287.3904 1415.1848 -5.4562
v  -285.9144 1400.6423 -29.8276
v  -281.0862 1399.7584 -57.3599
v  -275.8995 1408.9498 -81.4817
v  -271.7740 1426.6401 -100.8483
v  -222.1905 1446.4055 -108.0025
v  -270.0309 1454.2312 -110.3061
v  -221.2390 1470.9657 -100.7144
v  -266.6827 1476.7946 -97.1099
v  -220.0211 1487.9194 -78.6376
v  -261.9923 1494.2671 -69.3268
v  -268.8994 1493.0327 -37.3315
v  -226.2801 1484.5012 -31.1922
v  -221.9359 1491.5220 -56.9709
v  -229.8546 1466.0571 -4.5700
v  -272.8013 1482.1798 -9.1932
v  -104.8012 1125.5173 -74.6812
v  -130.5684 1131.9661 -37.4370
v  -71.8848 1112.0958 -106.0158
v  -30.8387 1081.8743 -126.6199
v  -59.9952 1069.1777 114.4390
v  -108.5760 1103.8013 92.1316
v  -138.0111 1123.5247 53.5317
v  -143.4775 1131.1775 6.4393
v  -19.3215 990.5760 68.3515
v  -10.7412 979.1132 32.9065
v  -34.7152 1014.6696 96.0572
v  -176.7997 664.8699 -12.5244
v  -183.5318 662.3325 18.0256
v  -212.0224 758.6782 17.7430
v  -202.2523 757.8959 -31.0253
v  -168.4922 753.5793 -68.9350
v  -156.5451 662.6835 -37.1338
v  -121.9858 749.9296 -80.7356
v  -127.2336 659.8625 -47.2011
v  -77.9008 747.6337 -64.5745
v  -98.3151 658.3531 -36.3028
v  -49.8894 747.7119 -25.6848
v  -76.0689 658.5145 -11.2667
v  -40.5931 746.3400 18.1448
v  -66.7689 654.0223 18.7879
v  -49.1037 744.7766 60.4461
v  -73.8091 649.3865 49.8435
v  -77.4895 745.5433 93.8959
v  -92.6338 645.9089 79.3703
v  -127.0158 646.1998 88.8763
v  -120.9993 748.6909 108.3607
v  -158.2551 651.6495 74.4169
v  -165.3511 752.8268 95.7434
v  -176.5679 657.1929 47.7624
v  -197.1116 756.6238 62.6801
v  -55.7503 1006.0933 87.0192
v  -29.9092 984.6481 68.0153
v  -15.3613 973.9420 33.2141
v  -7.5678 975.6854 -9.9409
v  -12.3237 970.7462 -9.5160
v  -12.3309 970.1859 -55.2019
v  -5.2254 971.8721 -56.5647
v  -7.1468 969.6317 -103.6015
v  -2.7484 975.2002 -105.6176
v  -47.8166 1045.6160 -144.5685
v  -85.2909 1076.9825 -131.9072
v  -121.2911 1092.6390 -94.5991
v  -148.5390 1100.6427 -51.2315
v  -158.5128 1098.3923 -1.9653
v  -154.1384 1090.4952 47.9187
v  -127.4311 1070.3373 85.1065
v  -94.6590 1036.4595 92.8271
v  -39.7575 908.8212 96.6208
v  -33.3469 956.3121 84.3578
v  -71.2496 966.9442 104.2639
v  -85.5028 919.0867 108.3785
v  -13.3416 901.8202 52.1674
v  -15.1713 947.8868 42.5526
v  -10.0208 898.1973 1.2162
v  -11.1994 942.8380 -3.6265
v  -18.5856 897.5261 -46.6360
v  -16.1498 941.2593 -48.0470
v  -74.0834 908.9786 -101.9926
v  -69.1175 953.5884 -130.4824
v  -41.6901 947.8591 -112.5030
v  -45.4186 908.5966 -85.2878
v  -114.7318 914.1241 -106.5282
v  -113.8081 967.2823 -130.2171
v  -158.4797 922.7278 -89.7681
v  -154.8731 981.6727 -102.1259
v  -192.8191 931.4802 -51.2513
v  -183.2330 992.7258 -57.5103
v  -197.1855 999.2246 -4.7616
v  -212.3213 937.9071 -0.0733
v  -191.5355 999.9755 49.4149
v  -204.0311 938.7980 55.2846
v  -157.7880 992.3505 89.8255
v  -167.0588 933.9478 96.5685
v  -113.8793 979.3445 104.8879
v  -121.8036 927.2599 112.6022
v  -221.3529 852.7925 7.7552
v  -205.2874 848.7327 -46.1258
v  -167.5263 842.9264 -83.3524
v  -117.9487 837.6210 -96.8409
v  -66.9807 841.0357 -81.0373
v  -32.9271 829.8412 -39.9717
v  -19.6934 828.7080 9.2385
v  -25.8961 829.4002 60.3132
v  -60.6101 834.8065 99.3526
v  -112.9425 842.7867 120.7304
v  -170.3643 848.9287 106.5079
v  -208.5957 852.9496 63.0445
v  -11.9815 1016.3171 -133.5343
v  -26.8649 1001.8440 -138.5147
v  -29.9208 944.7748 -85.3654
v  -63.8304 990.8214 96.5841
v  -104.5486 1008.9158 99.1684
v  -32.9311 975.4705 73.7750
v  -16.7837 966.1500 36.2391
v  -12.6332 961.6009 -7.2625
v  -18.4531 961.3683 -51.1562
v  -15.6671 959.8248 -95.6381
v  -108.6953 1007.2908 -142.6823
v  -99.0267 1041.5608 -143.2895
v  -57.6299 1016.2408 -149.1035
v  -63.9729 986.1401 -145.4620
v  -150.4715 1025.0815 -111.1622
v  -138.3720 1059.5009 -108.2910
v  -178.3733 1034.1862 -62.3000
v  -166.0494 1068.0121 -59.7641
v  -185.3425 1036.6184 -7.4307
v  -173.2040 1067.5521 -6.4251
v  -180.1371 1036.5112 45.6885
v  -167.9152 1064.6686 45.4893
v  -138.2427 1051.1637 83.5403
v  -147.5716 1026.2844 84.9955
v  -31.8407 970.6584 -129.9174
v  -304.8829 1492.6123 -42.8483
v  -308.5463 1484.2732 -18.0502
v  -315.4852 1471.8081 -0.8094
v  -319.3585 1445.9949 2.4211
v  -320.6185 1422.9934 -9.4677
v  -319.6272 1408.1611 -30.4896
v  -316.4186 1406.0687 -55.8532
v  -312.9871 1414.2203 -79.3271
v  -309.9684 1431.1953 -98.1357
v  -307.0183 1456.7881 -105.8861
v  -304.6758 1480.4071 -92.3363
v  -304.3253 1495.5857 -69.7529
v  -451.0611 1497.5701 -22.4664
v  -408.9782 1498.4976 -20.6186
v  -409.3406 1506.1208 -46.5072
v  -451.1784 1506.9880 -48.1841
v  -409.8041 1477.9768 -7.8233
v  -451.1729 1477.6033 -8.4325
v  -410.8212 1457.3818 -5.4548
v  -451.6963 1456.4797 -5.1601
v  -411.8923 1438.5413 -12.3274
v  -452.5186 1435.6736 -10.2044
v  -412.9979 1421.9695 -26.8479
v  -453.5314 1416.6794 -25.5074
v  -414.1891 1416.2003 -50.3904
v  -454.1973 1410.3584 -51.8894
v  -414.7226 1424.4329 -73.3315
v  -454.3169 1421.1016 -76.0681
v  -454.0314 1438.8997 -91.8260
v  -414.3813 1440.2285 -90.0564
v  -453.5465 1460.3489 -98.8823
v  -413.6122 1461.1741 -98.3311
v  -452.4182 1482.8630 -92.9478
v  -411.8696 1483.1649 -91.2107
v  -451.5705 1499.5382 -74.3023
v  -410.5664 1497.8529 -71.6634
v  -338.1228 1487.4607 -26.2064
v  -335.0001 1494.6995 -46.7845
v  -356.8526 1493.5591 -48.8806
v  -358.7614 1486.5411 -30.2059
v  -341.8066 1471.8494 -11.9859
v  -361.0821 1471.8940 -18.8943
v  -363.1133 1454.8439 -15.5224
v  -344.9896 1451.5391 -7.8602
v  -364.4748 1438.6058 -22.0770
v  -346.1044 1432.2908 -16.4882
v  -364.8066 1425.5157 -35.0524
v  -346.0668 1417.9719 -32.7046
v  -363.9069 1421.2317 -54.2522
v  -343.9749 1414.6028 -55.0306
v  -362.6607 1426.5942 -73.4417
v  -341.6275 1421.4656 -76.1433
v  -361.0140 1439.9415 -89.4261
v  -338.9694 1436.8398 -92.4088
v  -359.4326 1459.6545 -101.3074
v  -336.1609 1458.2627 -100.9123
v  -357.0924 1478.4644 -87.9452
v  -333.8555 1478.0100 -88.5258
v  -356.2513 1490.3147 -69.6250
v  -333.4121 1491.2410 -69.5846
v  -379.4244 1497.3320 -48.3833
v  -379.5452 1491.1449 -27.5511
v  -381.5180 1474.5640 -16.1193
v  -382.8831 1456.6650 -12.8914
v  -384.2819 1440.6028 -20.5336
v  -384.7393 1427.5957 -33.6142
v  -385.4618 1423.0146 -52.6557
v  -384.8860 1427.9834 -72.3520
v  -383.8372 1441.5719 -87.7379
v  -382.7781 1460.4408 -97.1508
v  -380.9254 1479.0656 -87.1414
v  -379.7911 1492.1414 -69.9010
v  -509.1469 1496.1549 -52.2217
v  -566.4230 1484.5996 -55.8213
v  -566.4302 1478.1008 -39.2772
v  -508.8123 1487.7531 -32.0148
v  -508.3735 1472.1403 -20.9160
v  -566.5149 1466.1545 -29.4595
v  -508.5162 1455.6013 -18.4462
v  -566.7679 1453.2837 -27.1937
v  -509.2972 1439.9772 -23.1682
v  -567.1986 1441.5469 -31.4069
v  -510.1452 1427.6938 -35.5439
v  -567.3889 1432.1830 -41.9670
v  -510.5673 1423.5850 -54.4091
v  -567.4034 1428.3873 -57.7700
v  -510.6075 1429.4250 -72.9185
v  -567.2535 1432.6659 -73.9825
v  -510.3075 1442.4114 -86.0863
v  -566.9351 1443.1754 -85.4431
v  -566.5845 1456.6558 -89.9295
v  -509.8384 1458.8549 -91.5241
v  -566.3474 1470.7087 -86.1743
v  -509.3708 1476.6588 -88.0965
v  -566.3698 1481.6617 -73.7799
v  -509.2430 1491.4203 -73.9959
v  -609.6936 1475.8867 -57.9758
v  -611.0069 1470.5454 -42.0048
v  -612.6054 1458.6609 -31.8991
v  -612.8047 1447.1621 -31.1766
v  -612.7662 1439.2402 -37.2704
v  -610.4321 1432.8892 -46.9160
v  -608.7085 1429.9119 -61.0772
v  -608.0478 1433.2633 -76.7967
v  -607.9658 1443.2649 -88.4683
v  -608.1761 1455.7861 -91.2900
v  -608.4749 1466.5198 -85.4336
v  -608.9362 1473.9426 -73.7120
v  -175.1488 575.2822 -31.6315
v  -189.6004 525.5383 -51.0367
v  -193.0453 517.6345 -19.4112
v  -181.1447 568.6486 -6.7597
v  -158.6806 580.3292 -51.7798
v  -169.8948 531.9090 -79.5820
v  -132.9784 582.4559 -62.6482
v  -134.3316 533.2925 -91.3473
v  -106.1825 577.5690 -53.9270
v  -101.4958 528.0413 -77.0276
v  -84.3174 570.1570 -34.7366
v  -84.3671 519.8465 -49.5787
v  -76.1906 561.0840 -7.0359
v  -81.0230 511.7017 -20.1099
v  -81.5894 552.5494 22.8426
v  -88.5456 504.7645 7.4188
v  -103.0935 546.4698 47.6094
v  -108.2882 499.9457 27.6939
v  -134.0130 545.4965 57.7160
v  -134.6758 498.9246 36.0911
v  -160.5923 552.8596 42.5093
v  -161.6935 502.7491 28.7527
v  -177.0961 560.8741 19.4497
v  -182.9830 509.4189 9.3476
v  -198.0008 455.6697 -30.3547
v  -195.1522 463.5281 -65.0188
v  -177.9660 367.3230 -70.5118
v  -184.1944 361.8211 -44.8232
v  -172.9393 469.7770 -95.7643
v  -159.3352 371.7286 -87.8399
v  -134.2718 470.9985 -105.8136
v  -135.6501 373.0850 -92.7689
v  -100.0477 466.7847 -90.1901
v  -113.1504 371.2742 -86.0603
v  -81.2273 459.7428 -61.9889
v  -96.0051 367.3258 -69.6236
v  -77.2818 452.1646 -30.8149
v  -88.4723 362.5090 -46.5017
v  -86.2954 445.7502 -2.2842
v  -93.5759 357.9838 -22.6695
v  -107.9909 441.3405 16.7829
v  -111.1260 354.8158 -6.8017
v  -134.6692 440.2921 23.6903
v  -132.8324 353.3994 -0.2537
v  -162.0652 442.7313 17.9254
v  -155.7443 354.1649 -4.6181
v  -185.4895 448.0751 -0.3703
v  -175.5566 356.9499 -19.8223
v  -161.6266 264.6315 -76.8647
v  -163.8503 262.1813 -58.7813
v  -151.8272 266.9709 -91.8159
v  -135.7846 268.4328 -99.2150
v  -117.8771 268.7099 -95.2724
v  -103.3798 267.5316 -81.7061
v  -96.4220 265.5884 -62.1289
v  -99.6361 263.0687 -41.8161
v  -112.7113 260.4910 -27.4597
v  -129.7301 258.7731 -22.3958
v  -146.3068 258.7216 -28.3424
v  -158.4893 260.0097 -41.3123
v  -159.7324 172.8914 -84.3294
v  -161.1178 171.6964 -65.7627
v  -152.0643 174.5062 -101.2761
v  -137.3674 176.5000 -114.3237
v  -116.9361 178.4241 -112.0179
v  -101.7305 178.8007 -95.2542
v  -92.3185 178.7459 -73.5838
v  -92.9049 177.4901 -48.7462
v  -106.7753 175.6827 -30.6760
v  -125.2888 173.5106 -25.1377
v  -143.0918 171.6194 -31.5310
v  -155.3769 170.7836 -46.6267
v  -168.7189 614.0618 -14.5161
v  -178.0997 609.6343 8.4088
v  -150.9028 615.5173 -28.1817
v  -130.2731 615.6769 -35.6121
v  -107.6777 613.2458 -30.9159
v  -82.5988 608.8541 -17.7811
v  -70.6199 601.1675 9.6574
v  -74.8259 594.2462 40.5189
v  -97.0704 588.3770 69.5894
v  -131.4938 588.4624 79.9599
v  -157.7204 596.4049 59.4645
v  -175.2733 603.3960 34.9402
v  -642.2765 1457.6400 -99.2938
v  -642.0191 1444.5917 -95.1482
v  -676.2898 1445.7660 -105.6376
v  -673.0690 1459.3677 -111.1116
v  -641.8983 1433.4141 -80.9633
v  -671.5846 1433.7020 -86.2703
v  -748.5291 1465.2563 -118.9678
v  -750.9233 1469.3223 -112.5232
v  -738.2732 1468.1042 -114.3365
v  -674.1484 1472.0598 -103.9498
v  -643.0234 1469.2817 -93.1198
v  -768.0016 1455.6963 -10.1216
v  -767.5256 1446.8157 -10.0500
v  -750.0079 1446.4050 -14.3723
v  -751.5112 1459.6362 -14.9785
v  -769.7341 1447.0195 -53.2666
v  -768.9114 1451.5702 -63.8020
v  -753.1904 1447.1267 -69.9484
v  -755.8804 1443.2443 -44.8655
v  -650.2887 1469.3809 -39.7469
v  -647.1711 1476.0007 -59.0133
v  -680.2518 1478.9597 -60.8381
v  -683.8409 1472.4518 -38.4802
v  -770.2724 1445.1554 -33.5455
v  -753.1011 1440.3003 -25.3739
v  -768.9867 1439.5872 -23.6966
v  -658.8005 1453.8624 -22.5913
v  -692.0327 1459.9277 -16.4734
v  -765.2216 1449.9648 -80.6591
v  -762.2313 1452.2141 -91.2978
v  -746.6111 1448.7544 -92.0860
v  -644.9259 1476.2688 -77.7317
v  -677.2974 1479.6813 -83.3750
v  -747.4214 1458.5616 -120.7168
v  -735.8563 1459.7085 -118.3689
v  -739.7446 1453.0701 -112.1885
v  -748.7601 1453.7012 -115.9816
v  -768.2338 1440.7932 -15.5122
v  -751.5454 1451.7847 -109.0608
v  -756.6940 1453.0850 -99.8304
v  -698.8763 1471.7034 -108.1040
v  -702.0664 1478.9313 -86.5164
v  -702.9592 1422.3345 -52.1415
v  -717.2725 1435.7640 -46.8106
v  -714.2731 1440.7292 -66.7697
v  -696.7606 1433.6025 -67.5346
v  -771.9359 1470.0435 -51.4687
v  -753.5358 1470.6353 -40.7454
v  -750.6731 1473.6860 -68.1644
v  -769.8335 1466.8484 -63.3757
v  -707.7775 1414.3589 -37.3897
v  -721.8599 1427.4341 -28.0880
v  -769.7929 1460.4663 -30.8478
v  -768.9877 1461.6580 -16.9709
v  -709.3634 1443.8669 -88.0989
v  -691.5929 1438.1189 -87.7778
v  -764.7429 1471.0084 -82.0741
v  -743.4678 1473.4977 -93.6839
v  -761.3206 1467.7090 -93.5379
v  -701.2814 1449.6874 -110.1790
v  -721.1214 1452.1171 -110.6330
v  -718.5031 1460.3625 -116.6230
v  -697.8130 1460.5669 -115.5797
v  -727.2068 1437.3931 -16.1588
v  -736.0220 1444.4353 -17.6631
v  -735.3357 1439.7959 -30.3494
v  -727.6296 1446.6044 -89.2233
v  -723.1422 1476.8590 -88.8636
v  -719.5784 1470.1647 -110.1766
v  -733.0532 1458.9517 -17.4328
v  -732.4200 1443.0477 -67.7495
v  -734.7440 1440.2651 -47.2889
v  -709.5756 1473.0350 -38.7033
v  -705.4764 1478.9613 -62.7494
v  -727.2712 1477.4360 -64.8523
v  -730.5344 1472.5831 -39.7809
v  -717.9435 1456.3347 -14.6521
v  -642.9840 1426.4338 -64.7126
v  -646.4759 1423.0138 -48.7516
v  -657.2482 1424.5468 -32.7999
v  -652.7981 1438.3203 -24.8376
v  -685.7047 1409.9258 -37.0956
v  -683.9426 1412.9646 -14.9548
v  -700.3156 1406.7971 -21.8378
v  -723.1138 1415.2310 -18.0771
v  -725.0089 1425.5914 -10.8569
v  -717.9600 1436.4993 -5.4528
v  -702.2710 1441.5953 -3.0822
v  -685.5981 1437.8315 -2.7231
v  -678.2037 1424.7585 -5.9476
v  -771.3541 1447.6075 -43.3464
v  -772.5957 1464.6815 -40.9454
v  -774.6219 1452.1909 -33.0213
v  -776.4659 1454.2114 -39.3538
v  -755.9174 1468.0564 -101.6073
v  -767.6039 1452.1803 -72.6610
v  -767.8395 1467.6517 -72.1228
v  -765.2371 1458.8799 -96.0220
v  -761.4406 1459.8323 -99.9786
v  -773.6331 1458.5491 -65.2397
v  -772.5513 1458.9276 -70.7558
v  -678.2853 1414.6841 -53.4488
v  -673.6848 1423.7163 -68.6837
v  -713.3737 1409.0129 -22.2040
v  -704.8051 1403.6323 0.1147
v  -717.0620 1402.9326 -7.7479
v  -727.6606 1408.2194 -6.2116
v  -729.2235 1416.5068 -1.8318
v  -723.2369 1421.9596 2.2675
v  -714.7001 1424.1935 5.5893
v  -705.2972 1421.2297 9.0234
v  -699.6323 1411.5732 8.0955
v  -779.4437 1438.8553 -13.0617
v  -780.3038 1437.8455 -21.0079
v  -782.6747 1456.2312 -25.2852
v  -781.5551 1458.3669 -15.9819
v  -780.2310 1452.9249 -8.7059
v  -779.3483 1445.3685 -7.9752
v  -781.6622 1442.1528 -27.5479
v  -783.0579 1449.8208 -29.4424
v  -784.2201 1446.7733 -54.6481
v  -783.9766 1450.6553 -60.8063
v  -785.1409 1456.8928 -63.4133
v  -786.4585 1463.9861 -61.3958
v  -788.0750 1467.9153 -52.9341
v  -788.2463 1462.9692 -43.5806
v  -787.7883 1452.6110 -42.0919
v  -786.0394 1446.9410 -47.0011
v  -776.1829 1448.9113 -83.3958
v  -774.5504 1451.1069 -90.4943
v  -774.1178 1456.6484 -94.9557
v  -774.5408 1464.0685 -93.4597
v  -777.6028 1469.0300 -85.8289
v  -780.2343 1466.1467 -76.3163
v  -780.6376 1458.0533 -73.2576
v  -778.4259 1451.3572 -76.2925
v  -814.1130 1456.4490 -128.4769
v  -818.1809 1455.4807 -123.0775
v  -819.8472 1461.3569 -126.0804
v  -816.4576 1460.7603 -129.1075
v  -815.4018 1463.1533 -127.7819
v  -816.7997 1464.3125 -125.4522
v  -811.6941 1459.9788 -129.5312
v  -811.1027 1463.3501 -127.4599
v  -816.3164 1463.7789 -119.2478
v  -812.3965 1464.0154 -118.1633
v  -811.8689 1465.2366 -121.2803
v  -817.2659 1464.5554 -121.7685
v  -817.5621 1461.5089 -118.3471
v  -813.7022 1461.0627 -116.3081
v  -815.5644 1457.5367 -117.1746
v  -820.3301 1461.6626 -121.7412
v  -811.4672 1465.1116 -124.2101
v  -757.5991 1452.6215 -117.2953
v  -756.7476 1457.5286 -121.8524
v  -757.7219 1464.4856 -120.6651
v  -760.0305 1468.3062 -113.7432
v  -762.6917 1465.8220 -106.1852
v  -763.9573 1459.6377 -103.4734
v  -762.2952 1454.0398 -105.4044
v  -759.7211 1451.6427 -110.8019
v  -771.8234 1451.7673 -119.7115
v  -781.0437 1452.1716 -121.4039
v  -780.0464 1456.6090 -124.8852
v  -771.0555 1456.1631 -123.7665
v  -779.9656 1462.8284 -123.6552
v  -771.0887 1462.5950 -122.5352
v  -773.7030 1464.1462 -109.4025
v  -772.3204 1466.2539 -116.1597
v  -780.9313 1466.2710 -117.7388
v  -782.2239 1464.1902 -111.4700
v  -774.4678 1458.5212 -106.8686
v  -783.0141 1458.6082 -108.9712
v  -773.9998 1453.2054 -109.2619
v  -782.9334 1453.3541 -111.3420
v  -772.8709 1450.8309 -114.1589
v  -782.1451 1451.1243 -116.1318
v  -789.7191 1452.5258 -122.9652
v  -788.7898 1456.6987 -126.4821
v  -788.8844 1462.9490 -125.1230
v  -790.9600 1464.3301 -113.1578
v  -789.9180 1466.3721 -119.3900
v  -791.4763 1458.5066 -110.7817
v  -791.3737 1453.5839 -113.3062
v  -790.7052 1451.4865 -117.8999
v  -763.7639 1456.4800 -122.9089
v  -764.2517 1451.8424 -118.4982
v  -764.6982 1463.7177 -122.0723
v  -766.6268 1467.6423 -115.1857
v  -767.9707 1465.0490 -107.9116
v  -768.1754 1458.9464 -105.0403
v  -767.1074 1453.4586 -107.2950
v  -765.5630 1450.9003 -112.4549
v  -806.9789 1454.1331 -126.5079
v  -805.0687 1458.7275 -129.0376
v  -804.5317 1463.4355 -126.6779
v  -806.1628 1464.2159 -116.7227
v  -805.7339 1465.4890 -121.8284
v  -807.7046 1460.0862 -114.1412
v  -808.6874 1455.0198 -115.9988
v  -808.5829 1452.7024 -121.2663
v  -797.7633 1453.3574 -124.4703
v  -796.3677 1457.5117 -127.8652
v  -795.8091 1463.1062 -125.8894
v  -796.3436 1465.8372 -120.4053
v  -797.6691 1464.3584 -114.5936
v  -799.0178 1459.1409 -112.0343
v  -799.3503 1454.3157 -114.8588
v  -798.8851 1452.3795 -119.5197
v  -767.2488 1456.1648 -123.3402
v  -767.6786 1451.6797 -119.0570
v  -767.7463 1463.0537 -122.3269
v  -770.5389 1464.5411 -108.6529
v  -769.3710 1466.9219 -115.6967
v  -770.9409 1458.6394 -105.8063
v  -770.0626 1453.1914 -108.1384
v  -768.7051 1450.7284 -113.2260
v  -793.4745 1452.8872 -123.6401
v  -792.4482 1456.9072 -127.2832
v  -792.4434 1462.8820 -125.6508
v  -793.4063 1466.0269 -119.9921
v  -793.9638 1464.1781 -113.7569
v  -795.2499 1458.6729 -111.4990
v  -795.5809 1453.9155 -114.2386
v  -795.1193 1451.9351 -118.7995
v  -862.9177 1463.9946 -60.1246
v  -861.8495 1463.2805 -62.4859
v  -863.4417 1459.7321 -63.8917
v  -866.5604 1459.2415 -60.9701
v  -852.5405 1445.8802 -13.1999
v  -851.9906 1441.6593 -13.4844
v  -854.3182 1441.0781 -9.1028
v  -853.2429 1446.8235 -9.4385
v  -859.6163 1455.8115 -63.8313
v  -862.1338 1453.7465 -58.4930
v  -858.2852 1459.9829 -65.3559
v  -857.0819 1463.8464 -62.6063
v  -862.5027 1463.6204 -54.0622
v  -857.8740 1463.9819 -53.1239
v  -857.1970 1465.2229 -56.6465
v  -863.2495 1464.1626 -56.9504
v  -864.5073 1459.7535 -52.7648
v  -859.5582 1459.8464 -50.4477
v  -860.7595 1455.3979 -52.2900
v  -788.8262 1443.4739 -6.9972
v  -789.2029 1451.6299 -7.2938
v  -788.6846 1438.1677 -12.1339
v  -791.3114 1440.5826 -24.9600
v  -789.3454 1437.5093 -19.1528
v  -790.9204 1447.7009 -28.0031
v  -791.6315 1454.8020 -24.2070
v  -790.1697 1457.0789 -14.8958
v  -849.6622 1445.7264 -2.7033
v  -849.2451 1442.0081 -2.3810
v  -844.1288 1442.7307 -1.4102
v  -845.0408 1447.1360 -2.8340
v  -853.2623 1441.3232 -5.0508
v  -846.7921 1437.2179 -8.5402
v  -844.3515 1438.9247 -3.7198
v  -846.6121 1438.6827 -14.0831
v  -847.4388 1442.5046 -16.6842
v  -847.7717 1447.6479 -15.1104
v  -846.6008 1449.3833 -6.5343
v  -852.0953 1446.7554 -5.2298
v  -818.3677 1437.7424 -14.3983
v  -809.5844 1437.6521 -15.6881
v  -808.9911 1438.5437 -9.5017
v  -818.2527 1438.7156 -8.7826
v  -820.9731 1451.0881 -19.8476
v  -821.0826 1453.9622 -12.6116
v  -809.9913 1455.3812 -13.2892
v  -810.5790 1452.5593 -20.8625
v  -818.7976 1443.1655 -4.3441
v  -808.7164 1443.6450 -4.9967
v  -809.1396 1451.2971 -6.0462
v  -820.0861 1450.3140 -5.4792
v  -818.9596 1440.0127 -19.4171
v  -810.1478 1440.4766 -20.9736
v  -819.9732 1444.8469 -22.3109
v  -810.5574 1446.0000 -23.5354
v  -838.2419 1436.7524 -10.2350
v  -837.3997 1438.4258 -4.9228
v  -847.4333 1449.4910 -10.5387
v  -840.5032 1450.9524 -9.5943
v  -840.4977 1449.2235 -16.3762
v  -828.5148 1450.7068 -4.1301
v  -827.9135 1443.9984 -2.5513
v  -823.1955 1442.7454 -4.0371
v  -824.7389 1449.7430 -5.1795
v  -828.2563 1439.5032 -6.5699
v  -822.4807 1438.6536 -8.5349
v  -829.7842 1440.0884 -16.8951
v  -823.0701 1439.7562 -18.6888
v  -822.4960 1437.8416 -13.8557
v  -828.9830 1438.4054 -11.8683
v  -830.5290 1444.6592 -20.1315
v  -824.2031 1444.1843 -21.8857
v  -830.5999 1450.9740 -18.0210
v  -825.4904 1450.4119 -19.6083
v  -829.7302 1453.8873 -11.0660
v  -825.8103 1453.3684 -12.3380
v  -800.8421 1438.3416 -16.9015
v  -799.7731 1438.9897 -10.5696
v  -800.1175 1454.5010 -22.7174
v  -798.6511 1457.2136 -13.9827
v  -798.5256 1443.9701 -5.6718
v  -797.9448 1452.2153 -6.2667
v  -801.2955 1441.1669 -22.3768
v  -801.1118 1446.9589 -25.5184
v  -793.5911 1451.9224 -6.5391
v  -794.0812 1443.8499 -6.1002
v  -795.6208 1438.7473 -11.0855
v  -796.8185 1438.0339 -17.6242
v  -797.2877 1440.9395 -23.3860
v  -796.9769 1447.1283 -26.7496
v  -795.5482 1455.1133 -23.6127
v  -793.7433 1457.8496 -14.3333
v  -838.2433 1448.7910 -3.4990
v  -837.3119 1443.1563 -1.6908
v  -839.3152 1438.3584 -15.6116
v  -840.3141 1443.2935 -18.7350
v  -867.2032 1459.2590 -57.0309
v  -856.9517 1465.1589 -59.2863
v  -803.2461 1448.9093 -55.0216
v  -807.2648 1449.0929 -55.1636
v  -806.4977 1451.4446 -60.1639
v  -802.4255 1451.2549 -59.8735
v  -805.6205 1456.3944 -63.4602
v  -801.4364 1455.9951 -63.2767
v  -804.6025 1463.3718 -61.8814
v  -800.1472 1463.1250 -61.9687
v  -801.3271 1462.6768 -44.3488
v  -799.7437 1467.2893 -53.4768
v  -804.3790 1467.2803 -53.7608
v  -805.7875 1463.0435 -45.0195
v  -803.2427 1453.9098 -43.9000
v  -807.3929 1454.5154 -44.1880
v  -807.7652 1449.6392 -49.2263
v  -803.7501 1449.2747 -49.1434
v  -833.2433 1452.6755 -61.3586
v  -828.9313 1452.4786 -61.2461
v  -829.3939 1450.5825 -56.0337
v  -833.6454 1450.9570 -56.2171
v  -833.1434 1457.6016 -64.9451
v  -828.7014 1457.5659 -64.6743
v  -833.5714 1463.7014 -62.3662
v  -828.9340 1463.7935 -62.1692
v  -834.1864 1466.3472 -56.0484
v  -834.8458 1463.9231 -49.2012
v  -830.1877 1463.9530 -48.5522
v  -829.4525 1466.5958 -55.6322
v  -834.7982 1457.0300 -46.9824
v  -830.3633 1456.7891 -46.4304
v  -834.1860 1452.2206 -50.9148
v  -829.9210 1451.7832 -50.5141
v  -792.8589 1449.8823 -60.1517
v  -792.6132 1447.0701 -54.8425
v  -794.3333 1454.8317 -63.3839
v  -796.4459 1461.7482 -61.9546
v  -798.4118 1465.6326 -53.5514
v  -798.1426 1460.8303 -44.3079
v  -795.9478 1451.9670 -43.3666
v  -793.7334 1447.2412 -48.4094
v  -839.0043 1451.7212 -56.4976
v  -838.3666 1453.5509 -61.7768
v  -837.4485 1458.5714 -65.0254
v  -836.6953 1464.3385 -62.2865
v  -836.9122 1466.7493 -56.2310
v  -837.5994 1464.6176 -49.6936
v  -838.7994 1458.1650 -47.2934
v  -839.1996 1453.1565 -51.0005
v  -851.3673 1451.4136 -57.5305
v  -850.5935 1453.7748 -63.2841
v  -849.7111 1459.3267 -65.5047
v  -849.0002 1464.1605 -62.3987
v  -849.8682 1464.3447 -51.8230
v  -850.0378 1465.7882 -57.3280
v  -851.1415 1459.0850 -48.6504
v  -851.6204 1453.3613 -51.4456
v  -846.5226 1452.5779 -101.9058
v  -841.8392 1448.5660 -101.6184
v  -843.9546 1446.2039 -97.7854
v  -849.3973 1451.5642 -98.5491
v  -846.3787 1456.8516 -97.1022
v  -845.3015 1456.4756 -99.4848
v  -840.4269 1452.8997 -102.9068
v  -839.7756 1457.2544 -99.7241
v  -846.4149 1456.1611 -92.2217
v  -841.1279 1457.2164 -90.7419
v  -840.4005 1458.3572 -93.7704
v  -846.8452 1456.7388 -94.5135
v  -848.0775 1452.5269 -90.8512
v  -842.7256 1453.5415 -88.1265
v  -843.9936 1448.8612 -88.8182
v  -850.2162 1451.4709 -94.6577
v  -844.7811 1446.0752 -93.5198
v  -840.0302 1458.4417 -96.1569
v  -795.1457 1448.7585 -86.3469
v  -804.7520 1447.9818 -88.0649
v  -803.3914 1449.9409 -94.0424
v  -793.6169 1450.6487 -92.5765
v  -802.5350 1454.2518 -97.2398
v  -792.4342 1455.1274 -96.2794
v  -802.5550 1460.0707 -96.3220
v  -792.1249 1461.0012 -95.4127
v  -795.0833 1464.5896 -80.1747
v  -793.5723 1465.5355 -88.8206
v  -803.8618 1464.3074 -90.2667
v  -805.6540 1462.8798 -82.4014
v  -796.2648 1457.6199 -76.5260
v  -806.5452 1456.6318 -78.9582
v  -796.1304 1451.0829 -79.6387
v  -806.0138 1450.3351 -81.5574
v  -825.3007 1446.6738 -91.8092
v  -835.9274 1445.1024 -94.0600
v  -833.3169 1447.7516 -99.7633
v  -823.9901 1448.4658 -97.4816
v  -832.0586 1452.8497 -102.0405
v  -823.0568 1452.7743 -100.5622
v  -831.8411 1457.6821 -99.3521
v  -822.9724 1458.1838 -98.8148
v  -823.7783 1460.8491 -93.1993
v  -833.2886 1459.4462 -94.1524
v  -833.5403 1458.3030 -88.9248
v  -825.0410 1459.7356 -86.8782
v  -834.6934 1453.8881 -85.6748
v  -826.0610 1454.6199 -83.0721
v  -835.2992 1447.7822 -87.0718
v  -825.8768 1448.7219 -85.6746
v  -782.8319 1450.3398 -91.1707
v  -784.2654 1448.4691 -84.7105
v  -782.4492 1455.1123 -95.5447
v  -783.2953 1462.0137 -94.7210
v  -786.3361 1466.9760 -87.6368
v  -788.3022 1464.7622 -78.4857
v  -787.6761 1457.1896 -74.8682
v  -786.1500 1450.7269 -78.0644
v  -813.4114 1449.1016 -95.5114
v  -814.6221 1447.3525 -89.8507
v  -812.9947 1453.1372 -98.7905
v  -813.7698 1458.9368 -97.7784
v  -815.3887 1462.7280 -92.1009
v  -816.8237 1461.2930 -84.8701
v  -816.9660 1455.3506 -81.3324
v  -815.8669 1449.6013 -83.8837
v  -789.1031 1450.7025 -91.8966
v  -790.6715 1448.8870 -85.5847
v  -787.8467 1455.1897 -96.0692
v  -787.6471 1461.3944 -95.1779
v  -791.4039 1464.4529 -79.3682
v  -789.5713 1466.2535 -88.2720
v  -791.5993 1457.7699 -75.5519
v  -791.5844 1451.1631 -78.8373
v  -819.4884 1448.9038 -96.3696
v  -820.7647 1447.3768 -90.8885
v  -818.5433 1452.7025 -99.7642
v  -818.4403 1458.5073 -98.4703
v  -820.6751 1460.6060 -85.8512
v  -819.3206 1461.7705 -92.6919
v  -821.6138 1454.9966 -82.1459
v  -821.3815 1449.4412 -85.0844
v  -757.5449 1386.9315 38.3895
v  -766.6358 1386.2775 36.4299
v  -760.7607 1382.6882 31.1541
v  -755.9835 1384.2205 34.0674
v  -757.7795 1392.8606 38.1704
v  -763.9070 1395.0007 37.0668
v  -763.3591 1387.0100 26.1585
v  -766.1409 1391.8756 28.7701
v  -764.9791 1396.4108 31.2540
v  -747.4692 1386.3887 21.3915
v  -743.9393 1388.4512 27.2942
v  -753.0989 1391.1761 16.6805
v  -755.7116 1399.5664 18.4998
v  -754.3868 1404.6139 24.2703
v  -749.7222 1403.2083 30.0347
v  -745.3462 1398.3796 32.0390
v  -743.3708 1392.9208 30.8930
v  -720.1998 1396.4597 13.2827
v  -727.1708 1395.9208 6.2264
v  -734.0397 1401.3445 2.7959
v  -735.9935 1409.3345 5.1891
v  -732.6221 1413.8066 10.3717
v  -727.2422 1413.9401 15.3836
v  -721.5632 1410.2378 19.4745
v  -718.0936 1402.7614 19.0523
v  -736.2681 1391.2043 14.3171
v  -731.8629 1392.2148 21.1751
v  -742.1442 1396.0735 9.5867
v  -744.8345 1404.8420 11.1473
v  -742.4200 1409.8761 17.2903
v  -737.3963 1408.8677 23.2241
v  -732.9749 1403.9778 26.7261
v  -730.7554 1397.3430 25.9168
v  -726.1302 1393.5642 18.2705
v  -731.5792 1393.1893 10.9999
v  -737.7743 1398.3813 6.4784
v  -740.0738 1406.8732 8.2013
v  -737.5225 1411.5332 14.1094
v  -732.5424 1411.3502 20.0831
v  -727.3727 1406.8264 24.4217
v  -724.8673 1399.3221 23.7043
v  -164.9560 126.8956 -85.5162
v  -162.2975 124.7534 -63.1624
v  -155.1599 128.0777 -105.3354
v  -140.8991 130.4779 -124.0247
v  -116.9807 132.1117 -121.5914
v  -97.3664 133.0312 -104.0615
v  -83.8246 132.4582 -79.2844
v  -84.2054 124.2299 -40.5404
v  -84.8075 23.3761 174.5806
v  -89.8301 23.0241 172.5212
v  -91.7428 17.8938 172.1953
v  -86.2985 15.3066 176.9121
v  -111.7556 24.0954 164.1340
v  -115.4880 23.6488 162.4231
v  -116.7129 18.7522 162.3234
v  -112.0193 16.8698 165.6028
v  -138.1565 21.5227 157.3040
v  -141.8769 21.4014 155.3735
v  -143.2420 15.7193 154.8551
v  -138.3990 14.2392 158.3705
v  -162.4226 19.5259 140.7025
v  -165.0615 18.4056 139.0886
v  -165.1619 13.4288 139.5184
v  -161.5302 13.0168 143.1974
v  -151.1559 116.4366 -33.8677
v  -99.1346 133.3428 -18.5390
v  -103.4010 24.3291 -34.9054
v  -82.6750 40.9966 -39.3496
v  -75.6532 29.6736 5.7563
v  -98.0853 18.9573 11.2823
v  -125.9296 17.8539 -32.2543
v  -120.3348 16.2688 14.2335
v  -141.9019 17.0029 13.8306
v  -148.1820 17.8812 -29.0442
v  -160.2433 26.3404 10.6776
v  -162.5789 36.4802 -29.4823
v  -159.9742 51.3830 9.0809
v  -157.9151 75.4218 -37.4475
v  -136.4802 127.4641 -17.9589
v  -118.5132 134.0960 -11.9155
v  -131.2686 11.4014 -75.5751
v  -103.2978 18.8985 -75.5642
v  -157.0484 14.8392 -66.5796
v  -101.0869 14.6616 -112.3410
v  -135.7342 7.8637 -112.8053
v  -165.6119 15.8337 -98.6381
v  -167.6329 38.4434 -61.7418
v  -170.6606 38.1357 -90.3344
v  -82.9012 35.9488 -111.2219
v  -81.7568 39.7640 -76.4214
v  -74.4301 83.7736 7.0007
v  -93.5613 102.1517 14.2461
v  -90.9640 77.2865 60.9977
v  -62.7615 63.7494 57.2992
v  -64.6178 56.7423 3.0857
v  -47.7503 40.3121 54.8924
v  -62.9959 17.7861 55.4389
v  -91.8092 12.3684 58.6179
v  -117.2325 13.8425 59.9073
v  -140.3444 14.6460 58.9442
v  -161.4552 18.4692 56.1569
v  -155.1073 54.9688 59.8365
v  -148.8539 75.4778 8.7408
v  -167.8867 37.7519 55.9528
v  -138.1189 67.6445 62.6481
v  -136.6998 94.7496 13.0854
v  -116.6066 77.8199 61.4066
v  -117.0403 106.5945 16.8861
v  -163.9836 66.9957 -63.0095
v  -165.0938 92.0774 -62.9650
v  -167.4220 94.3580 -87.0436
v  -166.7696 64.5532 -88.5010
v  -158.4463 95.2229 -111.1877
v  -163.4643 63.2516 -117.3130
v  -140.9747 97.6441 -133.9893
v  -141.5491 63.7018 -146.8650
v  -113.0257 98.3958 -127.8266
v  -104.6201 65.8304 -138.2234
v  -93.0160 99.4400 -106.4521
v  -85.1106 68.8190 -110.3043
v  -82.2037 97.8646 -79.6326
v  -79.0149 71.6103 -79.4885
v  -77.6841 80.8780 -48.0403
v  -44.6679 16.0729 167.4876
v  -51.5054 14.8876 173.0319
v  -51.9947 8.9531 164.2721
v  -46.0225 10.9118 162.8424
v  -102.8915 19.6176 161.2502
v  -106.3697 17.2676 165.1870
v  -106.7154 14.1816 160.3010
v  -103.5319 17.0557 158.4058
v  -129.5926 13.7810 152.6137
v  -129.2563 17.6821 155.7642
v  -132.9919 15.1238 158.5626
v  -132.9091 10.9477 153.4037
v  -152.2527 13.8513 139.2280
v  -153.5232 17.7387 141.1923
v  -156.7806 14.8413 143.7867
v  -154.4283 10.1185 140.3084
v  -41.7607 43.7797 120.9557
v  -37.5262 30.5677 117.3868
v  -38.3283 34.0801 90.9326
v  -55.9844 54.2631 100.0868
v  -171.7366 25.5437 107.4497
v  -171.2975 30.2652 85.3501
v  -162.4259 16.3688 89.6758
v  -165.3419 19.6123 108.4011
v  -57.2106 23.0713 168.3553
v  -61.5398 22.5522 165.1972
v  -63.8443 17.4729 165.9145
v  -58.9124 15.6606 171.4451
v  -80.1727 10.9557 169.8780
v  -76.1978 13.7860 167.5213
v  -74.4511 17.5943 170.6651
v  -78.8208 15.1535 176.6949
v  -68.9104 27.4026 122.6861
v  -57.5130 16.1115 96.0805
v  -56.4004 21.3866 118.3629
v  -90.0903 60.8484 102.2810
v  -90.0620 16.8229 97.6402
v  -116.6597 18.7691 97.8469
v  -140.9891 17.5773 95.2368
v  -164.5625 41.8537 87.2109
v  -146.4633 51.7807 94.0694
v  -156.7348 47.2936 90.2571
v  -116.8986 59.6670 102.7404
v  -135.6275 56.1747 97.0909
v  -169.1512 33.3978 -117.0436
v  -141.1417 25.2796 -144.0503
v  -99.3935 30.1053 -137.8989
v  -41.3092 35.9594 139.1752
v  -39.6228 26.0376 136.1848
v  -46.8200 21.9690 116.9402
v  -45.6322 19.4676 134.2921
v  -55.0469 17.5314 134.3239
v  -69.3625 33.9164 129.0543
v  -63.8896 21.1649 136.5972
v  -66.9588 27.9404 139.9328
v  -62.9057 35.7544 140.9935
v  -68.3731 42.9921 126.5842
v  -52.2385 40.4264 141.1498
v  -53.4625 48.2661 124.1502
v  -57.9989 9.8508 163.6317
v  -62.7227 12.5573 161.8154
v  -51.5408 23.0577 169.1678
v  -46.2428 22.0201 166.1781
v  -44.2342 27.5247 154.3144
v  -40.8704 19.7886 152.9951
v  -44.7935 13.1529 150.3873
v  -54.6790 10.5067 150.9526
v  -66.9724 21.5090 153.7340
v  -63.6868 14.5071 150.7092
v  -61.8025 28.2302 154.7209
v  -52.9618 29.9695 156.5703
v  -97.6511 37.0478 135.7218
v  -94.7003 33.9457 142.3864
v  -92.0923 41.5569 142.4026
v  -97.6773 47.6998 130.0634
v  -82.5508 44.8997 141.7354
v  -83.3149 51.4932 126.9780
v  -73.6872 39.2416 140.0659
v  -72.7661 31.8324 138.4990
v  -76.5306 27.7751 136.1104
v  -83.8467 26.5464 120.9893
v  -84.0288 25.9003 136.2021
v  -96.9310 30.7466 125.4371
v  -91.5223 28.2442 138.7653
v  -79.8044 23.2270 174.2245
v  -75.7435 22.5288 171.2942
v  -85.9192 10.9691 170.1275
v  -90.5078 13.6680 168.5804
v  -90.4094 28.6570 164.0957
v  -90.3765 35.2758 152.7770
v  -93.6626 28.4730 152.9302
v  -94.0563 22.6130 163.5446
v  -82.3767 30.2397 165.1654
v  -82.3662 37.8932 152.5023
v  -73.6724 26.9556 150.0294
v  -75.0474 33.4413 151.2847
v  -75.5509 27.3734 162.7594
v  -73.4093 21.6721 161.2303
v  -77.3505 22.6944 147.9686
v  -76.5130 16.5552 159.0272
v  -83.9194 21.0700 148.2161
v  -83.6782 13.5712 160.0762
v  -90.6093 22.7664 150.2861
v  -91.2948 16.3243 160.6841
v  -123.8829 45.5753 128.2407
v  -119.4947 41.3089 139.7278
v  -111.4865 45.6447 140.2813
v  -111.7070 51.5608 127.0866
v  -103.1621 42.0875 139.9568
v  -101.1794 35.4757 139.2195
v  -103.8464 31.5477 135.9847
v  -109.9492 29.2440 134.4591
v  -110.5632 28.3163 121.1766
v  -124.0809 35.4834 133.0480
v  -123.4735 30.5589 123.6953
v  -117.0962 30.5343 135.5177
v  -120.7128 34.3289 138.4048
v  -107.5234 24.4146 163.8997
v  -104.2238 24.3259 161.7452
v  -115.8294 15.7997 159.4141
v  -111.6101 13.5958 160.6848
v  -110.1552 30.7905 158.1833
v  -110.9558 38.7058 149.7637
v  -117.8032 35.5247 148.8340
v  -116.5333 28.9232 156.7869
v  -101.5720 30.7192 146.6122
v  -104.0551 36.1268 148.6796
v  -104.0969 29.6249 156.4041
v  -101.3499 24.8621 154.2866
v  -104.3818 26.4725 144.2867
v  -103.4150 20.4006 151.7562
v  -109.8606 24.4979 143.4325
v  -109.5095 16.8838 151.9951
v  -119.3054 23.7229 154.8487
v  -119.6170 29.6855 146.5749
v  -115.9445 25.6566 144.2656
v  -116.4440 19.2128 152.1835
v  -137.6850 46.3407 121.8018
v  -149.5715 37.8324 119.4994
v  -146.6573 35.3419 132.5508
v  -138.7005 41.2540 135.3362
v  -129.3846 39.0816 136.7883
v  -127.2922 32.6147 136.0174
v  -130.2280 28.3010 132.8670
v  -136.7612 24.8175 130.2673
v  -136.6331 25.5421 118.2096
v  -149.8948 29.8045 124.5720
v  -148.5710 26.3064 118.2712
v  -144.1575 25.0602 129.7380
v  -147.7202 28.6942 131.0169
v  -134.3406 21.9103 157.3309
v  -131.2240 22.4075 155.6853
v  -141.7727 12.1632 151.7614
v  -137.6037 10.2173 153.2272
v  -138.1022 35.6825 144.3324
v  -145.0729 31.4392 142.1265
v  -143.2379 26.4484 150.4714
v  -136.8515 28.5121 152.1976
v  -127.5070 27.7721 142.5354
v  -130.1895 33.6044 144.3657
v  -130.6782 27.5542 151.0419
v  -127.5513 22.3229 149.5514
v  -130.5939 22.9236 140.0884
v  -129.5135 16.7972 146.9133
v  -136.3707 20.4982 138.5529
v  -135.5510 13.1559 146.3422
v  -146.0757 20.0681 148.1215
v  -146.4804 25.1297 139.7089
v  -142.4902 21.3588 138.3321
v  -142.5407 15.1742 145.6506
v  -160.5473 38.7015 113.1740
v  -168.8410 34.3628 109.5737
v  -169.8442 30.2129 120.9839
v  -162.8358 34.2941 123.8791
v  -155.3500 31.7751 125.2414
v  -152.8517 27.3950 125.6119
v  -153.2090 23.3322 123.4986
v  -157.8401 19.5945 120.3210
v  -158.0930 21.0735 111.1296
v  -164.3521 19.2148 118.5445
v  -170.3087 22.8168 118.7135
v  -159.3852 20.6136 141.1947
v  -156.4129 21.3928 140.4624
v  -163.4150 9.2024 137.7717
v  -159.1513 7.6894 139.9609
v  -162.8375 29.3428 130.9500
v  -168.4045 25.7174 128.9890
v  -166.5799 21.4123 135.4170
v  -161.9804 24.2892 137.1928
v  -152.5444 24.2513 130.9951
v  -156.3394 28.4772 131.7992
v  -156.4861 24.5680 137.3284
v  -152.3598 20.7124 136.7294
v  -152.9101 19.2106 128.6639
v  -151.9975 15.3066 134.5386
v  -157.2839 15.6961 126.4820
v  -156.2064 10.2028 133.4371
v  -167.5099 15.5116 134.0906
v  -168.6176 19.4523 126.8142
v  -163.4565 15.7881 125.8112
v  -163.3152 10.8869 132.3467
v  -21.4021 1583.4977 27.0775
v  -15.9089 1569.3611 18.3442
v  -43.9680 1595.5349 8.4003
v  -48.7120 1600.6248 -9.0344
v  -38.9948 1575.9063 -5.1408
v  -30.4807 1572.8002 7.8133
v  -49.6595 1603.0933 -18.9743
v  -41.3772 1578.3225 -15.9414
v  -50.1614 1604.6969 -26.1634
v  -42.1773 1580.0437 -23.2061
v  -50.1917 1607.1661 -33.4693
v  -42.2959 1581.8341 -30.5202
v  -49.0332 1609.1233 -41.0348
v  -41.5060 1583.3433 -37.2818
v  -47.1790 1611.3405 -48.8796
v  -40.1696 1585.8990 -44.9770
v  -43.5947 1612.3326 -56.3690
v  -37.7814 1586.8215 -51.8798
v  -38.7388 1613.2202 -63.3412
v  -33.4174 1587.6261 -58.8563
v  -32.7028 1615.0222 -68.9955
v  -27.7790 1589.6034 -63.0252
v  -24.8529 1615.7689 -73.0079
v  -20.1030 1590.2031 -65.4800
v  -16.9073 1617.3724 -76.0063
v  -13.3459 1591.8525 -66.4739
v  -8.4498 1617.5864 -78.3125
v  -5.8685 1592.1746 -66.8198
v  -14.1832 1553.1068 16.6319
v  -37.6233 1554.6826 -3.0988
v  -27.5724 1553.6139 8.0939
v  -41.6245 1559.0057 -17.4261
v  -41.3110 1561.6437 -32.1283
v  -37.2332 1565.1149 -46.3266
v  -27.9934 1567.9835 -57.7590
v  -14.5596 1568.6974 -62.3275
v  -818.1047 1449.5881 -55.5468
v  -817.4816 1451.9562 -60.9473
v  -816.9064 1457.4717 -63.9553
v  -816.6199 1464.0381 -61.6460
v  -816.8822 1467.2556 -54.5269
v  -817.8189 1464.0323 -46.8287
v  -818.5875 1456.1487 -44.9646
v  -818.5956 1450.6221 -49.4499
# 2693 vertices

vn 0.8688 0.1205 -0.4803
vn 0.5723 0.0931 -0.8148
vn 0.7334 -0.2597 -0.6282
vn 0.9172 -0.2118 -0.3375
vn 0.2107 0.0813 -0.9742
vn 0.4421 -0.3267 -0.8353
vn -0.0490 0.0997 -0.9938
vn 0.0664 -0.4016 -0.9134
vn 0.0000 0.1486 -0.9889
vn -0.0000 -0.3647 -0.9311
vn 0.3554 -0.0666 0.9323
vn 0.7907 -0.0754 0.6076
vn 0.6676 -0.4124 0.6198
vn 0.0322 -0.2692 0.9626
vn 0.9546 0.0723 0.2890
vn 0.9395 -0.3034 0.1588
vn 0.9907 0.1183 -0.0666
vn 0.9796 -0.2006 0.0112
vn 0.1557 -0.4348 -0.8869
vn 0.1595 -0.2790 -0.9469
vn 0.4286 -0.4803 -0.7653
vn 0.5594 -0.3968 -0.7277
vn 0.9247 -0.3703 0.0878
vn 0.8365 -0.3206 0.4444
vn 0.9701 -0.2218 0.0989
vn 0.9657 -0.2283 -0.1237
vn 0.6031 0.7649 -0.2264
vn 0.3572 0.9329 -0.0460
vn 0.0118 0.9618 -0.2735
vn 0.0469 0.7816 -0.6220
vn 0.4886 0.6354 -0.5979
vn 0.1941 0.5742 -0.7953
vn -0.0264 0.4925 -0.8699
vn -0.0036 0.5304 -0.8478
vn -0.0043 0.6807 0.7326
vn 0.1647 0.4968 0.8521
vn -0.0000 0.4412 0.8974
vn 0.0000 0.6700 0.7424
vn 0.0745 0.7182 0.6918
vn 0.3253 0.5881 0.7405
vn 0.1318 0.7680 0.6267
vn 0.5033 0.7255 0.4694
vn 0.4793 0.8692 0.1212
vn 0.1662 0.8695 0.4651
vn 0.1291 0.9827 0.1331
vn 0.8603 0.3571 -0.3639
vn 0.8982 0.4374 -0.0444
vn 0.5268 0.3943 -0.7530
vn 0.0985 0.3366 -0.9365
vn 0.3581 0.2468 0.9005
vn -0.0000 0.2012 0.9795
vn 0.5806 0.3247 0.7467
vn 0.7847 0.4036 0.4705
vn 0.8896 0.4299 0.1542
vn 0.0168 -0.0112 -0.9998
vn -0.0746 0.3220 -0.9438
vn 0.1311 0.2278 -0.9648
vn 0.2096 -0.2853 -0.9352
vn -0.3124 0.6912 0.6517
vn -0.0324 0.7373 0.6748
vn 0.0000 0.6658 0.7461
vn 0.0000 0.5066 0.8622
vn 0.0071 0.8444 0.5356
vn 0.0106 0.8098 0.5866
vn 0.2013 0.7800 0.5925
vn 0.4444 0.7108 0.5451
vn 0.5561 0.5352 0.6358
vn 0.2769 0.7130 0.6442
vn 0.7557 0.4254 -0.4980
vn 0.4748 0.4898 -0.7312
vn 0.1889 0.5640 -0.8039
vn 0.0309 0.5576 -0.8295
vn 0.0000 -0.0342 0.9994
vn 0.0000 -0.0896 0.9960
vn 0.4016 -0.1299 0.9066
vn 0.7037 0.0439 0.7091
vn 0.8806 0.2325 0.4128
vn 0.9295 0.3576 -0.0901
vn 0.7209 -0.4913 -0.4887
vn 0.8499 -0.4864 -0.2028
vn -0.8480 -0.1644 0.5039
vn 0.0000 0.1502 0.9887
vn -0.0000 0.0504 0.9987
vn -0.7698 0.3452 0.5368
vn 0.0000 0.2944 0.9557
vn 0.7745 0.0876 0.6264
vn 0.8390 0.3422 0.4230
vn 0.9829 -0.1288 0.1314
vn 0.8281 -0.0940 0.5526
vn 0.6907 -0.4760 -0.5444
vn 0.7982 -0.6023 -0.0099
vn 0.4811 0.0308 0.8761
vn 0.4272 0.4391 0.7904
vn 0.1135 0.4114 0.9044
vn -0.0551 0.1873 0.9807
vn -0.0463 -0.1224 0.9914
vn 0.1099 -0.4249 0.8985
vn 0.4033 -0.4703 0.7850
vn 0.6525 -0.3438 0.6754
vn 0.7986 -0.1147 0.5909
vn 0.8221 0.0903 0.5621
vn 0.7841 0.2227 0.5794
vn 0.6707 0.3469 0.6556
vn 0.3271 0.6781 0.6581
vn -0.1611 0.6245 0.7642
vn -0.4283 0.2993 0.8526
vn -0.4566 -0.2124 0.8640
vn -0.2119 -0.6611 0.7197
vn 0.2165 -0.8049 0.5526
vn 0.6666 -0.6353 0.3898
vn 0.9268 -0.2198 0.3044
vn 0.9461 0.1216 0.3003
vn 0.8783 0.3112 0.3630
vn 0.7154 0.5049 0.4830
vn 0.1086 0.8486 0.5178
vn 0.5868 0.6468 0.4871
vn -0.3903 0.7359 0.5532
vn -0.7958 0.3776 0.4733
vn -0.8628 -0.2245 0.4530
vn -0.2762 -0.6392 0.7177
vn 0.2889 -0.8534 0.4338
vn 0.6728 -0.7383 -0.0471
vn 0.8609 -0.3515 -0.3678
vn 0.9594 0.0022 -0.2821
vn 0.8496 0.3702 0.3757
vn 0.9776 0.1878 0.0954
vn 0.2514 0.8001 0.5446
vn 0.7285 0.5368 0.4255
vn -0.2980 0.7214 0.6252
vn -0.6518 0.3771 0.6580
vn -0.7210 -0.2159 0.6585
vn -0.3798 -0.7416 0.5530
vn 0.1264 -0.9303 0.3444
vn 0.6224 -0.7816 0.0426
vn 0.9547 -0.2940 -0.0449
vn 0.9931 0.1124 0.0334
vn 0.9205 0.3207 0.2233
vn 0.0000 0.4460 -0.8950
vn 0.0000 0.1878 -0.9822
vn 0.5960 -0.4166 0.6865
vn 0.5454 0.1215 0.8293
vn 0.6939 -0.7197 0.0216
vn 0.7268 -0.5519 0.4090
vn 0.7023 -0.6468 -0.2973
vn 0.4571 -0.7318 -0.5056
vn 0.2168 -0.5480 -0.8079
vn 0.0783 -0.0780 -0.9939
vn -0.0716 0.3284 -0.9418
vn -0.1088 0.6568 -0.7462
vn 0.0997 0.9404 -0.3251
vn 0.2553 0.8699 0.4221
vn 0.2156 0.9723 0.0905
vn 0.2645 0.6051 0.7509
vn 0.4383 -0.4773 0.7616
vn 0.1848 -0.4164 0.8902
vn 0.1990 0.3662 0.9090
vn 0.4341 0.0933 0.8960
vn 0.1397 -0.8205 0.5543
vn 0.4577 -0.6886 0.5625
vn 0.3548 -0.8704 0.3414
vn 0.1005 -0.9896 0.1030
vn 0.3033 -0.9529 -0.0089
vn 0.0852 -0.9603 -0.2657
vn 0.3289 -0.9182 -0.2208
vn 0.1468 -0.8179 -0.5564
vn 0.2104 -0.8333 -0.5113
vn 0.1422 -0.5545 -0.8199
vn 0.0938 -0.4230 -0.9013
vn 0.1021 -0.0544 -0.9933
vn 0.0127 0.0557 -0.9984
vn 0.0331 0.5468 -0.8366
vn 0.0420 0.5135 -0.8571
vn 0.0440 0.8923 -0.4492
vn 0.1241 0.8573 -0.4997
vn 0.2484 0.8877 0.3876
vn 0.1993 0.9792 0.0390
vn 0.1841 0.9828 0.0135
vn 0.3339 0.8570 0.3925
vn 0.2893 0.7861 0.5463
vn 0.4014 0.6113 0.6820
vn -0.1387 0.0296 -0.9899
vn -0.0399 0.5745 -0.8175
vn 0.1938 0.8894 -0.4141
vn 0.3549 0.8386 0.4133
vn 0.1971 0.9759 0.0933
vn 0.3331 0.5857 0.7389
vn 0.1664 -0.2561 0.9522
vn 0.0838 0.4297 0.8991
vn 0.1806 -0.7187 0.6715
vn 0.1226 -0.9550 0.2700
vn 0.0864 -0.9804 -0.1772
vn 0.0673 -0.8441 -0.5320
vn 0.0643 -0.5423 -0.8377
vn 0.0485 -0.0451 -0.9978
vn 0.0240 0.1099 -0.9937
vn 0.0175 0.5591 -0.8289
vn -0.0037 0.6946 -0.7194
vn 0.0521 0.9069 -0.4181
vn -0.0400 0.9678 -0.2485
vn -0.0563 0.9759 0.2107
vn 0.0877 0.9953 0.0407
vn 0.0634 0.9101 0.4095
vn 0.0259 0.8191 0.5731
vn -0.0864 0.8363 0.5414
vn 0.0000 0.4505 -0.8928
vn -0.0000 0.0075 -1.0000
vn 0.0000 0.3277 -0.9448
vn 0.0000 -0.2769 -0.9609
vn 0.7461 0.5348 -0.3966
vn 0.5041 0.6109 -0.6104
vn 0.1396 0.6601 -0.7381
vn -0.1391 0.4432 -0.8856
vn 0.0000 -0.2758 0.9612
vn 0.3271 -0.2568 0.9094
vn 0.5780 0.0914 0.8109
vn 0.8632 0.2698 0.4268
vn 0.9221 0.3841 -0.0463
vn -0.0678 -0.8553 0.5137
vn 0.0000 -0.9002 0.4355
vn 0.0000 -0.9913 0.1318
vn -0.4653 -0.8509 0.2439
vn 0.1699 -0.5850 0.7931
vn 0.0000 -0.5849 0.8111
vn 0.8792 -0.2296 -0.4176
vn 0.8841 -0.2036 -0.4206
vn 0.9809 -0.1827 0.0664
vn 0.9800 -0.1988 -0.0075
vn 0.5710 -0.2821 -0.7710
vn 0.5231 -0.2335 -0.8197
vn 0.0064 -0.3038 -0.9527
vn -0.0335 -0.2638 -0.9640
vn -0.5424 -0.2908 -0.7882
vn -0.5751 -0.2832 -0.7675
vn -0.8521 -0.1960 -0.4853
vn -0.8771 -0.2823 -0.3886
vn -0.9837 -0.1729 -0.0497
vn -0.9659 -0.2587 -0.0068
vn -0.9134 -0.1773 0.3663
vn -0.8676 -0.2536 0.4276
vn -0.5832 -0.1912 0.7895
vn -0.5390 -0.1765 0.8236
vn 0.0911 -0.1628 0.9825
vn -0.0063 -0.1585 0.9873
vn 0.6521 -0.2016 0.7308
vn 0.5177 -0.1652 0.8394
vn 0.9086 -0.1792 0.3772
vn 0.8459 -0.1723 0.5048
vn -0.6601 -0.2987 0.6892
vn -0.2246 -0.1830 0.9571
vn -0.8894 -0.3710 0.2670
vn -0.4580 -0.8833 0.0998
vn -0.9236 -0.3805 0.0475
vn -0.2152 -0.9765 0.0147
vn -0.5821 -0.8118 0.0459
vn -0.4865 -0.6947 -0.5299
vn -0.5634 -0.7257 -0.3949
vn 0.2006 0.5172 -0.8320
vn -0.2058 0.2183 -0.9539
vn 0.5455 0.5841 -0.6010
vn 0.7638 0.5453 -0.3453
vn 0.9047 0.4259 -0.0128
vn 0.8320 0.3697 0.4136
vn 0.4971 0.1506 0.8545
vn 0.1437 -0.0465 0.9885
vn -0.5998 -0.0099 0.8001
vn -0.1961 0.0565 0.9789
vn -0.2716 0.1072 0.9564
vn -0.7447 0.1890 0.6401
vn -0.9542 -0.0177 0.2986
vn -0.9655 0.1239 0.2292
vn -0.9966 -0.0629 -0.0535
vn -0.9987 0.0487 -0.0142
vn -0.9071 -0.1507 -0.3931
vn -0.9743 0.0057 -0.2252
vn -0.2530 -0.4087 -0.8769
vn -0.6490 -0.3467 -0.6772
vn -0.5621 -0.5840 -0.5856
vn -0.1325 -0.4875 -0.8630
vn 0.1643 -0.2642 -0.9504
vn 0.3741 -0.2996 -0.8777
vn 0.5790 -0.0679 -0.8125
vn 0.7328 -0.0811 -0.6756
vn 0.8462 0.0868 -0.5258
vn 0.9083 0.0792 -0.4107
vn 0.9603 0.2636 -0.0916
vn 0.9798 0.1627 -0.1163
vn 0.8829 0.2653 0.3874
vn 0.8943 0.1534 0.4204
vn 0.5216 0.2242 0.8232
vn 0.5435 0.1483 0.8262
vn 0.1083 0.1899 0.9758
vn 0.1082 0.1193 0.9869
vn 0.8580 -0.0069 -0.5137
vn 0.9995 0.0026 -0.0312
vn 0.5073 -0.0716 -0.8588
vn -0.0151 -0.1545 -0.9879
vn -0.5232 -0.2367 -0.8187
vn -0.8462 -0.2427 -0.4744
vn -0.9777 -0.1983 -0.0689
vn -0.8911 -0.1740 0.4192
vn -0.5505 -0.1390 0.8232
vn -0.0658 -0.0387 0.9971
vn 0.5160 0.0005 0.8566
vn 0.8893 -0.0071 0.4573
vn -0.4372 -0.0580 -0.8975
vn -0.4136 -0.2241 -0.8825
vn -0.7353 -0.5791 -0.3522
vn 0.0368 0.2184 0.9752
vn -0.4141 0.2334 0.8798
vn -0.8041 0.2021 0.5591
vn -0.9690 0.0498 0.2418
vn -0.9996 0.0193 -0.0186
vn -0.9677 -0.2499 -0.0335
vn -0.6529 -0.7316 -0.1960
vn 0.3774 -0.0665 -0.9237
vn -0.0561 -0.2806 -0.9582
vn -0.0804 -0.0167 -0.9966
vn 0.3067 0.2408 -0.9208
vn 0.7234 0.1253 -0.6790
vn 0.6280 0.4275 -0.6503
vn 0.9179 0.2120 -0.3355
vn 0.8429 0.4299 -0.3235
vn 0.9426 0.3330 -0.0240
vn 0.9174 0.3979 -0.0054
vn 0.8598 0.3405 0.3806
vn 0.8352 0.3870 0.3907
vn 0.4773 0.2164 0.8517
vn 0.4952 0.2503 0.8320
vn -0.5020 -0.4817 -0.7183
vn 0.0000 -0.7513 -0.6599
vn -0.0000 -0.1120 -0.9937
vn 0.0000 -0.9961 0.0882
vn 0.0000 -1.0000 -0.0022
vn 0.0437 0.8936 0.4467
vn 0.0039 0.9768 0.2143
vn 0.2243 0.5453 0.8077
vn 0.3141 -0.1279 0.9407
vn 0.3224 -0.6194 0.7158
vn 0.2823 -0.9085 0.3081
vn 0.2368 -0.9599 -0.1501
vn 0.2051 -0.8293 -0.5199
vn 0.1890 -0.5074 -0.8407
vn 0.1338 0.1276 -0.9828
vn 0.0849 0.6894 -0.7194
vn 0.0544 0.9703 -0.2357
vn 0.1347 0.7860 0.6034
vn 0.0821 0.9959 0.0386
vn -0.1498 0.9887 -0.0101
vn -0.1392 0.7841 0.6048
vn -0.1419 0.3224 0.9359
vn 0.1225 0.3728 0.9198
vn -0.1297 -0.1174 0.9846
vn 0.1082 -0.0386 0.9934
vn -0.1795 -0.5034 0.8452
vn 0.0762 -0.4390 0.8953
vn -0.2022 -0.8357 0.5106
vn 0.0619 -0.8426 0.5350
vn -0.1848 -0.9816 -0.0475
vn 0.0391 -0.9954 -0.0869
vn -0.1124 -0.8482 -0.5177
vn 0.0218 -0.8079 -0.5889
vn 0.0317 -0.4978 -0.8667
vn -0.0712 -0.5601 -0.8254
vn 0.0573 -0.0272 -0.9980
vn -0.0255 -0.0280 -0.9993
vn 0.0473 0.5244 -0.8502
vn -0.1045 0.5773 -0.8098
vn 0.0284 0.8765 -0.4806
vn -0.1261 0.8783 -0.4611
vn 0.0956 0.8449 0.5263
vn -0.0504 0.8054 0.5906
vn -0.0516 0.9940 0.0969
vn 0.0003 0.9960 0.0892
vn 0.3202 0.4782 0.8178
vn 0.0685 0.4261 0.9021
vn 0.3895 -0.0571 0.9193
vn 0.1457 -0.0756 0.9864
vn 0.4037 -0.5314 0.7447
vn 0.2029 -0.5312 0.8226
vn 0.3668 -0.8486 0.3813
vn 0.2264 -0.8554 0.4659
vn 0.3069 -0.9456 -0.1081
vn 0.2058 -0.9778 -0.0401
vn 0.2642 -0.8133 -0.5184
vn 0.1744 -0.8653 -0.4700
vn 0.2254 -0.5234 -0.8217
vn 0.1473 -0.6350 -0.7584
vn 0.0728 0.1006 -0.9923
vn 0.0760 0.0466 -0.9960
vn 0.0797 0.6908 -0.7186
vn 0.0041 0.7222 -0.6916
vn 0.0902 0.9229 -0.3742
vn -0.0186 0.9333 -0.3587
vn -0.2263 0.9738 0.0208
vn -0.2855 0.7715 0.5685
vn -0.2400 0.3545 0.9037
vn -0.1875 -0.1405 0.9722
vn -0.1451 -0.5776 0.8033
vn -0.1156 -0.8689 0.4812
vn -0.0798 -0.9968 -0.0068
vn -0.0220 -0.8843 -0.4664
vn 0.0076 -0.6089 -0.7932
vn 0.0692 0.0217 -0.9974
vn -0.0872 0.6443 -0.7598
vn -0.1323 0.8935 -0.4291
vn 0.1954 0.9767 0.0884
vn 0.2178 0.7620 0.6098
vn 0.1886 0.7969 0.5739
vn 0.2021 0.9741 0.1019
vn 0.2032 0.3666 0.9079
vn 0.1467 0.4210 0.8951
vn 0.1877 -0.0652 0.9801
vn 0.1123 -0.0754 0.9908
vn 0.1836 -0.4995 0.8466
vn 0.1063 -0.5518 0.8272
vn 0.1869 -0.8602 0.4744
vn 0.0948 -0.8814 0.4627
vn 0.1559 -0.9868 -0.0428
vn 0.0601 -0.9981 -0.0099
vn 0.0972 -0.8529 -0.5130
vn 0.0106 -0.8783 -0.4780
vn 0.0682 -0.5256 -0.8480
vn -0.0220 -0.5466 -0.8371
vn 0.0775 -0.0620 -0.9951
vn -0.0033 -0.0320 -0.9995
vn 0.1021 0.4585 -0.8828
vn 0.0754 0.5249 -0.8478
vn 0.1367 0.8646 -0.4835
vn 0.1581 0.8918 -0.4238
vn 0.0852 0.8305 0.5504
vn 0.1032 0.9904 0.0924
vn -0.0213 0.3784 0.9254
vn -0.0873 -0.2888 0.9534
vn -0.1357 -0.7142 0.6867
vn -0.0802 -0.9142 0.3973
vn -0.0304 -0.9995 0.0021
vn -0.0333 -0.8976 -0.4395
vn -0.1031 -0.5211 -0.8472
vn -0.1349 0.1346 -0.9817
vn -0.0671 0.6856 -0.7249
vn 0.0372 0.9409 -0.3367
vn 0.8702 0.3458 -0.3509
vn 0.9879 0.1549 -0.0056
vn 0.9828 0.1222 0.1386
vn 0.9218 0.2574 -0.2900
vn 0.5634 0.5236 -0.6391
vn 0.5868 0.3677 -0.7214
vn 0.0133 0.5658 -0.8244
vn -0.0568 0.3640 -0.9296
vn -0.6613 0.2704 -0.6997
vn -0.5180 0.4395 -0.7339
vn -0.9458 0.1015 -0.3085
vn -0.8499 0.1639 -0.5008
vn -0.9923 -0.0867 -0.0885
vn -0.9974 -0.0307 0.0652
vn -0.8743 -0.1566 0.4594
vn -0.8960 -0.2695 0.3530
vn -0.5306 -0.2705 0.8033
vn -0.5407 -0.4172 0.7305
vn -0.0041 -0.3166 0.9485
vn 0.1401 -0.4328 0.8905
vn 0.5054 -0.1844 0.8429
vn 0.6994 -0.1973 0.6870
vn 0.8406 -0.0313 0.5407
vn 0.9317 -0.0271 0.3621
vn 0.9887 -0.0553 0.1390
vn 0.9847 -0.1739 0.0111
vn 0.8457 -0.1121 -0.5218
vn 0.9365 0.0091 -0.3506
vn 0.4493 -0.0694 -0.8907
vn 0.5634 0.0524 -0.8245
vn -0.0413 -0.0405 -0.9983
vn -0.0870 0.0530 -0.9948
vn -0.6481 0.0307 -0.7610
vn -0.4981 -0.0279 -0.8667
vn -0.9358 0.0010 -0.3526
vn -0.8408 -0.0440 -0.5395
vn -0.9959 -0.0449 0.0786
vn -0.9933 -0.0910 -0.0707
vn -0.8434 -0.1221 0.5233
vn -0.8678 -0.1656 0.4684
vn -0.4745 -0.2036 0.8564
vn -0.4987 -0.2194 0.8386
vn -0.0537 -0.2452 0.9680
vn -0.0151 -0.2364 0.9715
vn 0.4136 -0.2551 0.8740
vn 0.4390 -0.2043 0.8749
vn 0.8099 -0.2321 0.5387
vn 0.8062 -0.1341 0.5763
vn 0.9900 -0.1233 0.0681
vn 0.9338 -0.0590 -0.3530
vn 0.6537 0.0299 -0.7562
vn 0.1116 0.1123 -0.9874
vn -0.4643 0.1121 -0.8785
vn -0.8364 0.0515 -0.5458
vn -0.9954 -0.0035 -0.0962
vn -0.9051 -0.0534 0.4219
vn -0.5399 -0.0926 0.8366
vn 0.0237 -0.1313 0.9911
vn 0.5504 -0.1526 0.8208
vn 0.8639 -0.1575 0.4784
vn 0.9949 -0.0036 0.1008
vn 0.9672 0.0588 -0.2469
vn 0.8051 0.0838 -0.5871
vn 0.3081 0.1901 -0.9322
vn -0.4433 0.1743 -0.8792
vn -0.8311 0.1404 -0.5380
vn -0.9725 0.1362 -0.1890
vn -0.9393 0.1251 0.3194
vn -0.5532 0.1701 0.8155
vn 0.0559 0.1436 0.9880
vn 0.6009 0.0511 0.7977
vn 0.8918 -0.0111 0.4522
vn 0.9918 0.0169 -0.1270
vn 0.8023 0.1288 -0.5828
vn 0.4810 0.1910 -0.8557
vn 0.0640 0.2170 -0.9741
vn -0.3541 0.1832 -0.9171
vn -0.7521 0.1128 -0.6493
vn -0.9889 -0.0660 -0.1331
vn -0.9157 -0.1838 0.3573
vn -0.5487 -0.3186 0.7729
vn 0.2016 -0.2894 0.9357
vn 0.7357 -0.1932 0.6492
vn 0.9347 -0.0951 0.3424
vn -0.0000 0.5398 -0.8418
vn -0.0000 0.3557 -0.9346
vn -0.3018 0.0972 -0.9484
vn -0.2724 0.0453 -0.9611
vn -0.0851 -0.6716 -0.7360
vn -0.1818 -0.5637 -0.8057
vn 0.0220 -0.8583 -0.5127
vn -0.0700 -0.8592 -0.5068
vn -0.1497 0.5824 -0.7990
vn -0.0972 0.7859 -0.6106
vn -0.0120 0.9828 -0.1845
vn -0.2449 0.7266 -0.6419
vn -0.1864 0.7567 -0.6266
vn -0.0899 0.4147 0.9055
vn -0.1470 0.5992 0.7870
vn -0.1709 -0.4665 0.8679
vn -0.2106 -0.3341 0.9187
vn 0.0401 -0.9755 -0.2162
vn 0.1910 -0.9723 -0.1344
vn 0.2249 -0.9671 -0.1190
vn 0.3983 -0.8104 -0.4298
vn -0.0495 0.8511 0.5227
vn -0.0600 0.9133 0.4029
vn -0.0337 0.9862 0.1618
vn -0.0378 0.9832 0.1787
vn 0.4740 -0.7534 -0.4558
vn -0.0608 -0.9771 -0.2038
vn -0.0751 -0.9860 0.1485
vn -0.3045 0.4119 0.8589
vn -0.0954 0.7230 0.6843
vn 0.0393 -0.9991 -0.0177
vn 0.1503 -0.9708 -0.1868
vn 0.2138 -0.8792 -0.4258
vn -0.0590 0.9864 -0.1535
vn -0.1099 0.9762 -0.1870
vn -0.1821 -0.2516 -0.9506
vn -0.1602 -0.8572 -0.4895
vn -0.0687 -0.8916 -0.4477
vn -0.1489 -0.1555 -0.9765
vn -0.2694 -0.8444 0.4630
vn -0.0855 -0.9963 0.0069
vn 0.4594 -0.8846 -0.0810
vn -0.0459 0.7959 -0.6037
vn 0.0431 0.9849 -0.1676
vn 0.4817 -0.6530 -0.5844
vn 0.3576 -0.8037 -0.4756
vn 0.2417 -0.9422 -0.2320
vn 0.4839 -0.7933 -0.3695
vn 0.0892 0.9949 0.0464
vn 0.4749 0.8059 -0.3536
vn 0.2204 0.9748 0.0355
vn 0.1599 0.9461 0.2816
vn 0.4797 -0.7294 -0.4877
vn 0.7954 -0.4968 -0.3471
vn 0.0683 0.9573 0.2810
vn 0.5906 0.8058 0.0442
vn 0.2281 -0.8848 -0.4064
vn 0.2092 -0.9442 -0.2544
vn 0.1171 0.9911 -0.0631
vn 0.4023 0.7850 -0.4712
vn 0.1970 0.9647 -0.1750
vn 0.0406 -0.7530 -0.6567
vn -0.1191 0.0627 -0.9909
vn -0.0732 -0.0247 -0.9970
vn 0.0415 -0.8199 -0.5709
vn 0.7381 -0.2320 0.6336
vn 0.3807 -0.9177 0.1140
vn 0.1755 -0.5270 0.8316
vn 0.1025 -0.9678 -0.2298
vn -0.0200 0.8058 -0.5919
vn 0.0985 0.9799 -0.1735
vn -0.0292 0.5193 0.8541
vn 0.1973 -0.9755 -0.0970
vn 0.1449 -0.9746 -0.1708
vn 0.0104 0.9118 0.4105
vn 0.0662 0.9337 0.3519
vn 0.1217 0.9904 0.0662
vn 0.0440 0.9926 0.1134
vn 0.1251 0.5498 0.8259
vn -0.1240 -0.9506 -0.2847
vn -0.2557 -0.9650 0.0580
vn -0.4486 -0.7573 0.4746
vn -0.4181 -0.2808 0.8639
vn -0.1716 -0.9802 -0.0988
vn -0.0943 -0.9879 -0.1229
vn -0.5143 -0.8307 0.2131
vn 0.9864 0.1495 0.0687
vn 0.8125 -0.3145 -0.4908
vn 0.5734 0.4278 0.6987
vn 0.1078 0.5679 0.8160
vn -0.6549 -0.2880 0.6987
vn -0.3311 0.3835 0.8621
vn 0.3382 -0.9352 0.1048
vn 0.3688 0.7364 0.5672
vn 0.6458 -0.1660 0.7453
vn 0.8700 0.0709 -0.4879
vn 0.4775 0.8769 -0.0548
vn 0.3909 -0.8979 0.2023
vn 0.4646 0.8539 0.2345
vn 0.9901 0.0226 -0.1387
vn 0.3775 -0.1339 -0.9163
vn 0.8152 -0.0654 0.5755
vn 0.6108 -0.0318 -0.7912
vn 0.1016 -0.8512 -0.5149
vn -0.0127 -0.9211 -0.3890
vn 0.3981 -0.8058 -0.4383
vn 0.1318 -0.9083 -0.3969
vn -0.4373 -0.8987 0.0314
vn 0.8808 0.4355 -0.1855
vn 0.7241 -0.3193 -0.6114
vn 0.5825 0.6910 0.4280
vn 0.2463 0.6799 0.6907
vn -0.2014 0.4388 0.8757
vn -0.6269 -0.3315 0.7051
vn -0.0441 -0.9735 -0.2243
vn -0.1810 -0.8570 0.4824
vn 0.1759 0.9584 0.2246
vn 0.3342 0.7982 -0.5013
vn -0.0293 0.4874 0.8727
vn -0.1731 -0.2566 0.9509
vn 0.1703 -0.6157 -0.7693
vn 0.3217 0.1421 -0.9361
vn 0.0532 -0.6563 -0.7526
vn -0.0164 -0.9623 -0.2714
vn 0.0688 -0.0658 -0.9955
vn 0.1521 0.6360 -0.7566
vn 0.1911 0.5782 0.7932
vn 0.1785 0.9839 0.0059
vn 0.1489 -0.3082 0.9396
vn 0.0728 -0.9163 0.3938
vn -0.0812 -0.8372 -0.5408
vn -0.0698 -0.9973 0.0236
vn -0.0325 -0.2552 -0.9663
vn 0.0875 0.5383 -0.8382
vn 0.2941 0.7336 0.6126
vn 0.1416 0.9717 -0.1891
vn 0.2516 -0.0549 0.9663
vn 0.1195 -0.7650 0.6328
vn 0.2686 -0.6099 -0.7455
vn 0.4304 0.0924 -0.8979
vn 0.8662 0.1561 -0.4748
vn 0.6782 -0.7347 -0.0164
vn 0.1872 0.6923 -0.6969
vn 0.3757 0.8632 -0.3373
vn -0.0271 0.1345 -0.9906
vn -0.0477 0.7219 -0.6904
vn 0.3930 0.7156 0.5775
vn 0.4475 0.8833 0.1395
vn 0.0788 0.9834 0.1636
vn 0.1825 0.7898 0.5857
vn 0.3417 0.3034 0.8895
vn 0.6395 0.2164 0.7377
vn 0.5290 -0.4107 0.7426
vn 0.9423 0.2022 0.2669
vn 0.0107 0.9603 -0.2786
vn -0.1641 -0.2792 -0.9461
vn -0.1765 -0.8881 -0.4245
vn -0.0972 0.5929 -0.7994
vn 0.4307 0.7479 0.5051
vn 0.0845 0.9902 -0.1111
vn 0.6149 0.0223 0.7883
vn 0.3869 -0.7315 0.5614
vn -0.0331 -0.9882 0.1496
vn -0.0510 -0.8830 -0.4665
vn -0.1057 -0.2851 -0.9527
vn -0.1397 -0.2383 -0.9611
vn -0.0572 -0.8559 -0.5139
vn -0.0430 0.5700 -0.8206
vn -0.1279 0.5849 -0.8010
vn 0.1978 0.7469 0.6349
vn 0.1330 0.7516 0.6461
vn -0.0250 0.9946 -0.1005
vn 0.0918 0.9876 -0.1274
vn 0.2637 -0.0004 0.9646
vn 0.2245 0.0132 0.9744
vn 0.1841 -0.7061 0.6838
vn 0.1760 -0.7018 0.6903
vn 0.0558 -0.9902 0.1283
vn 0.0596 -0.9922 0.1092
vn -0.0315 -0.8633 -0.5037
vn -0.1820 -0.2559 -0.9494
vn -0.1237 0.5881 -0.7993
vn 0.1343 0.7378 0.6615
vn 0.0227 0.9932 -0.1145
vn 0.1984 -0.0445 0.9791
vn 0.1911 -0.7223 0.6646
vn 0.0933 -0.9909 0.0970
vn -0.1666 -0.3158 -0.9341
vn -0.1489 -0.8856 -0.4398
vn -0.0298 0.5546 -0.8316
vn 0.3126 0.7290 0.6089
vn 0.1514 0.9811 -0.1201
vn 0.3076 -0.0044 0.9515
vn 0.1592 -0.7050 0.6911
vn -0.0481 -0.9863 0.1579
vn 0.0164 -0.7950 -0.6063
vn -0.1011 -0.0337 -0.9943
vn -0.0972 0.7347 -0.6714
vn -0.0173 0.9975 -0.0685
vn 0.1362 0.8257 0.5474
vn 0.2618 0.1587 0.9520
vn 0.2509 -0.6620 0.7062
vn 0.1776 -0.9828 0.0503
vn -0.0329 -0.8650 -0.5008
vn -0.1111 -0.1918 -0.9751
vn -0.0743 0.6523 -0.7543
vn 0.0603 0.9905 -0.1233
vn 0.1556 0.7863 0.5979
vn 0.1880 -0.0137 0.9821
vn 0.1471 -0.7488 0.6463
vn 0.0739 -0.9931 0.0908
vn -0.0851 -0.8867 -0.4544
vn -0.1254 -0.3117 -0.9419
vn 0.0351 0.5414 -0.8400
vn 0.2124 0.9667 -0.1430
vn 0.2814 0.7383 0.6130
vn 0.2775 0.0003 0.9607
vn 0.1648 -0.7082 0.6866
vn 0.0160 -0.9907 0.1354
vn -0.1530 -0.2458 -0.9572
vn -0.0160 -0.8708 -0.4913
vn -0.0708 0.6148 -0.7855
vn 0.1642 0.7537 0.6363
vn 0.1016 0.9862 -0.1310
vn 0.1653 -0.0461 0.9852
vn 0.1817 -0.7358 0.6523
vn 0.1098 -0.9898 0.0908
vn 0.4891 0.8322 -0.2612
vn 0.8841 -0.0591 -0.4636
vn 0.5397 0.0316 -0.8413
vn 0.3320 0.6818 -0.6519
vn 0.7574 0.3354 -0.5602
vn 0.7973 0.6031 -0.0245
vn 0.9019 -0.4195 -0.1029
vn 0.6633 -0.4163 -0.6219
vn 0.4880 -0.8687 -0.0848
vn 0.2918 -0.6084 -0.7381
vn 0.1383 0.1767 -0.9745
vn 0.0585 0.7900 -0.6103
vn 0.4228 0.7257 0.5428
vn 0.5240 0.8470 0.0894
vn 0.1169 0.9821 0.1478
vn 0.1529 0.8007 0.5792
vn 0.3003 0.1794 0.9368
vn 0.7020 0.0410 0.7109
vn 0.4346 -0.6332 0.6404
vn -0.1477 -0.3814 0.9126
vn -0.1290 0.4556 0.8808
vn -0.0535 -0.9050 0.4220
vn 0.1562 -0.6875 -0.7092
vn 0.0457 -0.9828 -0.1787
vn 0.1879 0.0061 -0.9822
vn 0.1360 0.7745 -0.6177
vn 0.0248 0.9798 0.1983
vn 0.3826 0.3614 0.8503
vn 0.1068 0.5869 0.8026
vn 0.0515 -0.1128 0.9923
vn 0.3379 -0.3317 0.8808
vn 0.0939 -0.7607 0.6423
vn 0.2523 -0.9641 0.0832
vn 0.7466 -0.3810 0.5453
vn 0.3082 -0.8051 -0.5067
vn 0.3942 -0.1768 -0.9019
vn 0.3677 0.6250 -0.6887
vn 0.6654 0.5907 0.4565
vn 0.2094 0.9163 0.3414
vn 0.0990 -0.9892 -0.1076
vn 0.0064 -0.8840 0.4674
vn -0.0564 -0.8811 0.4695
vn 0.0059 -0.9849 -0.1729
vn 0.1387 0.6798 -0.7201
vn 0.2016 0.7112 -0.6735
vn 0.1195 0.9889 0.0887
vn 0.0523 0.9980 0.0359
vn -0.1054 -0.2993 0.9483
vn -0.0607 0.5978 0.7993
vn 0.0026 0.5656 0.8246
vn -0.0773 -0.2892 0.9541
vn 0.1363 -0.7597 -0.6358
vn 0.0825 -0.6900 -0.7191
vn 0.1460 -0.1184 -0.9822
vn 0.1704 -0.0293 -0.9849
vn -0.0391 -0.9992 -0.0013
vn -0.1093 -0.8086 0.5782
vn 0.3072 0.9404 -0.1457
vn 0.2424 0.7333 -0.6352
vn 0.1735 0.9826 0.0662
vn -0.0060 0.6342 0.7731
vn -0.0774 0.6213 0.7797
vn -0.1425 -0.2742 0.9511
vn -0.1358 -0.2432 0.9604
vn -0.0563 -0.8922 0.4481
vn -0.1639 -0.8622 0.4794
vn -0.0117 -0.7984 -0.6020
vn -0.1102 -0.9908 -0.0791
vn 0.0378 -0.9954 -0.0879
vn 0.0971 -0.8054 -0.5847
vn 0.1545 -0.1511 -0.9764
vn 0.1606 -0.1662 -0.9729
vn 0.2116 0.6774 -0.7045
vn 0.1570 0.6650 -0.7301
vn 0.1804 0.9825 0.0456
vn 0.0711 0.9972 0.0236
vn -0.0439 -0.8967 0.4405
vn 0.0302 -0.9824 -0.1843
vn 0.2335 0.7306 -0.6416
vn 0.1114 0.9822 0.1515
vn -0.0153 0.5146 0.8573
vn -0.0763 -0.3382 0.9380
vn 0.1359 -0.7001 -0.7010
vn 0.2451 -0.0437 -0.9685
vn -0.1064 -0.3518 0.9300
vn -0.1099 0.4868 0.8666
vn 0.0058 -0.9001 0.4357
vn 0.2159 -0.7046 -0.6760
vn 0.0946 -0.9810 -0.1693
vn 0.2403 -0.0412 -0.9698
vn 0.1536 0.7590 -0.6327
vn 0.0148 0.9831 0.1825
vn -0.0877 -0.1334 0.9872
vn 0.0625 0.6841 0.7267
vn 0.0737 -0.7983 -0.5978
vn 0.2106 -0.0923 -0.9732
vn 0.9790 -0.0557 0.1962
vn 0.0898 0.9735 -0.2104
vn 0.0990 -0.9723 -0.2116
vn 0.0497 -0.7437 -0.6667
vn -0.0176 -0.7345 -0.6784
vn 0.0329 -0.9830 -0.1809
vn 0.0084 -0.1735 -0.9848
vn -0.0309 -0.1320 -0.9908
vn -0.0072 0.6007 -0.7995
vn -0.0285 0.6388 -0.7688
vn 0.0723 0.5268 0.8469
vn 0.0544 0.5829 0.8107
vn -0.0077 1.0000 0.0063
vn 0.0215 0.9996 0.0198
vn 0.1344 -0.3757 0.9170
vn 0.1198 -0.3429 0.9317
vn 0.1574 -0.9227 0.3519
vn 0.0871 -0.9116 0.4017
vn 0.0190 -0.8044 -0.5938
vn 0.0708 -0.9965 -0.0450
vn 0.1556 -0.9847 -0.0788
vn 0.0867 -0.7823 -0.6168
vn -0.0264 -0.1062 -0.9940
vn -0.0452 -0.1215 -0.9916
vn -0.0394 0.7109 -0.7022
vn -0.0566 0.7028 -0.7091
vn 0.0116 0.9994 -0.0311
vn -0.0141 0.9996 -0.0231
vn 0.0548 0.6872 0.7244
vn 0.0761 0.7032 0.7069
vn 0.1243 -0.1549 0.9801
vn 0.1372 -0.2114 0.9677
vn 0.1126 -0.8372 0.5352
vn 0.1937 -0.8429 0.5020
vn 0.0931 -0.9681 -0.2328
vn 0.0427 -0.7422 -0.6688
vn 0.0130 -0.2265 -0.9739
vn 0.0439 0.5978 -0.8005
vn 0.1164 0.5350 0.8368
vn 0.1130 0.9935 0.0102
vn 0.1362 -0.3841 0.9132
vn 0.1660 -0.9203 0.3541
vn -0.0693 -0.7769 -0.6258
vn -0.0386 -0.9983 -0.0437
vn -0.0319 -0.0397 -0.9987
vn -0.0253 0.7372 -0.6752
vn 0.0931 0.7342 0.6725
vn 0.0311 0.9989 -0.0337
vn 0.1169 -0.1211 0.9857
vn 0.0212 -0.8259 0.5634
vn 0.1030 -0.9928 -0.0605
vn 0.0295 -0.6950 -0.7184
vn -0.0177 0.0972 -0.9951
vn 0.0014 0.7952 -0.6064
vn 0.0414 0.9988 -0.0270
vn 0.1140 0.8020 0.5864
vn 0.1522 0.0507 0.9870
vn 0.1422 -0.7546 0.6406
vn 0.5376 0.0443 -0.8420
vn 0.8927 -0.1223 -0.4337
vn 0.3436 -0.8614 -0.3741
vn 0.1274 -0.5845 -0.8013
vn 0.5621 0.8013 -0.2048
vn 0.3855 0.7486 -0.5395
vn 0.0252 0.1739 -0.9844
vn 0.0723 0.8041 -0.5901
vn 0.5229 0.6814 0.5121
vn 0.6034 0.7904 0.1057
vn 0.1949 0.9670 0.1643
vn 0.2710 0.8085 0.5224
vn 0.3814 0.3269 0.8647
vn 0.7514 0.0827 0.6546
vn 0.4373 -0.4609 0.7723
vn 0.4453 -0.8682 0.2189
vn 0.9842 -0.1255 0.1250
vn 0.1534 0.9739 -0.1672
vn -0.0558 -0.9979 0.0339
vn -0.1208 -0.8386 -0.5312
vn -0.1504 -0.8133 -0.5621
vn -0.0726 -0.9969 0.0316
vn -0.0790 -0.2700 -0.9596
vn -0.1410 -0.2368 -0.9613
vn -0.0115 0.5274 -0.8495
vn -0.0328 0.5407 -0.8406
vn 0.2149 0.8232 0.5256
vn 0.2275 0.8162 0.5311
vn 0.1047 0.9684 -0.2264
vn 0.1193 0.9650 -0.2336
vn 0.2213 0.0627 0.9732
vn 0.2349 0.0730 0.9693
vn 0.0855 -0.7405 0.6666
vn 0.0900 -0.7232 0.6847
vn -0.1552 -0.9872 0.0377
vn -0.2186 -0.8063 -0.5496
vn -0.1468 -0.7206 -0.6776
vn -0.0336 -0.9993 -0.0154
vn -0.1642 -0.1528 -0.9745
vn -0.1330 0.0414 -0.9903
vn -0.0167 0.6589 -0.7521
vn 0.0073 0.7639 -0.6453
vn 0.1476 0.9762 -0.1591
vn 0.2527 0.8467 0.4683
vn 0.2500 0.8310 0.4969
vn 0.1178 0.9910 -0.0639
vn 0.2535 0.1216 0.9597
vn 0.2954 0.2284 0.9277
vn -0.0100 -0.7366 0.6763
vn 0.1305 -0.6616 0.7384
vn -0.0682 -0.8566 -0.5114
vn 0.0072 -0.9998 0.0173
vn -0.1077 -0.3276 -0.9387
vn -0.0137 0.4969 -0.8677
vn 0.2686 0.7526 0.6012
vn 0.1737 0.9580 -0.2283
vn 0.2039 -0.0703 0.9765
vn 0.1168 -0.7771 0.6185
vn -0.1235 -0.8323 -0.5403
vn -0.0153 -0.9993 0.0329
vn -0.1760 -0.2573 -0.9502
vn -0.0652 0.5461 -0.8352
vn 0.2428 0.8144 0.5270
vn 0.1250 0.9665 -0.2244
vn 0.1995 0.0454 0.9789
vn 0.1158 -0.7362 0.6668
vn 0.0206 -0.9995 0.0247
vn -0.0487 -0.8561 -0.5145
vn -0.0680 -0.2988 -0.9519
vn -0.0101 0.5097 -0.8603
vn 0.1527 0.9577 -0.2439
vn 0.2294 0.8063 0.5453
vn 0.1821 0.0581 0.9816
vn 0.1277 -0.7448 0.6549
vn -0.0687 -0.9963 0.0508
vn -0.1584 -0.8515 -0.4999
vn -0.1713 -0.2656 -0.9488
vn -0.0580 0.5926 -0.8034
vn 0.1509 0.9687 -0.1972
vn 0.2441 0.8341 0.4946
vn 0.1907 0.0707 0.9791
vn 0.0404 -0.7531 0.6567
vn -0.1640 -0.4240 0.8907
vn -0.3066 -0.8732 0.3789
vn 0.2134 -0.9759 -0.0458
vn 0.7689 -0.4514 0.4527
vn 0.5123 0.4848 0.7089
vn -0.1226 0.2805 0.9520
vn 0.6911 -0.5091 -0.5131
vn 0.9310 0.0777 -0.3565
vn 0.8209 0.5709 -0.0125
vn -0.4690 -0.7937 0.3873
vn -0.1323 -0.9450 -0.2992
vn 0.4237 -0.4429 -0.7901
vn 0.7047 0.3263 -0.6300
vn 0.5088 0.8609 0.0027
vn 0.0354 0.7441 0.6671
vn -0.3118 0.2451 0.9180
vn -0.4923 -0.3214 0.8089
vn -0.5126 -0.8492 0.1271
vn -0.0305 -0.8911 -0.4528
vn 0.5234 -0.3917 -0.7567
vn 0.7610 0.4106 -0.5022
vn 0.5125 0.8567 0.0582
vn 0.1459 0.8551 0.4975
vn -0.2819 0.5069 0.8146
vn -0.6071 -0.2632 0.7498
vn -0.3922 -0.8662 0.3098
vn -0.1297 -0.9126 -0.3876
vn 0.3514 -0.4341 -0.8295
vn 0.6195 0.3996 -0.6756
vn 0.3863 0.9214 -0.0425
vn 0.0487 0.8144 0.5783
vn -0.2274 0.3276 0.9170
vn -0.4383 -0.3497 0.8280
vn -0.0929 -0.9017 -0.4223
vn -0.4552 -0.8604 0.2292
vn 0.3965 -0.4282 -0.8120
vn 0.6443 0.4112 -0.6448
vn 0.4112 0.9088 -0.0703
vn 0.0733 0.8756 0.4775
vn -0.2998 0.4232 0.8550
vn -0.5386 -0.3126 0.7824
vn 0.9661 0.0604 0.2510
vn 0.9823 0.0988 -0.1593
vn 0.8481 0.1392 -0.5113
vn 0.4195 0.2433 -0.8745
vn -0.3763 0.2002 -0.9046
vn -0.7675 0.1680 -0.6186
vn -0.9639 0.1280 -0.2333
vn -0.9520 0.2531 0.1719
vn 0.1317 0.5735 0.8086
vn 0.3450 -0.3234 0.8811
vn 0.8573 -0.1417 0.4948
vn 0.6036 0.4470 0.6602
vn 0.2061 0.4430 0.8725
vn 0.2656 -0.3856 0.8836
vn 0.8130 -0.2161 0.5406
vn 0.6396 0.3386 0.6901
vn 0.2451 0.3699 0.8962
vn 0.2968 -0.3896 0.8719
vn 0.8055 -0.2685 0.5283
vn 0.6364 0.2906 0.7145
vn 0.4533 0.4112 0.7908
vn 0.4008 -0.2172 0.8900
vn 0.8275 -0.2327 0.5109
vn 0.7310 0.2109 0.6490
vn 0.8886 0.1669 0.4272
vn -0.6269 0.4863 0.6087
vn -0.4580 -0.8887 -0.0205
vn -0.2486 -0.9564 -0.1535
vn -0.6551 -0.6908 -0.3061
vn -0.8673 -0.4853 -0.1106
vn -0.1454 -0.9886 0.0398
vn -0.0411 -0.9980 -0.0479
vn 0.4307 -0.8961 0.1072
vn 0.2430 -0.9699 -0.0157
vn 0.9692 -0.2363 0.0694
vn 0.8361 -0.5380 -0.1074
vn 0.9810 0.1194 0.1531
vn 0.9781 0.2065 -0.0251
vn 0.6383 0.3527 0.6842
vn 0.0633 0.5325 0.8440
vn -0.4869 -0.8648 0.1230
vn -0.0862 -0.9905 0.1071
vn 0.5486 -0.8206 0.1602
vn -0.4768 -0.8642 -0.1606
vn 0.0689 -0.9722 -0.2237
vn 0.7102 -0.6956 -0.1084
vn 0.9812 -0.1462 0.1259
vn 0.9988 -0.0387 0.0303
vn -0.9077 -0.4188 0.0264
vn -0.9296 -0.2855 -0.2330
vn -0.8588 0.4987 0.1172
vn -0.6789 0.7287 0.0905
vn -0.2426 0.8833 0.4012
vn -0.4997 0.7259 0.4727
vn -0.5237 -0.8251 -0.2123
vn -0.9581 -0.0128 -0.2861
vn -0.9549 -0.0295 -0.2953
vn -0.0651 -0.9978 -0.0151
vn 0.0463 -0.9980 0.0426
vn 0.1068 -0.9941 0.0164
vn 0.6371 -0.7630 -0.1093
vn 0.7103 0.6897 0.1408
vn 0.9833 0.1521 -0.1003
vn 0.8570 0.4391 0.2697
vn 0.4910 0.8010 0.3425
vn 0.6956 0.5718 0.4349
vn 0.1709 0.8645 0.4727
vn 0.1575 0.7687 0.6199
vn 0.9862 0.0503 0.1580
vn 0.9979 0.0642 -0.0065
vn 0.9914 0.0334 -0.1265
vn 0.9799 0.0296 0.1974
vn 0.9062 0.1911 -0.3773
vn 0.8635 0.1976 -0.4640
vn 0.3285 0.1256 -0.9361
vn 0.3485 0.3083 -0.8852
vn -0.5249 0.2185 -0.8226
vn -0.4592 0.2999 -0.8362
vn -0.9000 0.1730 -0.4001
vn -0.8246 0.2103 -0.5252
vn -0.9927 0.0053 -0.1206
vn -0.9678 0.0771 -0.2395
vn -0.9917 0.0393 -0.1222
vn -0.8198 -0.1316 0.5574
vn -0.6460 -0.7378 0.1960
vn -0.0971 -0.9641 0.2473
vn -0.2012 -0.2646 0.9431
vn -0.8996 -0.1589 0.4068
vn -0.8048 -0.5894 -0.0701
vn -0.4099 -0.9088 0.0778
vn -0.4514 -0.3480 0.8217
vn -0.8291 -0.5539 0.0758
vn -0.4098 -0.9023 0.1338
vn -0.3547 -0.3019 0.8849
vn -0.8219 -0.0466 0.5677
vn -0.9348 -0.1966 0.2959
vn -0.6491 -0.6546 0.3875
vn -0.2369 -0.0247 0.9712
vn -0.6901 0.2568 0.6766
vn -0.7650 0.6435 0.0266
vn -0.4399 0.8846 0.1548
vn -0.9850 -0.0608 -0.1616
vn -0.9705 -0.2409 -0.0096
vn 0.9657 -0.2592 -0.0127
vn 0.3305 -0.9415 0.0654
vn 0.4224 -0.9063 0.0123
vn 0.9950 -0.0510 -0.0859
vn 0.3019 0.6666 0.6816
vn 0.4928 -0.2064 0.8453
vn 0.8716 -0.0373 0.4888
vn 0.6606 0.5647 0.4946
vn -0.3014 -0.9475 0.1070
vn -0.4446 -0.3309 0.8324
vn -0.9322 -0.1793 0.3144
vn -0.7418 -0.6700 -0.0276
vn 0.2369 -0.9431 0.2332
vn 0.1937 -0.9808 0.0239
vn -0.2901 -0.9559 0.0450
vn -0.0651 0.9278 0.3675
vn 0.0467 -0.9625 0.2671
vn 0.0302 -0.9610 0.2751
vn -0.0072 -0.9763 0.2162
vn 0.7567 0.6512 0.0587
vn 0.4574 0.8200 0.3440
vn 0.5309 0.8238 0.1987
vn 0.1762 0.9074 0.3816
vn 0.3462 0.8820 0.3196
vn 0.8885 -0.1695 -0.4264
vn 0.2698 -0.5158 -0.8131
vn -0.5329 -0.3809 -0.7556
vn -0.9613 -0.2753 0.0069
vn -0.7904 0.5258 0.3144
vn -0.4458 -0.8916 -0.0798
vn -0.5107 -0.8234 -0.2473
vn 0.1186 -0.9453 -0.3039
vn 0.0053 -0.1718 0.9851
vn 0.9944 0.0134 0.1049
vn 0.7037 -0.6860 -0.1850
vn -0.1637 0.8114 0.5612
vn 0.6098 0.6321 0.4781
vn -0.0780 0.9437 0.3213
vn -0.0359 0.8728 0.4867
vn 0.3556 -0.9070 0.2256
vn 0.7453 -0.6448 0.1697
vn -0.1935 0.6585 0.7273
vn -0.6649 0.5167 0.5393
vn -0.9857 -0.1008 0.1349
vn -0.6664 0.6058 0.4347
vn -0.6054 -0.7675 -0.2108
vn 0.0773 -0.9617 -0.2629
vn 0.9865 0.0604 0.1524
vn 0.6891 -0.6972 -0.1975
vn 0.5387 0.7265 0.4266
vn -0.0441 0.8636 0.5023
vn 0.2911 -0.1471 0.9453
vn 0.0037 0.8380 0.5456
vn 0.5747 0.6222 0.5316
vn 0.9762 -0.0953 0.1948
vn -0.1938 0.9207 0.3387
vn -0.1563 0.8736 0.4609
vn -0.9449 -0.3113 0.1013
vn -0.7966 0.4597 0.3925
vn -0.4782 -0.8781 0.0125
vn 0.0888 -0.9721 0.2171
vn 0.0629 -0.9777 -0.2005
vn 0.6415 -0.7622 -0.0868
vn 0.1187 -0.9517 0.2831
vn -0.3176 0.5651 0.7615
vn -0.7476 0.4003 0.5299
vn 0.2661 -0.9523 0.1496
vn 0.7252 -0.6808 0.1028
vn 0.5686 0.6921 0.4446
vn 0.9880 0.0500 0.1462
vn 0.9992 0.0206 0.0349
vn 0.5799 0.6740 0.4576
vn -0.1246 0.8417 0.5253
vn -0.1475 0.8375 0.5262
vn -0.9755 -0.2085 -0.0697
vn -0.9961 -0.0877 0.0058
vn -0.7490 0.5702 0.3374
vn -0.8030 0.4969 0.3291
vn -0.5231 -0.7663 -0.3730
vn -0.6221 -0.7009 -0.3490
vn 0.0773 -0.8880 -0.4533
vn 0.0268 -0.9054 -0.4238
vn 0.6905 -0.6586 -0.2992
vn 0.6702 -0.6515 -0.3554
vn 0.2838 0.8059 0.5195
vn 0.0836 0.9288 0.3610
vn 0.0478 0.8685 0.4933
vn 0.7356 0.4956 0.4618
vn -0.9323 -0.2025 0.2997
vn -0.6253 0.5431 0.5603
vn -0.5792 -0.8142 0.0403
vn 0.0080 -0.9667 0.2556
vn -0.1054 -0.9770 -0.1852
vn 0.1647 -0.2025 0.9653
vn 0.9261 -0.3099 0.2152
vn 0.4629 -0.8847 -0.0546
vn -0.0882 -0.9534 0.2884
vn -0.2619 0.4638 0.8464
vn -0.7126 0.3424 0.6124
vn 0.7009 -0.7127 0.0289
vn 0.1788 -0.9760 0.1244
vn 0.0090 0.7227 0.6911
vn 0.6358 0.5234 0.5673
vn 0.7247 0.4910 0.4834
vn 0.0235 0.7716 0.6356
vn -0.9990 -0.0419 -0.0156
vn -0.9951 0.0051 0.0988
vn -0.6368 0.5670 0.5225
vn -0.6744 0.5682 0.4715
vn -0.6438 -0.6155 -0.4546
vn -0.7134 -0.5655 -0.4139
vn -0.0676 -0.8174 -0.5722
vn -0.0665 -0.8449 -0.5308
vn 0.9880 -0.0866 0.1280
vn 0.6239 -0.6626 -0.4145
vn 0.5320 -0.7092 -0.4627
vn 0.9830 -0.1810 -0.0300
vn 0.3677 0.8763 0.3113
vn 0.2776 0.8660 0.4159
vn 0.8444 0.4487 0.2926
vn 0.4631 0.7540 0.4658
vn -0.9480 -0.2019 0.2458
vn -0.4858 0.5948 0.6405
vn -0.6763 -0.7327 -0.0763
vn -0.1300 -0.9800 0.1504
vn -0.2719 -0.9286 -0.2527
vn 0.6221 -0.1075 0.7755
vn 0.9387 -0.3150 0.1399
vn 0.3899 -0.9132 -0.1181
vn -0.1642 -0.9594 0.2292
vn -0.1630 0.4209 0.8923
vn -0.5546 0.4201 0.7183
vn 0.6468 -0.7624 0.0189
vn 0.1525 -0.9794 0.1322
vn 0.1922 0.7775 0.5987
vn 0.0724 0.6900 0.7202
vn 0.6644 0.5070 0.5491
vn 0.8126 0.4472 0.3737
vn -0.9992 -0.0394 -0.0099
vn -0.9846 0.0434 0.1692
vn -0.5630 0.5615 0.6064
vn -0.5957 0.5963 0.5381
vn -0.6749 -0.5514 -0.4904
vn -0.7568 -0.5094 -0.4096
vn -0.1841 -0.7909 -0.5836
vn -0.1527 -0.8203 -0.5512
vn 0.9806 -0.1467 0.1298
vn 0.5532 -0.7085 -0.4382
vn 0.4247 -0.7875 -0.4466
vn 0.9617 -0.2713 -0.0394
vn 0.3290 0.8989 0.2893
vn 0.2209 0.8682 0.4444
vn 0.8704 0.4386 0.2235
vn 0.7886 0.6069 0.0984
vn -0.8298 0.0679 0.5539
vn -0.3760 0.6322 0.6774
vn -0.8734 -0.4869 0.0011
vn -0.3510 -0.9364 0.0008
vn -0.4682 -0.8174 -0.3356
vn 0.8873 -0.4611 0.0022
vn 0.2219 -0.9547 -0.1980
vn 0.1237 0.5272 0.8407
vn -0.2813 0.5642 0.7762
vn 0.6431 -0.7566 0.1177
vn 0.0109 -0.9408 0.3388
vn 0.3035 0.7534 0.5834
vn 0.3318 0.6730 0.6611
vn 0.7960 0.3297 0.5077
vn 0.8596 0.3271 0.3926
vn -0.9419 0.3043 0.1421
vn -0.8892 0.3351 0.3116
vn -0.2992 0.7315 0.6127
vn -0.3931 0.7708 0.5014
vn -0.8909 -0.3140 -0.3280
vn -0.9405 -0.2852 -0.1846
vn -0.3913 -0.7261 -0.5654
vn -0.4185 -0.8003 -0.4295
vn 0.9389 -0.3231 0.1191
vn 0.4045 -0.8103 -0.4240
vn 0.2814 -0.8300 -0.4815
vn 0.8975 -0.4390 -0.0428
vn -0.0000 -0.5314 0.8471
vn -0.0000 -0.3094 0.9509
vn 0.4323 -0.3822 0.8167
vn 0.5208 -0.5859 0.6209
vn 0.8329 -0.5002 0.2368
vn 0.7230 -0.2681 0.6367
vn 0.9183 -0.1615 0.3613
vn 0.9322 -0.3582 0.0526
vn 0.9795 -0.1540 0.1302
vn 0.9485 -0.3169 0.0018
vn 0.9863 -0.1635 0.0206
vn 0.9470 -0.3145 -0.0650
vn 0.9800 -0.1788 -0.0879
vn 0.9338 -0.3116 -0.1761
vn 0.9667 -0.1732 -0.1886
vn 0.9133 -0.3058 -0.2689
vn 0.9332 -0.2132 -0.2892
vn 0.8735 -0.2995 -0.3838
vn 0.8697 -0.2081 -0.4475
vn 0.8110 -0.2756 -0.5160
vn 0.6867 -0.2441 -0.6847
vn 0.6942 -0.2618 -0.6704
vn 0.3936 -0.2515 -0.8842
vn 0.5060 -0.2889 -0.8127
vn 0.1847 -0.2478 -0.9510
vn 0.3391 -0.3232 -0.8835
vn 0.0520 -0.2709 -0.9612
vn 0.2482 -0.3692 -0.8956
vn 0.0169 -0.3014 -0.9533
vn 0.1723 -0.4204 -0.8908
vn 0.0000 -0.3345 -0.9424
vn 0.0000 -0.4477 -0.8942
vn -0.0000 -0.0020 1.0000
vn 0.4092 -0.0232 0.9121
vn 0.6424 0.0212 0.7661
vn 0.8663 0.0660 0.4951
vn 0.9894 0.0470 0.1372
vn 0.9895 0.0269 -0.1417
vn 0.8898 -0.0130 -0.4562
vn 0.5563 -0.0852 -0.8266
vn 0.1741 -0.0661 -0.9825
vn -0.0000 -0.1249 -0.9922
vn -0.0000 -0.3926 -0.9197
vn 0.0233 -0.7182 -0.6955
vn 0.0900 -0.9875 -0.1295
vn -0.0511 -0.0258 -0.9984
vn -0.0637 0.6997 -0.7116
vn 0.0265 0.6740 0.7383
vn -0.0453 0.9990 -0.0054
vn 0.1095 -0.1492 0.9827
vn 0.1341 -0.8467 0.5149
vn -0.8688 0.1205 -0.4803
vn -0.9172 -0.2118 -0.3375
vn -0.7334 -0.2597 -0.6282
vn -0.5723 0.0931 -0.8148
vn -0.4421 -0.3267 -0.8353
vn -0.2107 0.0813 -0.9742
vn -0.0664 -0.4016 -0.9134
vn 0.0490 0.0997 -0.9938
vn -0.3554 -0.0666 0.9323
vn -0.0322 -0.2692 0.9626
vn -0.6676 -0.4124 0.6198
vn -0.7907 -0.0754 0.6076
vn -0.9546 0.0723 0.2890
vn -0.9395 -0.3034 0.1588
vn -0.9796 -0.2006 0.0112
vn -0.9907 0.1183 -0.0666
vn -0.1557 -0.4348 -0.8869
vn -0.5594 -0.3968 -0.7277
vn -0.4286 -0.4803 -0.7653
vn -0.1595 -0.2790 -0.9469
vn -0.9247 -0.3703 0.0878
vn -0.9657 -0.2283 -0.1237
vn -0.9701 -0.2218 0.0989
vn -0.8365 -0.3206 0.4444
vn -0.6031 0.7649 -0.2264
vn -0.0469 0.7816 -0.6220
vn -0.0118 0.9618 -0.2735
vn -0.3572 0.9329 -0.0460
vn -0.4886 0.6354 -0.5979
vn -0.1941 0.5742 -0.7953
vn 0.0264 0.4925 -0.8699
vn 0.0036 0.5304 -0.8478
vn 0.0043 0.6807 0.7326
vn -0.1647 0.4968 0.8521
vn -0.0745 0.7182 0.6918
vn -0.3253 0.5881 0.7405
vn -0.1318 0.7680 0.6267
vn -0.5033 0.7255 0.4694
vn -0.4793 0.8692 0.1212
vn -0.1662 0.8695 0.4651
vn -0.1291 0.9827 0.1331
vn -0.8982 0.4374 -0.0444
vn -0.8603 0.3571 -0.3639
vn -0.5268 0.3943 -0.7530
vn -0.0985 0.3366 -0.9365
vn -0.3581 0.2468 0.9005
vn -0.5806 0.3247 0.7467
vn -0.7847 0.4036 0.4705
vn -0.8896 0.4299 0.1542
vn -0.0168 -0.0112 -0.9998
vn -0.2096 -0.2853 -0.9352
vn -0.1311 0.2278 -0.9648
vn 0.0746 0.3220 -0.9438
vn 0.3124 0.6912 0.6517
vn 0.0324 0.7373 0.6748
vn -0.0071 0.8444 0.5356
vn -0.0106 0.8098 0.5866
vn -0.2013 0.7800 0.5925
vn -0.4444 0.7108 0.5451
vn -0.5561 0.5352 0.6358
vn -0.2769 0.7129 0.6442
vn -0.4748 0.4898 -0.7312
vn -0.7557 0.4254 -0.4980
vn -0.1889 0.5640 -0.8039
vn -0.0309 0.5576 -0.8295
vn -0.4016 -0.1299 0.9066
vn -0.7037 0.0439 0.7091
vn -0.8806 0.2325 0.4128
vn -0.9295 0.3576 -0.0900
vn -0.7209 -0.4913 -0.4887
vn -0.8499 -0.4864 -0.2028
vn 0.8480 -0.1644 0.5039
vn 0.7698 0.3452 0.5368
vn -0.7745 0.0876 0.6264
vn -0.8281 -0.0940 0.5526
vn -0.9829 -0.1288 0.1314
vn -0.8390 0.3422 0.4230
vn -0.7982 -0.6023 -0.0099
vn -0.6907 -0.4760 -0.5444
vn -0.4811 0.0308 0.8761
vn -0.1135 0.4114 0.9044
vn -0.4272 0.4391 0.7904
vn 0.0551 0.1873 0.9807
vn 0.0463 -0.1224 0.9914
vn -0.1099 -0.4249 0.8985
vn -0.4033 -0.4703 0.7850
vn -0.6525 -0.3438 0.6754
vn -0.7986 -0.1147 0.5909
vn -0.8221 0.0903 0.5621
vn -0.6707 0.3469 0.6556
vn -0.7841 0.2227 0.5794
vn 0.1611 0.6245 0.7642
vn -0.3271 0.6781 0.6581
vn 0.4283 0.2993 0.8526
vn 0.4566 -0.2124 0.8640
vn 0.2119 -0.6611 0.7197
vn -0.2165 -0.8049 0.5526
vn -0.6666 -0.6353 0.3898
vn -0.9268 -0.2198 0.3044
vn -0.9461 0.1216 0.3003
vn -0.8783 0.3112 0.3630
vn -0.7154 0.5049 0.4830
vn -0.5868 0.6468 0.4871
vn -0.1086 0.8486 0.5178
vn 0.3903 0.7359 0.5532
vn 0.7958 0.3776 0.4733
vn 0.8628 -0.2245 0.4530
vn 0.2762 -0.6392 0.7177
vn -0.2889 -0.8534 0.4338
vn -0.6728 -0.7383 -0.0471
vn -0.8609 -0.3515 -0.3678
vn -0.9594 0.0022 -0.2821
vn -0.9776 0.1878 0.0954
vn -0.8496 0.3702 0.3757
vn -0.2514 0.8001 0.5446
vn -0.7285 0.5368 0.4255
vn 0.2980 0.7214 0.6252
vn 0.6518 0.3771 0.6580
vn 0.7210 -0.2159 0.6585
vn 0.3798 -0.7416 0.5530
vn -0.1264 -0.9303 0.3444
vn -0.6224 -0.7816 0.0426
vn -0.9547 -0.2940 -0.0449
vn -0.9931 0.1124 0.0334
vn -0.9205 0.3207 0.2233
vn -0.5454 0.1215 0.8293
vn -0.5960 -0.4166 0.6865
vn -0.7268 -0.5519 0.4090
vn -0.6939 -0.7197 0.0216
vn -0.7023 -0.6468 -0.2973
vn -0.4571 -0.7318 -0.5056
vn -0.2168 -0.5480 -0.8079
vn -0.0783 -0.0780 -0.9939
vn 0.0716 0.3284 -0.9418
vn 0.1088 0.6568 -0.7462
vn -0.0997 0.9404 -0.3251
vn -0.2156 0.9723 0.0905
vn -0.2553 0.8699 0.4221
vn -0.2645 0.6051 0.7509
vn -0.4383 -0.4773 0.7616
vn -0.4341 0.0933 0.8960
vn -0.1947 0.3610 0.9120
vn -0.2029 -0.4277 0.8809
vn -0.1279 -0.8253 0.5500
vn -0.3708 -0.8648 0.3386
vn -0.4577 -0.6886 0.5625
vn -0.1006 -0.9849 0.1407
vn -0.3033 -0.9529 -0.0089
vn -0.0852 -0.9603 -0.2657
vn -0.3289 -0.9182 -0.2208
vn -0.1468 -0.8179 -0.5564
vn -0.2104 -0.8333 -0.5113
vn -0.1422 -0.5545 -0.8199
vn -0.0938 -0.4230 -0.9013
vn -0.1021 -0.0544 -0.9933
vn -0.0127 0.0557 -0.9984
vn -0.0331 0.5468 -0.8366
vn -0.0420 0.5135 -0.8571
vn -0.0440 0.8923 -0.4492
vn -0.1241 0.8573 -0.4997
vn -0.2484 0.8877 0.3876
vn -0.3339 0.8570 0.3925
vn -0.1841 0.9828 0.0135
vn -0.1993 0.9792 0.0390
vn -0.2893 0.7861 0.5463
vn -0.4014 0.6113 0.6820
vn 0.1387 0.0296 -0.9899
vn 0.0399 0.5745 -0.8175
vn -0.1938 0.8894 -0.4141
vn -0.1971 0.9759 0.0933
vn -0.3549 0.8386 0.4133
vn -0.3331 0.5857 0.7389
vn -0.0793 0.4854 0.8707
vn -0.1666 -0.2231 0.9605
vn -0.1553 -0.7029 0.6941
vn -0.1226 -0.9550 0.2700
vn -0.0864 -0.9804 -0.1772
vn -0.0673 -0.8441 -0.5320
vn -0.0643 -0.5423 -0.8377
vn -0.0485 -0.0451 -0.9978
vn -0.0240 0.1099 -0.9937
vn -0.0175 0.5591 -0.8289
vn 0.0037 0.6946 -0.7194
vn -0.0521 0.9069 -0.4181
vn 0.0400 0.9678 -0.2485
vn 0.0563 0.9759 0.2107
vn -0.0634 0.9101 0.4095
vn -0.0877 0.9953 0.0407
vn -0.0259 0.8191 0.5731
vn 0.1018 0.8571 0.5050
vn -0.5041 0.6109 -0.6104
vn -0.7461 0.5348 -0.3966
vn -0.1396 0.6601 -0.7381
vn 0.1391 0.4432 -0.8856
vn -0.3271 -0.2568 0.9094
vn -0.5780 0.0914 0.8109
vn -0.8632 0.2698 0.4268
vn -0.9221 0.3841 -0.0463
vn 0.0678 -0.8553 0.5137
vn 0.4653 -0.8509 0.2439
vn -0.1699 -0.5850 0.7931
vn -0.8792 -0.2296 -0.4176
vn -0.9800 -0.1988 -0.0075
vn -0.9809 -0.1827 0.0664
vn -0.8841 -0.2036 -0.4206
vn -0.5231 -0.2335 -0.8197
vn -0.5710 -0.2821 -0.7710
vn 0.0335 -0.2638 -0.9640
vn -0.0064 -0.3038 -0.9527
vn 0.5751 -0.2832 -0.7675
vn 0.5424 -0.2908 -0.7882
vn 0.8771 -0.2823 -0.3886
vn 0.8521 -0.1960 -0.4853
vn 0.9659 -0.2587 -0.0068
vn 0.9837 -0.1729 -0.0497
vn 0.8676 -0.2536 0.4276
vn 0.9134 -0.1773 0.3663
vn 0.5390 -0.1765 0.8236
vn 0.5832 -0.1912 0.7895
vn -0.0911 -0.1628 0.9825
vn 0.0063 -0.1585 0.9873
vn -0.6521 -0.2016 0.7308
vn -0.5177 -0.1652 0.8394
vn -0.9086 -0.1792 0.3772
vn -0.8459 -0.1723 0.5048
vn 0.2246 -0.1830 0.9571
vn 0.6601 -0.2987 0.6892
vn 0.8894 -0.3710 0.2670
vn 0.4580 -0.8833 0.0998
vn 0.9236 -0.3804 0.0475
vn 0.5821 -0.8118 0.0459
vn 0.2152 -0.9765 0.0147
vn 0.5634 -0.7257 -0.3949
vn 0.4865 -0.6947 -0.5299
vn 0.2058 0.2183 -0.9539
vn -0.2006 0.5172 -0.8320
vn -0.5455 0.5841 -0.6010
vn -0.7638 0.5453 -0.3453
vn -0.9047 0.4259 -0.0128
vn -0.8320 0.3697 0.4136
vn -0.4971 0.1506 0.8545
vn -0.1437 -0.0465 0.9885
vn 0.5998 -0.0099 0.8001
vn 0.7447 0.1890 0.6401
vn 0.2716 0.1072 0.9564
vn 0.1961 0.0565 0.9789
vn 0.9542 -0.0177 0.2986
vn 0.9655 0.1239 0.2292
vn 0.9966 -0.0629 -0.0535
vn 0.9987 0.0487 -0.0142
vn 0.9071 -0.1507 -0.3931
vn 0.9743 0.0057 -0.2252
vn 0.2530 -0.4087 -0.8769
vn 0.1325 -0.4875 -0.8630
vn 0.5621 -0.5840 -0.5856
vn 0.6490 -0.3467 -0.6772
vn -0.1643 -0.2642 -0.9504
vn -0.3741 -0.2996 -0.8777
vn -0.5790 -0.0679 -0.8125
vn -0.7328 -0.0811 -0.6756
vn -0.8462 0.0868 -0.5258
vn -0.9083 0.0792 -0.4107
vn -0.9603 0.2636 -0.0916
vn -0.9798 0.1627 -0.1163
vn -0.8829 0.2653 0.3874
vn -0.8943 0.1534 0.4204
vn -0.5216 0.2242 0.8232
vn -0.5435 0.1483 0.8262
vn -0.1083 0.1899 0.9758
vn -0.1082 0.1193 0.9869
vn -0.9995 0.0026 -0.0312
vn -0.8580 -0.0069 -0.5137
vn -0.5073 -0.0716 -0.8588
vn 0.0151 -0.1545 -0.9879
vn 0.5232 -0.2367 -0.8187
vn 0.8462 -0.2427 -0.4744
vn 0.9777 -0.1983 -0.0689
vn 0.8911 -0.1740 0.4192
vn 0.5505 -0.1390 0.8232
vn 0.0658 -0.0387 0.9971
vn -0.5160 0.0005 0.8566
vn -0.8893 -0.0071 0.4573
vn 0.4372 -0.0580 -0.8975
vn 0.4136 -0.2241 -0.8825
vn 0.7353 -0.5791 -0.3522
vn 0.4141 0.2334 0.8798
vn -0.0368 0.2184 0.9752
vn 0.8041 0.2021 0.5591
vn 0.9690 0.0498 0.2418
vn 0.9996 0.0193 -0.0186
vn 0.9677 -0.2499 -0.0335
vn 0.6529 -0.7316 -0.1960
vn -0.3774 -0.0665 -0.9237
vn -0.3067 0.2408 -0.9208
vn 0.0804 -0.0167 -0.9966
vn 0.0561 -0.2806 -0.9582
vn -0.7234 0.1253 -0.6790
vn -0.6280 0.4275 -0.6503
vn -0.9179 0.2120 -0.3355
vn -0.8429 0.4299 -0.3235
vn -0.9426 0.3330 -0.0240
vn -0.9174 0.3979 -0.0054
vn -0.8598 0.3405 0.3806
vn -0.8352 0.3870 0.3907
vn -0.4773 0.2164 0.8517
vn -0.4952 0.2503 0.8320
vn 0.5020 -0.4817 -0.7183
vn -0.0039 0.9768 0.2143
vn -0.0437 0.8936 0.4466
vn -0.2478 0.5400 0.8043
vn -0.3128 -0.1345 0.9403
vn -0.3224 -0.6194 0.7158
vn -0.2823 -0.9085 0.3081
vn -0.2368 -0.9599 -0.1501
vn -0.2051 -0.8293 -0.5199
vn -0.1890 -0.5074 -0.8407
vn -0.1338 0.1275 -0.9828
vn -0.0849 0.6894 -0.7194
vn -0.0544 0.9703 -0.2357
vn -0.1347 0.7860 0.6034
vn 0.1392 0.7841 0.6048
vn 0.1498 0.9887 -0.0101
vn -0.0821 0.9959 0.0386
vn 0.1419 0.3224 0.9359
vn -0.1225 0.3728 0.9198
vn 0.1297 -0.1174 0.9846
vn -0.1082 -0.0386 0.9934
vn 0.1795 -0.5034 0.8452
vn -0.0762 -0.4390 0.8953
vn 0.2022 -0.8357 0.5106
vn -0.0619 -0.8425 0.5351
vn 0.1848 -0.9816 -0.0475
vn -0.0391 -0.9954 -0.0869
vn 0.1124 -0.8482 -0.5177
vn -0.0218 -0.8079 -0.5889
vn -0.0317 -0.4978 -0.8667
vn 0.0712 -0.5601 -0.8254
vn -0.0573 -0.0272 -0.9980
vn 0.0255 -0.0280 -0.9993
vn -0.0473 0.5244 -0.8502
vn 0.1045 0.5773 -0.8098
vn -0.0284 0.8765 -0.4806
vn 0.1261 0.8783 -0.4611
vn -0.0956 0.8449 0.5263
vn -0.0003 0.9960 0.0892
vn 0.0516 0.9940 0.0969
vn 0.0504 0.8054 0.5906
vn -0.3202 0.4782 0.8178
vn -0.0685 0.4261 0.9021
vn -0.1457 -0.0756 0.9864
vn -0.3895 -0.0571 0.9193
vn -0.2029 -0.5312 0.8226
vn -0.4037 -0.5314 0.7447
vn -0.2264 -0.8554 0.4659
vn -0.3668 -0.8486 0.3813
vn -0.2058 -0.9778 -0.0401
vn -0.3069 -0.9456 -0.1081
vn -0.1744 -0.8653 -0.4700
vn -0.2642 -0.8133 -0.5184
vn -0.1473 -0.6350 -0.7584
vn -0.2254 -0.5234 -0.8217
vn -0.0760 0.0466 -0.9960
vn -0.0728 0.1006 -0.9923
vn -0.0041 0.7222 -0.6916
vn -0.0797 0.6908 -0.7186
vn 0.0186 0.9333 -0.3587
vn -0.0902 0.9229 -0.3742
vn 0.2263 0.9738 0.0208
vn 0.2855 0.7715 0.5685
vn 0.2400 0.3545 0.9037
vn 0.1875 -0.1405 0.9722
vn 0.1451 -0.5776 0.8033
vn 0.1156 -0.8689 0.4812
vn 0.0798 -0.9968 -0.0068
vn 0.0220 -0.8843 -0.4664
vn -0.0076 -0.6089 -0.7932
vn -0.0692 0.0217 -0.9974
vn 0.0872 0.6442 -0.7598
vn 0.1323 0.8935 -0.4291
vn -0.1954 0.9767 0.0884
vn -0.2021 0.9741 0.1019
vn -0.1886 0.7969 0.5739
vn -0.2178 0.7620 0.6098
vn -0.2032 0.3666 0.9079
vn -0.1467 0.4210 0.8951
vn -0.1877 -0.0652 0.9801
vn -0.1123 -0.0753 0.9908
vn -0.1836 -0.4995 0.8466
vn -0.1063 -0.5518 0.8272
vn -0.1869 -0.8602 0.4744
vn -0.0948 -0.8814 0.4627
vn -0.1559 -0.9868 -0.0428
vn -0.0601 -0.9981 -0.0099
vn -0.0972 -0.8529 -0.5130
vn -0.0106 -0.8783 -0.4780
vn -0.0682 -0.5256 -0.8480
vn 0.0220 -0.5466 -0.8371
vn 0.0033 -0.0320 -0.9995
vn -0.0775 -0.0620 -0.9951
vn -0.0754 0.5249 -0.8478
vn -0.1021 0.4585 -0.8828
vn -0.1581 0.8918 -0.4238
vn -0.1367 0.8646 -0.4835
vn -0.1032 0.9904 0.0924
vn -0.0852 0.8305 0.5504
vn 0.0213 0.3784 0.9254
vn 0.0873 -0.2888 0.9534
vn 0.1357 -0.7142 0.6867
vn 0.0802 -0.9142 0.3973
vn 0.0304 -0.9995 0.0021
vn 0.0333 -0.8976 -0.4395
vn 0.1031 -0.5211 -0.8472
vn 0.1349 0.1346 -0.9817
vn 0.0671 0.6856 -0.7249
vn -0.0372 0.9409 -0.3367
vn -0.8702 0.3458 -0.3509
vn -0.9218 0.2574 -0.2900
vn -0.9828 0.1222 0.1386
vn -0.9879 0.1549 -0.0056
vn -0.5634 0.5236 -0.6391
vn -0.5868 0.3677 -0.7214
vn -0.0133 0.5658 -0.8244
vn 0.0568 0.3640 -0.9296
vn 0.5180 0.4395 -0.7339
vn 0.6613 0.2704 -0.6997
vn 0.8499 0.1639 -0.5008
vn 0.9458 0.1015 -0.3085
vn 0.9923 -0.0867 -0.0885
vn 0.9974 -0.0307 0.0652
vn 0.8960 -0.2695 0.3530
vn 0.8743 -0.1566 0.4594
vn 0.5407 -0.4172 0.7305
vn 0.5306 -0.2705 0.8033
vn -0.1401 -0.4328 0.8905
vn 0.0041 -0.3166 0.9485
vn -0.6994 -0.1973 0.6870
vn -0.5054 -0.1844 0.8429
vn -0.9317 -0.0271 0.3621
vn -0.8406 -0.0313 0.5407
vn -0.9887 -0.0553 0.1390
vn -0.9365 0.0091 -0.3506
vn -0.8457 -0.1121 -0.5218
vn -0.9847 -0.1739 0.0111
vn -0.5634 0.0524 -0.8245
vn -0.4493 -0.0694 -0.8907
vn 0.0870 0.0530 -0.9948
vn 0.0413 -0.0405 -0.9983
vn 0.6481 0.0307 -0.7610
vn 0.4981 -0.0279 -0.8667
vn 0.9358 0.0010 -0.3526
vn 0.8408 -0.0440 -0.5395
vn 0.9959 -0.0449 0.0786
vn 0.9933 -0.0910 -0.0707
vn 0.8434 -0.1221 0.5233
vn 0.8678 -0.1656 0.4684
vn 0.4745 -0.2036 0.8564
vn 0.4987 -0.2194 0.8386
vn 0.0151 -0.2364 0.9715
vn 0.0537 -0.2452 0.9680
vn -0.4390 -0.2043 0.8749
vn -0.4136 -0.2551 0.8740
vn -0.8062 -0.1341 0.5763
vn -0.8099 -0.2321 0.5387
vn -0.9338 -0.0590 -0.3530
vn -0.9900 -0.1233 0.0681
vn -0.6537 0.0299 -0.7562
vn -0.1116 0.1123 -0.9874
vn 0.4643 0.1121 -0.8785
vn 0.8364 0.0515 -0.5458
vn 0.9954 -0.0035 -0.0962
vn 0.9051 -0.0534 0.4219
vn 0.5399 -0.0926 0.8366
vn -0.0237 -0.1313 0.9911
vn -0.5504 -0.1526 0.8208
vn -0.8639 -0.1575 0.4784
vn -0.9672 0.0588 -0.2469
vn -0.9949 -0.0036 0.1008
vn -0.8051 0.0838 -0.5871
vn -0.3081 0.1901 -0.9322
vn 0.4433 0.1743 -0.8792
vn 0.8311 0.1404 -0.5380
vn 0.9725 0.1362 -0.1890
vn 0.9393 0.1251 0.3194
vn 0.5532 0.1701 0.8155
vn -0.0559 0.1436 0.9880
vn -0.6009 0.0511 0.7977
vn -0.8918 -0.0111 0.4522
vn -0.8023 0.1288 -0.5828
vn -0.9918 0.0169 -0.1270
vn -0.4810 0.1910 -0.8557
vn -0.0640 0.2170 -0.9741
vn 0.3541 0.1832 -0.9171
vn 0.7521 0.1128 -0.6493
vn 0.9889 -0.0660 -0.1331
vn 0.9157 -0.1838 0.3573
vn 0.5487 -0.3186 0.7729
vn -0.2016 -0.2894 0.9357
vn -0.7357 -0.1932 0.6492
vn -0.9347 -0.0951 0.3424
vn 0.3018 0.0972 -0.9484
vn 0.1818 -0.5637 -0.8057
vn 0.0851 -0.6716 -0.7360
vn 0.2724 0.0453 -0.9611
vn 0.0700 -0.8592 -0.5068
vn -0.0220 -0.8583 -0.5127
vn 0.1497 0.5824 -0.7990
vn 0.0120 0.9828 -0.1844
vn 0.0972 0.7859 -0.6106
vn 0.1864 0.7567 -0.6266
vn 0.2449 0.7266 -0.6419
vn 0.0900 0.4147 0.9055
vn 0.2106 -0.3341 0.9187
vn 0.1710 -0.4665 0.8679
vn 0.1470 0.5992 0.7870
vn -0.0401 -0.9755 -0.2162
vn -0.3983 -0.8104 -0.4298
vn -0.2249 -0.9671 -0.1190
vn -0.1910 -0.9723 -0.1344
vn 0.0495 0.8511 0.5227
vn 0.0378 0.9832 0.1787
vn 0.0337 0.9862 0.1618
vn 0.0600 0.9133 0.4029
vn -0.4740 -0.7534 -0.4558
vn 0.0751 -0.9860 0.1485
vn 0.0608 -0.9771 -0.2038
vn 0.3045 0.4119 0.8589
vn 0.0954 0.7229 0.6843
vn -0.0393 -0.9991 -0.0177
vn -0.2138 -0.8792 -0.4258
vn -0.1503 -0.9708 -0.1868
vn 0.1099 0.9762 -0.1870
vn 0.0590 0.9864 -0.1535
vn 0.1821 -0.2516 -0.9506
vn 0.1489 -0.1556 -0.9765
vn 0.0687 -0.8916 -0.4477
vn 0.1602 -0.8572 -0.4895
vn 0.2694 -0.8444 0.4630
vn 0.0855 -0.9963 0.0069
vn -0.4594 -0.8846 -0.0810
vn 0.0459 0.7959 -0.6037
vn -0.0431 0.9849 -0.1676
vn -0.4818 -0.6530 -0.5844
vn -0.4839 -0.7933 -0.3695
vn -0.2417 -0.9422 -0.2320
vn -0.3576 -0.8037 -0.4756
vn -0.0892 0.9949 0.0464
vn -0.1599 0.9461 0.2816
vn -0.2204 0.9748 0.0355
vn -0.4749 0.8059 -0.3535
vn -0.4797 -0.7294 -0.4877
vn -0.7954 -0.4968 -0.3471
vn -0.5906 0.8058 0.0442
vn -0.0683 0.9573 0.2810
vn -0.2092 -0.9442 -0.2544
vn -0.2281 -0.8848 -0.4064
vn -0.1171 0.9911 -0.0631
vn -0.1969 0.9647 -0.1750
vn -0.4023 0.7850 -0.4712
vn -0.0406 -0.7530 -0.6567
vn -0.0415 -0.8199 -0.5709
vn 0.0732 -0.0247 -0.9970
vn 0.1191 0.0627 -0.9909
vn -0.7381 -0.2320 0.6336
vn -0.1755 -0.5270 0.8316
vn -0.3807 -0.9177 0.1140
vn -0.1025 -0.9678 -0.2298
vn -0.0985 0.9799 -0.1735
vn 0.0200 0.8058 -0.5919
vn 0.0292 0.5193 0.8541
vn -0.1449 -0.9746 -0.1708
vn -0.1973 -0.9755 -0.0970
vn -0.0104 0.9118 0.4105
vn -0.0440 0.9926 0.1134
vn -0.1217 0.9904 0.0662
vn -0.0662 0.9337 0.3519
vn -0.1251 0.5498 0.8259
vn 0.1240 -0.9506 -0.2847
vn 0.2557 -0.9650 0.0580
vn 0.4486 -0.7573 0.4746
vn 0.4181 -0.2808 0.8639
vn 0.1716 -0.9802 -0.0988
vn 0.5143 -0.8307 0.2131
vn 0.0943 -0.9879 -0.1229
vn -0.8125 -0.3145 -0.4908
vn -0.9864 0.1495 0.0687
vn -0.5734 0.4278 0.6987
vn -0.1078 0.5679 0.8160
vn 0.3311 0.3835 0.8621
vn 0.6549 -0.2880 0.6987
vn -0.3382 -0.9352 0.1048
vn -0.3688 0.7364 0.5672
vn -0.8700 0.0710 -0.4879
vn -0.6458 -0.1660 0.7453
vn -0.4775 0.8769 -0.0548
vn -0.3909 -0.8979 0.2023
vn -0.4646 0.8539 0.2345
vn -0.3775 -0.1339 -0.9163
vn -0.9901 0.0225 -0.1387
vn -0.6108 -0.0318 -0.7912
vn -0.8152 -0.0654 0.5755
vn 0.0127 -0.9211 -0.3890
vn -0.1016 -0.8512 -0.5149
vn -0.3981 -0.8058 -0.4383
vn 0.4373 -0.8987 0.0314
vn -0.1318 -0.9083 -0.3969
vn -0.7241 -0.3193 -0.6114
vn -0.8808 0.4355 -0.1855
vn -0.5825 0.6910 0.4280
vn -0.2463 0.6799 0.6907
vn 0.2014 0.4388 0.8757
vn 0.6269 -0.3315 0.7051
vn 0.1810 -0.8570 0.4824
vn 0.0441 -0.9735 -0.2243
vn -0.3342 0.7982 -0.5013
vn -0.1759 0.9584 0.2246
vn 0.0293 0.4874 0.8727
vn 0.1731 -0.2566 0.9509
vn -0.1703 -0.6157 -0.7693
vn -0.3217 0.1421 -0.9361
vn 0.0089 -0.9622 -0.2722
vn -0.0577 -0.6557 -0.7528
vn -0.0700 -0.0651 -0.9954
vn -0.1508 0.6360 -0.7568
vn -0.1740 0.9847 0.0062
vn -0.1912 0.5783 0.7931
vn -0.1525 -0.3052 0.9400
vn -0.0827 -0.9150 0.3949
vn 0.0698 -0.9973 0.0237
vn 0.0812 -0.8372 -0.5408
vn 0.0325 -0.2552 -0.9663
vn -0.0875 0.5383 -0.8382
vn -0.1416 0.9717 -0.1891
vn -0.2941 0.7336 0.6126
vn -0.2516 -0.0549 0.9663
vn -0.1195 -0.7650 0.6328
vn -0.2653 -0.6141 -0.7433
vn -0.6753 -0.7374 -0.0158
vn -0.8662 0.1561 -0.4748
vn -0.4304 0.0924 -0.8979
vn -0.1872 0.6923 -0.6969
vn -0.3757 0.8632 -0.3373
vn 0.0271 0.1344 -0.9906
vn 0.0477 0.7219 -0.6904
vn -0.3930 0.7156 0.5774
vn -0.1825 0.7897 0.5857
vn -0.0788 0.9834 0.1636
vn -0.4475 0.8833 0.1395
vn -0.6395 0.2164 0.7377
vn -0.3417 0.3034 0.8895
vn -0.5258 -0.4153 0.7423
vn -0.9423 0.2022 0.2669
vn -0.0107 0.9603 -0.2786
vn 0.1765 -0.8881 -0.4245
vn 0.1641 -0.2792 -0.9461
vn 0.0971 0.5929 -0.7994
vn -0.0845 0.9902 -0.1111
vn -0.4307 0.7479 0.5051
vn -0.6149 0.0224 0.7883
vn -0.3868 -0.7315 0.5614
vn 0.0331 -0.9882 0.1496
vn 0.0510 -0.8830 -0.4665
vn 0.0572 -0.8559 -0.5139
vn 0.1397 -0.2384 -0.9611
vn 0.1057 -0.2851 -0.9527
vn 0.1279 0.5849 -0.8010
vn 0.0430 0.5699 -0.8206
vn -0.1978 0.7469 0.6349
vn -0.0917 0.9876 -0.1274
vn 0.0250 0.9946 -0.1005
vn -0.1330 0.7516 0.6461
vn -0.2637 -0.0004 0.9646
vn -0.2245 0.0132 0.9744
vn -0.1841 -0.7061 0.6838
vn -0.1760 -0.7018 0.6903
vn -0.0558 -0.9902 0.1283
vn -0.0596 -0.9922 0.1092
vn 0.0315 -0.8633 -0.5038
vn 0.1820 -0.2559 -0.9494
vn 0.1237 0.5881 -0.7993
vn -0.1417 0.7391 0.6585
vn -0.0227 0.9932 -0.1145
vn -0.1985 -0.0440 0.9791
vn -0.1891 -0.7224 0.6651
vn -0.0912 -0.9911 0.0974
vn 0.1666 -0.3158 -0.9341
vn 0.1489 -0.8856 -0.4399
vn 0.0298 0.5546 -0.8316
vn -0.1514 0.9811 -0.1201
vn -0.3126 0.7291 0.6089
vn -0.3076 -0.0044 0.9515
vn -0.1592 -0.7050 0.6911
vn 0.0480 -0.9863 0.1578
vn -0.0119 -0.7983 -0.6021
vn 0.0996 -0.0405 -0.9942
vn 0.0806 0.7324 -0.6761
vn -0.1517 0.8237 0.5464
vn 0.0017 0.9975 -0.0712
vn -0.2629 0.1532 0.9526
vn -0.2456 -0.6655 0.7048
vn -0.1716 -0.9838 0.0511
vn 0.0220 -0.8614 -0.5074
vn 0.1114 -0.1831 -0.9768
vn 0.0945 0.6622 -0.7433
vn -0.0345 0.9928 -0.1143
vn -0.1287 0.7909 0.5983
vn -0.1894 -0.0089 0.9819
vn -0.1599 -0.7459 0.6465
vn -0.0900 -0.9921 0.0870
vn 0.1254 -0.3117 -0.9419
vn 0.0850 -0.8867 -0.4544
vn -0.0351 0.5414 -0.8400
vn -0.2814 0.7383 0.6130
vn -0.2124 0.9667 -0.1430
vn -0.2775 0.0003 0.9607
vn -0.1648 -0.7082 0.6866
vn -0.0160 -0.9907 0.1354
vn 0.0029 -0.8696 -0.4938
vn 0.1491 -0.2519 -0.9562
vn 0.1005 0.6076 -0.7878
vn -0.0620 0.9909 -0.1196
vn -0.1415 0.7452 0.6516
vn -0.1673 -0.0567 0.9843
vn -0.1927 -0.7376 0.6472
vn -0.1257 -0.9885 0.0844
vn -0.4891 0.8322 -0.2612
vn -0.3320 0.6818 -0.6519
vn -0.5397 0.0316 -0.8413
vn -0.8841 -0.0591 -0.4636
vn -0.7574 0.3354 -0.5602
vn -0.6633 -0.4164 -0.6219
vn -0.9019 -0.4195 -0.1029
vn -0.7973 0.6031 -0.0245
vn -0.2855 -0.6131 -0.7366
vn -0.4768 -0.8749 -0.0842
vn -0.1383 0.1767 -0.9745
vn -0.0585 0.7900 -0.6104
vn -0.4228 0.7257 0.5428
vn -0.1529 0.8007 0.5792
vn -0.1169 0.9821 0.1479
vn -0.5240 0.8470 0.0894
vn -0.7020 0.0410 0.7109
vn -0.3032 0.1767 0.9364
vn -0.4246 -0.6422 0.6382
vn 0.1476 -0.3814 0.9126
vn 0.1290 0.4556 0.8808
vn 0.0494 -0.9057 0.4211
vn -0.1568 -0.6884 -0.7082
vn -0.0489 -0.9828 -0.1781
vn -0.1879 0.0061 -0.9822
vn -0.1130 0.7711 -0.6266
vn 0.0576 0.9804 0.1883
vn -0.3826 0.3614 0.8503
vn -0.3379 -0.3317 0.8808
vn -0.0515 -0.1128 0.9923
vn -0.1068 0.5869 0.8026
vn -0.7466 -0.3810 0.5453
vn -0.2448 -0.9662 0.0807
vn -0.0894 -0.7645 0.6384
vn -0.2949 -0.8082 -0.5098
vn -0.3942 -0.1768 -0.9018
vn -0.3677 0.6250 -0.6887
vn -0.2094 0.9163 0.3414
vn -0.6654 0.5907 0.4565
vn -0.0335 -0.9921 -0.1205
vn 0.0089 -0.9849 -0.1732
vn 0.0588 -0.8799 0.4715
vn 0.0300 -0.8847 0.4651
vn -0.1537 0.6932 -0.7041
vn -0.1225 0.9911 0.0531
vn -0.1377 0.9864 0.0902
vn -0.2096 0.7087 -0.6737
vn 0.0855 -0.2915 0.9527
vn 0.0739 -0.2863 0.9553
vn -0.0190 0.5626 0.8265
vn -0.0156 0.5903 0.8070
vn -0.0726 -0.7525 -0.6545
vn -0.0754 -0.6899 -0.7200
vn -0.1013 -0.0937 -0.9904
vn -0.1653 -0.0277 -0.9859
vn 0.0606 -0.9982 -0.0045
vn 0.1209 -0.8085 0.5759
vn -0.3072 0.9404 -0.1457
vn -0.1915 0.9792 0.0675
vn -0.2506 0.7269 -0.6395
vn 0.1390 0.6596 0.7387
vn 0.1861 -0.1875 0.9645
vn 0.1258 -0.3682 0.9212
vn 0.1822 0.5876 0.7884
vn 0.1236 -0.8522 0.5085
vn 0.0138 -0.9128 0.4082
vn -0.0657 -0.8048 -0.5899
vn -0.1220 -0.7969 -0.5917
vn -0.0800 -0.9900 -0.1165
vn 0.0339 -0.9979 -0.0548
vn -0.2001 -0.1291 -0.9712
vn -0.1735 -0.1945 -0.9654
vn -0.1836 0.7034 -0.6867
vn -0.1613 0.6380 -0.7530
vn -0.0578 0.9973 0.0444
vn 0.0051 1.0000 0.0008
vn -0.0258 -0.9826 -0.1838
vn 0.0474 -0.9016 0.4300
vn -0.2364 0.7309 -0.6402
vn -0.1314 0.9794 0.1534
vn 0.0760 -0.3440 0.9359
vn 0.0330 0.5209 0.8530
vn -0.1338 -0.7077 -0.6938
vn -0.2448 -0.0460 -0.9685
vn 0.1330 0.4559 0.8801
vn 0.1066 -0.3534 0.9294
vn -0.0032 -0.8977 0.4407
vn -0.1033 -0.9811 -0.1638
vn -0.2153 -0.7037 -0.6771
vn -0.2386 -0.0455 -0.9701
vn -0.1302 0.7557 -0.6418
vn 0.0666 0.9815 0.1796
vn -0.0884 0.6755 0.7320
vn 0.0771 -0.1428 0.9867
vn -0.0462 -0.8059 -0.5903
vn -0.1940 -0.1115 -0.9746
vn -0.9790 -0.0557 0.1962
vn -0.0898 0.9735 -0.2104
vn -0.1005 -0.9739 -0.2037
vn -0.0387 -0.9835 -0.1768
vn 0.0111 -0.7585 -0.6516
vn -0.0584 -0.7588 -0.6487
vn 0.0254 -0.1850 -0.9824
vn -0.0134 -0.2101 -0.9776
vn 0.0192 0.6225 -0.7823
vn 0.1247 0.6148 -0.7788
vn 0.1098 0.5613 0.8203
vn 0.4095 0.9116 0.0350
vn -0.0019 1.0000 -0.0010
vn -0.0739 0.5822 0.8097
vn -0.1384 -0.3539 0.9250
vn -0.1134 -0.3321 0.9364
vn -0.0908 -0.9057 0.4141
vn -0.1503 -0.9139 0.3771
vn -0.0557 -0.8098 -0.5840
vn -0.0198 -0.7868 -0.6169
vn -0.0843 -0.9936 -0.0746
vn -0.1111 -0.9924 -0.0529
vn 0.0185 -0.1439 -0.9894
vn 0.0597 -0.1049 -0.9927
vn 0.0669 0.6922 -0.7186
vn 0.0165 0.6994 -0.7145
vn 0.0502 0.9984 -0.0265
vn -0.0380 0.6736 0.7381
vn -0.1051 0.6828 0.7230
vn -0.0499 0.9983 -0.0288
vn -0.1423 -0.2228 0.9644
vn -0.1317 -0.1975 0.9714
vn -0.1519 -0.8504 0.5037
vn -0.1350 -0.8500 0.5091
vn -0.0521 -0.7521 -0.6569
vn -0.0902 -0.9685 -0.2323
vn -0.0148 -0.2337 -0.9722
vn 0.0573 0.5733 -0.8174
vn 0.4292 0.9008 0.0661
vn 0.0420 0.4819 0.8752
vn -0.1599 -0.4247 0.8911
vn -0.1534 -0.9336 0.3237
vn -0.0544 -0.9977 -0.0401
vn -0.0092 -0.7827 -0.6224
vn 0.0225 -0.0429 -0.9988
vn 0.0669 0.7405 -0.6687
vn 0.0401 0.9988 -0.0273
vn -0.0288 0.7433 0.6683
vn -0.1095 -0.0971 0.9892
vn -0.0967 -0.8171 0.5683
vn -0.0910 -0.9948 -0.0447
vn -0.0214 -0.7105 -0.7033
vn 0.0174 0.0903 -0.9958
vn -0.0101 0.7936 -0.6084
vn -0.1238 0.8062 0.5785
vn -0.0509 0.9983 -0.0280
vn -0.1536 0.0599 0.9863
vn -0.1307 -0.7556 0.6418
vn -0.5376 0.0443 -0.8420
vn -0.1164 -0.5909 -0.7983
vn -0.3297 -0.8680 -0.3713
vn -0.8927 -0.1223 -0.4337
vn -0.5621 0.8013 -0.2048
vn -0.3855 0.7486 -0.5395
vn -0.0252 0.1739 -0.9844
vn -0.0723 0.8041 -0.5901
vn -0.5229 0.6814 0.5121
vn -0.2710 0.8085 0.5224
vn -0.1949 0.9670 0.1643
vn -0.6034 0.7904 0.1057
vn -0.7514 0.0827 0.6546
vn -0.3814 0.3269 0.8647
vn -0.4323 -0.4671 0.7713
vn -0.9842 -0.1255 0.1250
vn -0.4329 -0.8742 0.2199
vn -0.1534 0.9739 -0.1672
vn 0.0500 -0.9982 0.0326
vn 0.0665 -0.9973 0.0301
vn 0.1464 -0.8172 -0.5575
vn 0.1153 -0.8388 -0.5322
vn 0.1398 -0.2458 -0.9592
vn 0.0790 -0.2701 -0.9596
vn 0.0402 0.5324 -0.8455
vn 0.0115 0.5274 -0.8495
vn -0.1609 0.8391 0.5196
vn -0.1072 0.9587 -0.2633
vn -0.0893 0.9690 -0.2303
vn -0.2387 0.8096 0.5363
vn -0.2206 0.0396 0.9746
vn -0.2327 0.0630 0.9705
vn -0.0889 -0.7412 0.6653
vn -0.0930 -0.7239 0.6836
vn 0.1419 -0.9892 0.0365
vn 0.0456 -0.9989 -0.0111
vn 0.1504 -0.7312 -0.6654
vn 0.2038 -0.8158 -0.5413
vn 0.1333 0.0278 -0.9907
vn 0.1638 -0.1638 -0.9728
vn -0.0073 0.7639 -0.6453
vn 0.0097 0.6559 -0.7548
vn -0.1566 0.9744 -0.1616
vn -0.1179 0.9910 -0.0639
vn -0.2500 0.8310 0.4969
vn -0.2666 0.8432 0.4669
vn -0.2953 0.2295 0.9274
vn -0.2530 0.1193 0.9601
vn -0.1284 -0.6593 0.7408
vn 0.0019 -0.7400 0.6727
vn 0.0682 -0.8566 -0.5114
vn -0.0072 -0.9998 0.0173
vn 0.1077 -0.3276 -0.9387
vn 0.0137 0.4969 -0.8677
vn -0.1737 0.9580 -0.2283
vn -0.2685 0.7526 0.6013
vn -0.2039 -0.0703 0.9765
vn -0.1168 -0.7771 0.6185
vn 0.1265 -0.8324 -0.5396
vn 0.0235 -0.9991 0.0341
vn 0.1771 -0.2491 -0.9522
vn 0.0621 0.5524 -0.8313
vn -0.1471 0.9637 -0.2229
vn -0.2560 0.8038 0.5370
vn -0.2008 0.0386 0.9789
vn -0.1118 -0.7407 0.6625
vn 0.0487 -0.8561 -0.5145
vn -0.0206 -0.9995 0.0247
vn 0.0680 -0.2988 -0.9519
vn 0.0101 0.5097 -0.8603
vn -0.1669 0.8061 0.5677
vn -0.1527 0.9577 -0.2439
vn -0.1821 0.0581 0.9816
vn -0.1277 -0.7448 0.6549
vn 0.1516 -0.8576 -0.4915
vn 0.0686 -0.9962 0.0537
vn 0.1764 -0.2762 -0.9448
vn 0.0438 0.5883 -0.8074
vn -0.2754 0.8310 0.4833
vn -0.1895 0.9599 -0.2068
vn -0.1923 0.0567 0.9797
vn -0.0421 -0.7552 0.6541
vn 0.1640 -0.4240 0.8907
vn -0.7689 -0.4514 0.4527
vn -0.2134 -0.9759 -0.0458
vn 0.3066 -0.8732 0.3789
vn 0.1226 0.2805 0.9520
vn -0.5123 0.4848 0.7089
vn -0.6911 -0.5091 -0.5131
vn -0.9310 0.0777 -0.3565
vn -0.8209 0.5709 -0.0125
vn 0.1323 -0.9450 -0.2992
vn 0.4690 -0.7937 0.3873
vn -0.4237 -0.4429 -0.7901
vn -0.7047 0.3263 -0.6300
vn -0.5088 0.8609 0.0027
vn -0.0354 0.7441 0.6671
vn 0.3119 0.2451 0.9180
vn 0.4923 -0.3214 0.8089
vn 0.5126 -0.8492 0.1271
vn 0.0305 -0.8911 -0.4528
vn -0.5234 -0.3917 -0.7567
vn -0.7610 0.4106 -0.5022
vn -0.5125 0.8567 0.0582
vn -0.1459 0.8551 0.4975
vn 0.2819 0.5069 0.8146
vn 0.6071 -0.2632 0.7498
vn 0.1297 -0.9127 -0.3876
vn 0.3922 -0.8662 0.3098
vn -0.3514 -0.4341 -0.8295
vn -0.6195 0.3996 -0.6756
vn -0.3863 0.9214 -0.0425
vn -0.0487 0.8144 0.5783
vn 0.2274 0.3276 0.9170
vn 0.4383 -0.3497 0.8280
vn 0.4552 -0.8604 0.2292
vn 0.0929 -0.9017 -0.4223
vn -0.3965 -0.4282 -0.8120
vn -0.6443 0.4112 -0.6448
vn -0.4112 0.9088 -0.0703
vn -0.0733 0.8756 0.4775
vn 0.2998 0.4232 0.8550
vn 0.5386 -0.3126 0.7824
vn -0.9823 0.0988 -0.1593
vn -0.9661 0.0604 0.2510
vn -0.8481 0.1392 -0.5113
vn -0.4195 0.2433 -0.8745
vn 0.3763 0.2002 -0.9046
vn 0.7675 0.1680 -0.6186
vn 0.9639 0.1280 -0.2333
vn 0.9520 0.2531 0.1719
vn -0.1317 0.5735 0.8086
vn -0.6036 0.4470 0.6602
vn -0.8573 -0.1417 0.4948
vn -0.3450 -0.3234 0.8811
vn -0.2061 0.4430 0.8725
vn -0.6396 0.3386 0.6901
vn -0.8130 -0.2161 0.5406
vn -0.2656 -0.3856 0.8836
vn -0.2451 0.3699 0.8962
vn -0.6364 0.2906 0.7145
vn -0.8055 -0.2684 0.5283
vn -0.2968 -0.3896 0.8719
vn -0.4533 0.4112 0.7908
vn -0.7310 0.2109 0.6490
vn -0.8275 -0.2327 0.5109
vn -0.4008 -0.2172 0.8900
vn -0.8886 0.1669 0.4272
vn 0.6269 0.4862 0.6087
vn 0.4580 -0.8887 -0.0205
vn 0.8673 -0.4853 -0.1106
vn 0.6551 -0.6908 -0.3061
vn 0.2486 -0.9564 -0.1535
vn 0.1454 -0.9886 0.0398
vn 0.0411 -0.9980 -0.0479
vn -0.2430 -0.9699 -0.0157
vn -0.4307 -0.8961 0.1072
vn -0.8361 -0.5380 -0.1074
vn -0.9692 -0.2363 0.0694
vn -0.9781 0.2065 -0.0251
vn -0.9810 0.1194 0.1531
vn -0.6383 0.3527 0.6842
vn -0.0633 0.5325 0.8440
vn 0.0862 -0.9905 0.1071
vn 0.4869 -0.8648 0.1230
vn -0.5486 -0.8206 0.1602
vn 0.4768 -0.8642 -0.1606
vn -0.0689 -0.9722 -0.2237
vn -0.7102 -0.6956 -0.1084
vn -0.9812 -0.1462 0.1259
vn -0.9988 -0.0387 0.0303
vn 0.9296 -0.2855 -0.2330
vn 0.9077 -0.4188 0.0264
vn 0.8588 0.4987 0.1172
vn 0.4997 0.7259 0.4727
vn 0.2426 0.8833 0.4012
vn 0.6789 0.7287 0.0905
vn 0.9549 -0.0295 -0.2953
vn 0.9581 -0.0128 -0.2861
vn 0.5237 -0.8251 -0.2123
vn 0.0651 -0.9978 -0.0151
vn -0.0463 -0.9980 0.0426
vn -0.1068 -0.9941 0.0164
vn -0.6371 -0.7630 -0.1093
vn -0.7102 0.6897 0.1408
vn -0.8570 0.4391 0.2697
vn -0.9833 0.1521 -0.1003
vn -0.4910 0.8010 0.3425
vn -0.6956 0.5718 0.4349
vn -0.1709 0.8645 0.4727
vn -0.1575 0.7687 0.6199
vn -0.9862 0.0503 0.1580
vn -0.9799 0.0296 0.1974
vn -0.9914 0.0334 -0.1265
vn -0.9979 0.0642 -0.0065
vn -0.8635 0.1976 -0.4640
vn -0.9062 0.1911 -0.3773
vn -0.3485 0.3083 -0.8852
vn -0.3285 0.1256 -0.9361
vn 0.4592 0.2999 -0.8362
vn 0.5249 0.2185 -0.8226
vn 0.8246 0.2103 -0.5252
vn 0.9000 0.1730 -0.4001
vn 0.9678 0.0771 -0.2395
vn 0.9927 0.0053 -0.1206
vn 0.9917 0.0393 -0.1222
vn 0.8198 -0.1316 0.5574
vn 0.2012 -0.2646 0.9431
vn 0.0971 -0.9641 0.2473
vn 0.6460 -0.7378 0.1960
vn 0.8996 -0.1589 0.4068
vn 0.4514 -0.3480 0.8217
vn 0.4099 -0.9088 0.0778
vn 0.8048 -0.5894 -0.0701
vn 0.8291 -0.5539 0.0758
vn 0.8219 -0.0466 0.5677
vn 0.3547 -0.3019 0.8849
vn 0.4098 -0.9023 0.1338
vn 0.9348 -0.1966 0.2959
vn 0.6901 0.2568 0.6766
vn 0.2369 -0.0247 0.9712
vn 0.6491 -0.6546 0.3875
vn 0.7650 0.6435 0.0266
vn 0.9705 -0.2409 -0.0096
vn 0.9850 -0.0608 -0.1616
vn 0.4399 0.8846 0.1548
vn -0.9657 -0.2592 -0.0127
vn -0.9950 -0.0510 -0.0859
vn -0.4224 -0.9063 0.0123
vn -0.3305 -0.9415 0.0654
vn -0.3019 0.6666 0.6816
vn -0.6606 0.5647 0.4946
vn -0.8716 -0.0373 0.4888
vn -0.4928 -0.2064 0.8453
vn 0.3014 -0.9475 0.1070
vn 0.7418 -0.6700 -0.0276
vn 0.9322 -0.1793 0.3144
vn 0.4446 -0.3309 0.8324
vn -0.2369 -0.9431 0.2332
vn 0.2901 -0.9559 0.0450
vn -0.1937 -0.9808 0.0239
vn 0.0651 0.9278 0.3675
vn -0.0467 -0.9625 0.2671
vn -0.0302 -0.9610 0.2751
vn 0.0072 -0.9763 0.2162
vn -0.7567 0.6512 0.0587
vn -0.4574 0.8200 0.3440
vn -0.5309 0.8238 0.1987
vn -0.1762 0.9074 0.3816
vn -0.3462 0.8820 0.3196
vn -0.8885 -0.1695 -0.4264
vn -0.2698 -0.5158 -0.8131
vn 0.5329 -0.3809 -0.7556
vn 0.7904 0.5258 0.3144
vn 0.9613 -0.2753 0.0069
vn 0.4458 -0.8916 -0.0798
vn 0.5107 -0.8234 -0.2473
vn -0.1186 -0.9453 -0.3039
vn -0.0053 -0.1718 0.9851
vn -0.7037 -0.6860 -0.1850
vn -0.9944 0.0134 0.1049
vn -0.6098 0.6321 0.4781
vn 0.1637 0.8114 0.5612
vn 0.0359 0.8728 0.4867
vn 0.0780 0.9437 0.3213
vn -0.3556 -0.9070 0.2256
vn -0.7453 -0.6448 0.1697
vn 0.1935 0.6585 0.7273
vn 0.6649 0.5167 0.5393
vn 0.6664 0.6058 0.4347
vn 0.9857 -0.1008 0.1349
vn 0.6054 -0.7675 -0.2108
vn -0.0773 -0.9617 -0.2629
vn -0.9865 0.0604 0.1524
vn -0.6891 -0.6972 -0.1975
vn -0.5387 0.7265 0.4266
vn 0.0441 0.8636 0.5023
vn -0.2911 -0.1471 0.9453
vn -0.9762 -0.0953 0.1948
vn -0.5747 0.6222 0.5316
vn -0.0037 0.8380 0.5456
vn 0.1563 0.8736 0.4609
vn 0.1938 0.9207 0.3387
vn 0.7966 0.4597 0.3925
vn 0.9449 -0.3113 0.1013
vn 0.4782 -0.8781 0.0125
vn -0.0888 -0.9721 0.2171
vn -0.0629 -0.9777 -0.2005
vn -0.1187 -0.9517 0.2831
vn -0.6415 -0.7622 -0.0868
vn 0.3176 0.5651 0.7615
vn 0.7476 0.4003 0.5299
vn -0.2661 -0.9523 0.1496
vn -0.7252 -0.6808 0.1028
vn -0.5686 0.6921 0.4446
vn -0.5799 0.6740 0.4576
vn -0.9992 0.0206 0.0349
vn -0.9880 0.0500 0.1462
vn 0.1246 0.8417 0.5253
vn 0.1475 0.8375 0.5262
vn 0.9755 -0.2085 -0.0697
vn 0.8030 0.4969 0.3291
vn 0.7490 0.5702 0.3374
vn 0.9961 -0.0877 0.0058
vn 0.5231 -0.7663 -0.3730
vn 0.6221 -0.7009 -0.3490
vn -0.0773 -0.8880 -0.4533
vn -0.0268 -0.9054 -0.4238
vn -0.6702 -0.6515 -0.3554
vn -0.6905 -0.6586 -0.2992
vn -0.2838 0.8059 0.5195
vn -0.7356 0.4956 0.4618
vn -0.0478 0.8685 0.4933
vn -0.0836 0.9288 0.3610
vn 0.6253 0.5431 0.5603
vn 0.9323 -0.2025 0.2997
vn 0.5792 -0.8142 0.0403
vn 0.1054 -0.9770 -0.1852
vn -0.0080 -0.9667 0.2556
vn -0.1647 -0.2025 0.9653
vn 0.0882 -0.9534 0.2884
vn -0.4629 -0.8847 -0.0546
vn -0.9261 -0.3099 0.2152
vn 0.2619 0.4638 0.8464
vn 0.7126 0.3424 0.6124
vn -0.7009 -0.7127 0.0289
vn -0.1788 -0.9760 0.1243
vn -0.0090 0.7227 0.6911
vn -0.0235 0.7716 0.6356
vn -0.7247 0.4910 0.4834
vn -0.6358 0.5234 0.5673
vn 0.9990 -0.0419 -0.0156
vn 0.6744 0.5682 0.4715
vn 0.6368 0.5670 0.5225
vn 0.9951 0.0051 0.0988
vn 0.6438 -0.6155 -0.4546
vn 0.7134 -0.5655 -0.4139
vn 0.0676 -0.8174 -0.5722
vn 0.0665 -0.8449 -0.5308
vn -0.9880 -0.0866 0.1280
vn -0.9830 -0.1810 -0.0300
vn -0.5320 -0.7092 -0.4627
vn -0.6239 -0.6626 -0.4145
vn -0.3677 0.8763 0.3113
vn -0.4631 0.7540 0.4658
vn -0.8444 0.4487 0.2926
vn -0.2776 0.8660 0.4159
vn 0.4858 0.5948 0.6405
vn 0.9480 -0.2019 0.2458
vn 0.6763 -0.7327 -0.0763
vn 0.2719 -0.9286 -0.2527
vn 0.1300 -0.9800 0.1504
vn -0.6221 -0.1075 0.7755
vn 0.1642 -0.9594 0.2292
vn -0.3899 -0.9132 -0.1181
vn -0.9387 -0.3150 0.1399
vn 0.1630 0.4209 0.8923
vn 0.5546 0.4201 0.7183
vn -0.6468 -0.7624 0.0189
vn -0.1525 -0.9794 0.1322
vn -0.1922 0.7775 0.5987
vn -0.8126 0.4472 0.3737
vn -0.6644 0.5070 0.5491
vn -0.0724 0.6900 0.7202
vn 0.9992 -0.0394 -0.0099
vn 0.5957 0.5963 0.5381
vn 0.5630 0.5615 0.6064
vn 0.9846 0.0434 0.1692
vn 0.6749 -0.5514 -0.4904
vn 0.7568 -0.5094 -0.4096
vn 0.1841 -0.7909 -0.5836
vn 0.1527 -0.8203 -0.5512
vn -0.9806 -0.1467 0.1298
vn -0.9617 -0.2713 -0.0394
vn -0.4247 -0.7875 -0.4466
vn -0.5532 -0.7085 -0.4382
vn -0.3290 0.8989 0.2893
vn -0.7886 0.6069 0.0984
vn -0.8704 0.4386 0.2235
vn -0.2209 0.8682 0.4444
vn 0.3760 0.6322 0.6774
vn 0.8298 0.0679 0.5539
vn 0.8734 -0.4869 0.0011
vn 0.4682 -0.8174 -0.3356
vn 0.3510 -0.9364 0.0008
vn -0.2219 -0.9547 -0.1980
vn -0.8873 -0.4611 0.0022
vn -0.1237 0.5272 0.8407
vn 0.2813 0.5642 0.7762
vn -0.6431 -0.7566 0.1177
vn -0.0109 -0.9408 0.3388
vn -0.3035 0.7534 0.5834
vn -0.8596 0.3271 0.3926
vn -0.7960 0.3297 0.5077
vn -0.3318 0.6730 0.6611
vn 0.9419 0.3043 0.1421
vn 0.3931 0.7708 0.5014
vn 0.2992 0.7315 0.6127
vn 0.8892 0.3351 0.3116
vn 0.8909 -0.3140 -0.3280
vn 0.9405 -0.2852 -0.1846
vn 0.3913 -0.7261 -0.5654
vn 0.4185 -0.8003 -0.4295
vn -0.9389 -0.3231 0.1191
vn -0.8975 -0.4390 -0.0428
vn -0.2814 -0.8300 -0.4815
vn -0.4045 -0.8103 -0.4240
vn -0.5208 -0.5859 0.6209
vn -0.4323 -0.3822 0.8167
vn -0.8329 -0.5002 0.2368
vn -0.9322 -0.3582 0.0526
vn -0.9183 -0.1615 0.3613
vn -0.7230 -0.2681 0.6367
vn -0.9485 -0.3169 0.0018
vn -0.9795 -0.1540 0.1302
vn -0.9470 -0.3145 -0.0650
vn -0.9863 -0.1635 0.0206
vn -0.9338 -0.3116 -0.1761
vn -0.9800 -0.1788 -0.0879
vn -0.9133 -0.3058 -0.2689
vn -0.9667 -0.1732 -0.1886
vn -0.8735 -0.2995 -0.3838
vn -0.9332 -0.2132 -0.2892
vn -0.8110 -0.2756 -0.5160
vn -0.8697 -0.2081 -0.4475
vn -0.6942 -0.2618 -0.6704
vn -0.6867 -0.2441 -0.6847
vn -0.5060 -0.2889 -0.8127
vn -0.3936 -0.2515 -0.8842
vn -0.3391 -0.3232 -0.8835
vn -0.1847 -0.2478 -0.9510
vn -0.2482 -0.3692 -0.8956
vn -0.0520 -0.2709 -0.9612
vn -0.1723 -0.4204 -0.8908
vn -0.0169 -0.3014 -0.9533
vn -0.4092 -0.0232 0.9121
vn -0.8663 0.0660 0.4951
vn -0.6424 0.0212 0.7661
vn -0.9894 0.0470 0.1372
vn -0.9895 0.0269 -0.1417
vn -0.8898 -0.0130 -0.4562
vn -0.5563 -0.0852 -0.8266
vn -0.1741 -0.0661 -0.9825
vn -0.0611 -0.9901 -0.1264
vn -0.0009 -0.7344 -0.6788
vn 0.0483 -0.0721 -0.9962
vn 0.0206 0.6847 -0.7285
vn -0.0254 0.9996 -0.0137
vn -0.0828 0.6594 0.7472
vn -0.1142 -0.2028 0.9725
vn -0.1113 -0.8570 0.5031
# 2693 vertex normals

vt 0.8070 0.2911 0.0000
vt 0.7804 0.2975 0.0000
vt 0.7788 0.2563 0.0000
vt 0.8061 0.2506 0.0000
vt 0.7570 0.3050 0.0000
vt 0.7526 0.2621 0.0000
vt 0.7370 0.3112 0.0000
vt 0.7285 0.2688 0.0000
vt 0.7185 0.3145 0.0000
vt 0.7066 0.2775 0.0000
vt 0.9518 0.2901 0.0000
vt 0.9093 0.2888 0.0000
vt 0.9137 0.2564 0.0000
vt 0.9602 0.2492 0.0000
vt 0.8708 0.2858 0.0000
vt 0.8702 0.2436 0.0000
vt 0.8367 0.2870 0.0000
vt 0.8349 0.2460 0.0000
vt 0.7131 0.2307 0.0000
vt 0.6978 0.1961 0.0000
vt 0.7349 0.1847 0.0000
vt 0.7439 0.2232 0.0000
vt 0.8295 0.2067 0.0000
vt 0.8286 0.1665 0.0000
vt 0.8510 0.1721 0.0000
vt 0.8525 0.2045 0.0000
vt 0.6453 0.0662 0.0000
vt 0.6474 0.0502 0.0000
vt 0.6717 0.0543 0.0000
vt 0.6709 0.0729 0.0000
vt 0.6397 0.0803 0.0000
vt 0.6692 0.0983 0.0000
vt 0.6460 0.1126 0.0000
vt 0.6274 0.0903 0.0000
vt 0.9727 0.0684 0.0000
vt 0.9758 0.0426 0.0000
vt 0.9917 0.0463 0.0000
vt 0.9917 0.0762 0.0000
vt 0.9520 0.0597 0.0000
vt 0.9596 0.0362 0.0000
vt 0.9310 0.0503 0.0000
vt 0.9455 0.0284 0.0000
vt 0.9364 0.0166 0.0000
vt 0.9091 0.0360 0.0000
vt 0.6698 0.0380 0.0000
vt 0.6398 0.0360 0.0000
vt 0.6628 0.0139 0.0000
vt 0.8323 0.5239 0.0000
vt 0.8331 0.4890 0.0000
vt 0.8566 0.4911 0.0000
vt 0.8575 0.5273 0.0000
vt 0.8091 0.4877 0.0000
vt 0.8100 0.5228 0.0000
vt 0.7862 0.5197 0.0000
vt 0.7861 0.4841 0.0000
vt 0.9582 0.5280 0.0000
vt 0.9468 0.4909 0.0000
vt 0.9670 0.4865 0.0000
vt 0.9830 0.5222 0.0000
vt 0.9316 0.5283 0.0000
vt 0.9239 0.4924 0.0000
vt 0.9062 0.5267 0.0000
vt 0.9013 0.4924 0.0000
vt 0.8826 0.5254 0.0000
vt 0.8789 0.4920 0.0000
vt 0.6804 0.1642 0.0000
vt 0.6633 0.1369 0.0000
vt 0.6885 0.1289 0.0000
vt 0.7083 0.1551 0.0000
vt 0.9706 0.1263 0.0000
vt 0.9698 0.0953 0.0000
vt 0.9917 0.1037 0.0000
vt 0.9917 0.1331 0.0000
vt 0.9344 0.1073 0.0000
vt 0.9427 0.0840 0.0000
vt 0.9151 0.0763 0.0000
vt 0.8976 0.1045 0.0000
vt 0.8766 0.0972 0.0000
vt 0.8918 0.0690 0.0000
vt 0.8086 0.3279 0.0000
vt 0.7822 0.3363 0.0000
vt 0.7576 0.3473 0.0000
vt 0.7342 0.3557 0.0000
vt 0.9917 0.2886 0.0000
vt 0.9917 0.3296 0.0000
vt 0.9497 0.3319 0.0000
vt 0.9089 0.3281 0.0000
vt 0.8717 0.3244 0.0000
vt 0.8384 0.3239 0.0000
vt 0.7751 0.2188 0.0000
vt 0.8036 0.2126 0.0000
vt 0.9813 0.2105 0.0000
vt 0.9917 0.2103 0.0000
vt 0.9917 0.2497 0.0000
vt 0.9832 0.1698 0.0000
vt 0.9917 0.1704 0.0000
vt 0.8625 0.1155 0.0000
vt 0.8753 0.1245 0.0000
vt 0.8604 0.1459 0.0000
vt 0.8459 0.1373 0.0000
vt 0.7734 0.1885 0.0000
vt 0.8017 0.1819 0.0000
vt 0.9229 0.1954 0.0000
vt 0.9244 0.1754 0.0000
vt 0.9346 0.1801 0.0000
vt 0.9406 0.1905 0.0000
vt 0.9404 0.2027 0.0000
vt 0.9342 0.2125 0.0000
vt 0.9234 0.2153 0.0000
vt 0.9131 0.2097 0.0000
vt 0.9072 0.2002 0.0000
vt 0.9063 0.1906 0.0000
vt 0.9087 0.1827 0.0000
vt 0.9150 0.1769 0.0000
vt 0.9248 0.1588 0.0000
vt 0.9433 0.1671 0.0000
vt 0.9537 0.1851 0.0000
vt 0.9538 0.2061 0.0000
vt 0.9434 0.2238 0.0000
vt 0.9230 0.2280 0.0000
vt 0.9045 0.2186 0.0000
vt 0.8947 0.2020 0.0000
vt 0.8934 0.1863 0.0000
vt 0.8978 0.1732 0.0000
vt 0.9083 0.1625 0.0000
vt 0.9287 0.1279 0.0000
vt 0.9014 0.1297 0.0000
vt 0.9585 0.1424 0.0000
vt 0.9746 0.1733 0.0000
vt 0.9739 0.2089 0.0000
vt 0.9560 0.2383 0.0000
vt 0.9182 0.2461 0.0000
vt 0.8851 0.2320 0.0000
vt 0.8690 0.2029 0.0000
vt 0.8670 0.1764 0.0000
vt 0.8858 0.1382 0.0000
vt 0.8736 0.1544 0.0000
vt 0.9259 0.1438 0.0000
vt 0.9000 0.1464 0.0000
vt 0.9510 0.1545 0.0000
vt 0.9649 0.1790 0.0000
vt 0.9653 0.2076 0.0000
vt 0.9513 0.2323 0.0000
vt 0.9213 0.2383 0.0000
vt 0.8951 0.2255 0.0000
vt 0.8818 0.2021 0.0000
vt 0.8802 0.1812 0.0000
vt 0.8863 0.1637 0.0000
vt 0.7638 0.5122 0.0000
vt 0.7638 0.4800 0.0000
vt 0.8345 0.1264 0.0000
vt 0.8548 0.1004 0.0000
vt 0.7998 0.1614 0.0000
vt 0.8174 0.1456 0.0000
vt 0.7780 0.1691 0.0000
vt 0.7529 0.1643 0.0000
vt 0.7313 0.1477 0.0000
vt 0.7138 0.1258 0.0000
vt 0.7018 0.0997 0.0000
vt 0.6993 0.0760 0.0000
vt 0.6995 0.0540 0.0000
vt 0.6945 0.0057 0.0000
vt 0.6979 0.0317 0.0000
vt 0.8681 0.0649 0.0000
vt 0.8753 0.0341 0.0000
vt 0.5455 0.5761 0.0000
vt 0.5206 0.5738 0.0000
vt 0.5266 0.5416 0.0000
vt 0.5608 0.5510 0.0000
vt 0.5099 0.6015 0.0000
vt 0.5368 0.5928 0.0000
vt 0.5286 0.6145 0.0000
vt 0.5081 0.6299 0.0000
vt 0.5280 0.6404 0.0000
vt 0.5103 0.6579 0.0000
vt 0.5339 0.6677 0.0000
vt 0.5127 0.6832 0.0000
vt 0.5405 0.6980 0.0000
vt 0.5120 0.7105 0.0000
vt 0.5465 0.7308 0.0000
vt 0.5121 0.7418 0.0000
vt 0.5320 0.7544 0.0000
vt 0.5406 0.3951 0.0000
vt 0.5306 0.3667 0.0000
vt 0.5592 0.3599 0.0000
vt 0.5688 0.3903 0.0000
vt 0.5468 0.4256 0.0000
vt 0.5751 0.4226 0.0000
vt 0.5485 0.4849 0.0000
vt 0.5493 0.4550 0.0000
vt 0.5768 0.4553 0.0000
vt 0.5745 0.4887 0.0000
vt 0.5436 0.5140 0.0000
vt 0.5665 0.5203 0.0000
vt 0.5831 0.5673 0.0000
vt 0.5608 0.5863 0.0000
vt 0.5504 0.6045 0.0000
vt 0.5403 0.6226 0.0000
vt 0.5426 0.6470 0.0000
vt 0.5569 0.6760 0.0000
vt 0.5672 0.7082 0.0000
vt 0.5792 0.7425 0.0000
vt 0.5522 0.7675 0.0000
vt 0.5849 0.7801 0.0000
vt 0.6009 0.3880 0.0000
vt 0.5885 0.3569 0.0000
vt 0.6260 0.3536 0.0000
vt 0.6386 0.3853 0.0000
vt 0.6078 0.4210 0.0000
vt 0.6461 0.4187 0.0000
vt 0.6401 0.4954 0.0000
vt 0.6039 0.4913 0.0000
vt 0.6088 0.4555 0.0000
vt 0.6487 0.4550 0.0000
vt 0.6152 0.5344 0.0000
vt 0.5881 0.5251 0.0000
vt 0.4740 0.5655 0.0000
vt 0.4767 0.5386 0.0000
vt 0.4710 0.5916 0.0000
vt 0.4688 0.6176 0.0000
vt 0.4680 0.6435 0.0000
vt 0.4664 0.6681 0.0000
vt 0.4611 0.6928 0.0000
vt 0.4927 0.7308 0.0000
vt 0.4513 0.7192 0.0000
vt 0.5087 0.4048 0.0000
vt 0.4659 0.4199 0.0000
vt 0.4567 0.3916 0.0000
vt 0.5019 0.3764 0.0000
vt 0.5160 0.4326 0.0000
vt 0.4773 0.4501 0.0000
vt 0.4758 0.4816 0.0000
vt 0.5191 0.4548 0.0000
vt 0.5194 0.4817 0.0000
vt 0.5195 0.5110 0.0000
vt 0.4772 0.5102 0.0000
vt 0.6263 0.1224 0.0000
vt 0.6132 0.0972 0.0000
vt 0.6523 0.1764 0.0000
vt 0.6386 0.1479 0.0000
vt 0.6675 0.2088 0.0000
vt 0.8125 0.3602 0.0000
vt 0.7868 0.3711 0.0000
vt 0.7597 0.3885 0.0000
vt 0.7273 0.4116 0.0000
vt 0.9917 0.3717 0.0000
vt 0.9478 0.3781 0.0000
vt 0.9063 0.3644 0.0000
vt 0.8710 0.3580 0.0000
vt 0.8399 0.3564 0.0000
vt 0.9778 0.4359 0.0000
vt 0.9917 0.4330 0.0000
vt 0.9917 0.4592 0.0000
vt 0.9842 0.4600 0.0000
vt 0.9667 0.4123 0.0000
vt 0.9917 0.4067 0.0000
vt 0.2521 0.8985 0.0000
vt 0.2030 0.9158 0.0000
vt 0.1988 0.8924 0.0000
vt 0.2498 0.8817 0.0000
vt 0.2566 0.9146 0.0000
vt 0.2095 0.9395 0.0000
vt 0.2638 0.9293 0.0000
vt 0.2196 0.9624 0.0000
vt 0.2672 0.7194 0.0000
vt 0.2604 0.7346 0.0000
vt 0.2148 0.7116 0.0000
vt 0.2254 0.6896 0.0000
vt 0.2560 0.7513 0.0000
vt 0.2078 0.7336 0.0000
vt 0.2532 0.7681 0.0000
vt 0.2031 0.7550 0.0000
vt 0.2512 0.7859 0.0000
vt 0.1999 0.7764 0.0000
vt 0.2498 0.8058 0.0000
vt 0.1977 0.7988 0.0000
vt 0.2488 0.8258 0.0000
vt 0.1961 0.8221 0.0000
vt 0.2483 0.8454 0.0000
vt 0.1959 0.8456 0.0000
vt 0.2487 0.8642 0.0000
vt 0.1966 0.8690 0.0000
vt 0.0513 0.7889 0.0000
vt 0.0672 0.7724 0.0000
vt 0.0721 0.7756 0.0000
vt 0.0608 0.7978 0.0000
vt 0.0771 0.7514 0.0000
vt 0.0802 0.7522 0.0000
vt 0.0829 0.7271 0.0000
vt 0.0860 0.7276 0.0000
vt 0.0864 0.7026 0.0000
vt 0.0898 0.7034 0.0000
vt 0.0858 0.6787 0.0000
vt 0.0890 0.6792 0.0000
vt 0.0477 0.6267 0.0000
vt 0.0443 0.5976 0.0000
vt 0.0671 0.6038 0.0000
vt 0.0697 0.6300 0.0000
vt 0.0009 0.9808 0.0000
vt 0.0005 0.9550 0.0000
vt 0.0215 0.9612 0.0000
vt 0.0232 0.9899 0.0000
vt 0.0013 0.9292 0.0000
vt 0.0212 0.9332 0.0000
vt 0.0036 0.9025 0.0000
vt 0.0229 0.9055 0.0000
vt 0.0072 0.8742 0.0000
vt 0.0266 0.8772 0.0000
vt 0.0142 0.8446 0.0000
vt 0.0337 0.8491 0.0000
vt 0.0254 0.8106 0.0000
vt 0.0474 0.8249 0.0000
vt 0.1130 0.7858 0.0000
vt 0.1091 0.8091 0.0000
vt 0.0835 0.8043 0.0000
vt 0.0880 0.7810 0.0000
vt 0.1179 0.7606 0.0000
vt 0.0935 0.7562 0.0000
vt 0.1230 0.7352 0.0000
vt 0.0996 0.7311 0.0000
vt 0.1279 0.7104 0.0000
vt 0.1049 0.7071 0.0000
vt 0.1370 0.6684 0.0000
vt 0.1290 0.6848 0.0000
vt 0.1090 0.6695 0.0000
vt 0.1142 0.6524 0.0000
vt 0.1467 0.6487 0.0000
vt 0.1237 0.6298 0.0000
vt 0.1181 0.9616 0.0000
vt 0.1234 0.9863 0.0000
vt 0.0897 0.9917 0.0000
vt 0.0850 0.9649 0.0000
vt 0.1135 0.9349 0.0000
vt 0.0811 0.9370 0.0000
vt 0.0782 0.9085 0.0000
vt 0.1099 0.9072 0.0000
vt 0.0767 0.8802 0.0000
vt 0.1077 0.8791 0.0000
vt 0.0771 0.8526 0.0000
vt 0.1070 0.8514 0.0000
vt 0.0799 0.8276 0.0000
vt 0.1074 0.8275 0.0000
vt 0.1567 0.9286 0.0000
vt 0.1524 0.9019 0.0000
vt 0.1622 0.9550 0.0000
vt 0.1690 0.9807 0.0000
vt 0.1675 0.6909 0.0000
vt 0.1824 0.6670 0.0000
vt 0.1642 0.7188 0.0000
vt 0.1594 0.7432 0.0000
vt 0.1553 0.7674 0.0000
vt 0.1511 0.7922 0.0000
vt 0.1439 0.8194 0.0000
vt 0.1477 0.8483 0.0000
vt 0.1493 0.8755 0.0000
vt 0.0710 0.6560 0.0000
vt 0.0812 0.6535 0.0000
vt 0.1075 0.6855 0.0000
vt 0.0635 0.8261 0.0000
vt 0.0702 0.8016 0.0000
vt 0.0771 0.7781 0.0000
vt 0.0839 0.7537 0.0000
vt 0.0903 0.7289 0.0000
vt 0.0947 0.7053 0.0000
vt 0.0955 0.6821 0.0000
vt 0.1054 0.6173 0.0000
vt 0.0990 0.6422 0.0000
vt 0.0849 0.6351 0.0000
vt 0.0876 0.6098 0.0000
vt 0.0613 0.9661 0.0000
vt 0.0654 0.9944 0.0000
vt 0.0449 0.9941 0.0000
vt 0.0421 0.9651 0.0000
vt 0.0595 0.9371 0.0000
vt 0.0408 0.9360 0.0000
vt 0.0580 0.9085 0.0000
vt 0.0408 0.9076 0.0000
vt 0.0574 0.8803 0.0000
vt 0.0417 0.8793 0.0000
vt 0.0450 0.8515 0.0000
vt 0.0587 0.8524 0.0000
vt 0.0955 0.6617 0.0000
vt 0.6754 0.4811 0.0000
vt 0.6741 0.4801 0.0000
vt 0.6931 0.4502 0.0000
vt 0.7019 0.4555 0.0000
vt 0.9917 0.4878 0.0000
vt 0.9866 0.4880 0.0000
vt 0.9883 0.5188 0.0000
vt 0.9917 0.5186 0.0000
vt 0.4410 0.5106 0.0000
vt 0.4399 0.4847 0.0000
vt 0.4406 0.5361 0.0000
vt 0.4390 0.5610 0.0000
vt 0.4373 0.5853 0.0000
vt 0.4355 0.6095 0.0000
vt 0.4338 0.6336 0.0000
vt 0.4311 0.6571 0.0000
vt 0.4261 0.6808 0.0000
vt 0.4180 0.7054 0.0000
vt 0.4319 0.4323 0.0000
vt 0.4227 0.4070 0.0000
vt 0.4374 0.4585 0.0000
vt 0.3001 0.5168 0.0000
vt 0.2972 0.4930 0.0000
vt 0.3369 0.4922 0.0000
vt 0.3394 0.5162 0.0000
vt 0.3405 0.5377 0.0000
vt 0.3012 0.5377 0.0000
vt 0.3406 0.5561 0.0000
vt 0.3012 0.5556 0.0000
vt 0.3393 0.5741 0.0000
vt 0.3001 0.5734 0.0000
vt 0.3369 0.5942 0.0000
vt 0.2979 0.5936 0.0000
vt 0.3338 0.6165 0.0000
vt 0.2948 0.6163 0.0000
vt 0.3307 0.6394 0.0000
vt 0.2914 0.6390 0.0000
vt 0.2883 0.6604 0.0000
vt 0.3285 0.6615 0.0000
vt 0.2851 0.6817 0.0000
vt 0.3276 0.6837 0.0000
vt 0.2887 0.4463 0.0000
vt 0.2834 0.4246 0.0000
vt 0.3273 0.4233 0.0000
vt 0.3299 0.4454 0.0000
vt 0.2932 0.4690 0.0000
vt 0.3333 0.4682 0.0000
vt 0.4118 0.5121 0.0000
vt 0.3906 0.5134 0.0000
vt 0.3896 0.4907 0.0000
vt 0.4115 0.4883 0.0000
vt 0.4120 0.5352 0.0000
vt 0.3906 0.5355 0.0000
vt 0.4109 0.5578 0.0000
vt 0.3900 0.5566 0.0000
vt 0.4095 0.5803 0.0000
vt 0.3890 0.5777 0.0000
vt 0.4079 0.6030 0.0000
vt 0.3875 0.5992 0.0000
vt 0.4060 0.6258 0.0000
vt 0.3853 0.6210 0.0000
vt 0.4034 0.6482 0.0000
vt 0.3828 0.6424 0.0000
vt 0.3996 0.6704 0.0000
vt 0.3797 0.6638 0.0000
vt 0.3938 0.6923 0.0000
vt 0.3752 0.6862 0.0000
vt 0.3981 0.4192 0.0000
vt 0.4050 0.4414 0.0000
vt 0.3836 0.4458 0.0000
vt 0.3788 0.4237 0.0000
vt 0.4092 0.4646 0.0000
vt 0.3874 0.4681 0.0000
vt 0.3671 0.4918 0.0000
vt 0.3688 0.5148 0.0000
vt 0.3693 0.5365 0.0000
vt 0.3689 0.5564 0.0000
vt 0.3680 0.5761 0.0000
vt 0.3661 0.5965 0.0000
vt 0.3636 0.6179 0.0000
vt 0.3609 0.6395 0.0000
vt 0.3584 0.6605 0.0000
vt 0.3566 0.6815 0.0000
vt 0.3585 0.4261 0.0000
vt 0.3610 0.4471 0.0000
vt 0.3644 0.4690 0.0000
vt 0.2414 0.5010 0.0000
vt 0.2443 0.5220 0.0000
vt 0.1872 0.5289 0.0000
vt 0.1854 0.5116 0.0000
vt 0.2458 0.5406 0.0000
vt 0.1879 0.5442 0.0000
vt 0.2455 0.5569 0.0000
vt 0.1875 0.5573 0.0000
vt 0.2441 0.5728 0.0000
vt 0.1865 0.5697 0.0000
vt 0.2418 0.5899 0.0000
vt 0.1849 0.5836 0.0000
vt 0.2388 0.6087 0.0000
vt 0.1828 0.5995 0.0000
vt 0.2354 0.6275 0.0000
vt 0.1805 0.6157 0.0000
vt 0.2320 0.6453 0.0000
vt 0.1782 0.6308 0.0000
vt 0.2283 0.6618 0.0000
vt 0.1757 0.6446 0.0000
vt 0.2253 0.4438 0.0000
vt 0.2317 0.4605 0.0000
vt 0.1782 0.4785 0.0000
vt 0.1730 0.4652 0.0000
vt 0.2371 0.4797 0.0000
vt 0.1823 0.4941 0.0000
vt 0.1407 0.5342 0.0000
vt 0.1407 0.5175 0.0000
vt 0.1407 0.5496 0.0000
vt 0.1407 0.5609 0.0000
vt 0.1407 0.5706 0.0000
vt 0.1407 0.5821 0.0000
vt 0.1407 0.5962 0.0000
vt 0.1407 0.6116 0.0000
vt 0.1407 0.6262 0.0000
vt 0.1407 0.6385 0.0000
vt 0.1407 0.4891 0.0000
vt 0.1407 0.4779 0.0000
vt 0.1407 0.5022 0.0000
vt 0.3038 0.8914 0.0000
vt 0.3026 0.8769 0.0000
vt 0.3307 0.8740 0.0000
vt 0.3320 0.8909 0.0000
vt 0.3048 0.9057 0.0000
vt 0.3334 0.9091 0.0000
vt 0.3041 0.9203 0.0000
vt 0.3333 0.9284 0.0000
vt 0.3091 0.7282 0.0000
vt 0.3375 0.7257 0.0000
vt 0.3363 0.7448 0.0000
vt 0.3088 0.7431 0.0000
vt 0.3345 0.7623 0.0000
vt 0.3073 0.7589 0.0000
vt 0.3056 0.7749 0.0000
vt 0.3329 0.7788 0.0000
vt 0.3315 0.7948 0.0000
vt 0.3041 0.7918 0.0000
vt 0.3307 0.8108 0.0000
vt 0.3028 0.8100 0.0000
vt 0.3298 0.8262 0.0000
vt 0.3018 0.8279 0.0000
vt 0.3296 0.8417 0.0000
vt 0.3016 0.8453 0.0000
vt 0.3299 0.8575 0.0000
vt 0.3019 0.8617 0.0000
vt 0.3627 0.8712 0.0000
vt 0.4116 0.8656 0.0000
vt 0.4127 0.8799 0.0000
vt 0.3637 0.8888 0.0000
vt 0.4149 0.8934 0.0000
vt 0.3658 0.9079 0.0000
vt 0.4190 0.9055 0.0000
vt 0.3700 0.9283 0.0000
vt 0.3678 0.7484 0.0000
vt 0.3713 0.7292 0.0000
vt 0.4182 0.7509 0.0000
vt 0.4154 0.7630 0.0000
vt 0.3660 0.7660 0.0000
vt 0.4139 0.7757 0.0000
vt 0.3648 0.7822 0.0000
vt 0.4130 0.7888 0.0000
vt 0.3638 0.7975 0.0000
vt 0.4124 0.8018 0.0000
vt 0.3632 0.8120 0.0000
vt 0.4122 0.8143 0.0000
vt 0.4119 0.8261 0.0000
vt 0.3628 0.8257 0.0000
vt 0.4115 0.8383 0.0000
vt 0.3624 0.8397 0.0000
vt 0.4113 0.8514 0.0000
vt 0.3623 0.8547 0.0000
vt 0.4649 0.8579 0.0000
vt 0.4653 0.8680 0.0000
vt 0.4662 0.8777 0.0000
vt 0.4677 0.8870 0.0000
vt 0.4678 0.7644 0.0000
vt 0.4666 0.7741 0.0000
vt 0.4657 0.7848 0.0000
vt 0.4650 0.7960 0.0000
vt 0.4648 0.8074 0.0000
vt 0.4650 0.8182 0.0000
vt 0.4652 0.8280 0.0000
vt 0.4651 0.8378 0.0000
vt 0.4649 0.8477 0.0000
vt 0.5125 0.8582 0.0000
vt 0.5125 0.8677 0.0000
vt 0.5125 0.8773 0.0000
vt 0.5125 0.8878 0.0000
vt 0.5125 0.7617 0.0000
vt 0.5125 0.7724 0.0000
vt 0.5125 0.7841 0.0000
vt 0.5125 0.7960 0.0000
vt 0.5125 0.8085 0.0000
vt 0.5125 0.8198 0.0000
vt 0.5125 0.8293 0.0000
vt 0.5125 0.8386 0.0000
vt 0.5125 0.8482 0.0000
vt 0.2790 0.8786 0.0000
vt 0.2805 0.8926 0.0000
vt 0.2824 0.9049 0.0000
vt 0.2847 0.9168 0.0000
vt 0.2888 0.7297 0.0000
vt 0.2865 0.7416 0.0000
vt 0.2843 0.7569 0.0000
vt 0.2824 0.7726 0.0000
vt 0.2806 0.7897 0.0000
vt 0.2791 0.8090 0.0000
vt 0.2780 0.8278 0.0000
vt 0.2777 0.8460 0.0000
vt 0.2782 0.8631 0.0000
vt 0.7133 0.3566 0.0000
vt 0.7048 0.4065 0.0000
vt 0.2762 0.0886 0.0000
vt 0.2751 0.1349 0.0000
vt 0.2556 0.1363 0.0000
vt 0.2587 0.0857 0.0000
vt 0.2286 0.1215 0.0000
vt 0.2355 0.0785 0.0000
vt 0.2865 0.2387 0.0000
vt 0.2919 0.2238 0.0000
vt 0.2991 0.2407 0.0000
vt 0.2943 0.0886 0.0000
vt 0.2938 0.1347 0.0000
vt 0.4656 0.2134 0.0000
vt 0.4480 0.1986 0.0000
vt 0.4644 0.1886 0.0000
vt 0.4757 0.2061 0.0000
vt 0.1588 0.2540 0.0000
vt 0.1509 0.2319 0.0000
vt 0.1894 0.2368 0.0000
vt 0.1757 0.2587 0.0000
vt 0.3710 0.0776 0.0000
vt 0.3851 0.1226 0.0000
vt 0.3531 0.1276 0.0000
vt 0.3431 0.0821 0.0000
vt 0.1287 0.2485 0.0000
vt 0.1147 0.2403 0.0000
vt 0.1243 0.2204 0.0000
vt 0.4058 0.0755 0.0000
vt 0.4200 0.1197 0.0000
vt 0.2040 0.2570 0.0000
vt 0.2254 0.2329 0.0000
vt 0.2214 0.2547 0.0000
vt 0.3229 0.1321 0.0000
vt 0.3176 0.0861 0.0000
vt 0.2752 0.2380 0.0000
vt 0.2642 0.2398 0.0000
vt 0.2597 0.2266 0.0000
vt 0.2755 0.2216 0.0000
vt 0.1043 0.2346 0.0000
vt 0.0953 0.2281 0.0000
vt 0.1087 0.2119 0.0000
vt 0.2526 0.2434 0.0000
vt 0.2368 0.2498 0.0000
vt 0.2938 0.1686 0.0000
vt 0.3259 0.1667 0.0000
vt 0.1676 0.1463 0.0000
vt 0.1955 0.1515 0.0000
vt 0.1921 0.1788 0.0000
vt 0.1620 0.1749 0.0000
vt 0.4064 0.2474 0.0000
vt 0.3870 0.2527 0.0000
vt 0.3693 0.2267 0.0000
vt 0.4110 0.2175 0.0000
vt 0.1431 0.1421 0.0000
vt 0.1322 0.1705 0.0000
vt 0.4547 0.2212 0.0000
vt 0.4393 0.2343 0.0000
vt 0.2257 0.1510 0.0000
vt 0.2245 0.1780 0.0000
vt 0.3540 0.2510 0.0000
vt 0.3334 0.2513 0.0000
vt 0.3276 0.2258 0.0000
vt 0.2585 0.1720 0.0000
vt 0.2758 0.1691 0.0000
vt 0.2756 0.1973 0.0000
vt 0.2593 0.1999 0.0000
vt 0.1150 0.1844 0.0000
vt 0.1340 0.1969 0.0000
vt 0.1152 0.1972 0.0000
vt 0.2242 0.2047 0.0000
vt 0.2936 0.1972 0.0000
vt 0.3280 0.1963 0.0000
vt 0.4392 0.1753 0.0000
vt 0.4596 0.1726 0.0000
vt 0.1591 0.2016 0.0000
vt 0.1903 0.2054 0.0000
vt 0.3949 0.1569 0.0000
vt 0.4016 0.1857 0.0000
vt 0.3644 0.1929 0.0000
vt 0.3596 0.1624 0.0000
vt 0.4365 0.1527 0.0000
vt 0.2633 0.0363 0.0000
vt 0.2788 0.0390 0.0000
vt 0.2450 0.0311 0.0000
vt 0.2125 0.0716 0.0000
vt 0.2261 0.0250 0.0000
vt 0.1904 0.0667 0.0000
vt 0.2093 0.0177 0.0000
vt 0.1637 0.0659 0.0000
vt 0.1957 0.0103 0.0000
vt 0.1532 0.0442 0.0000
vt 0.1861 0.0005 0.0000
vt 0.4202 0.0554 0.0000
vt 0.3718 0.0209 0.0000
vt 0.3857 0.0139 0.0000
vt 0.3518 0.0261 0.0000
vt 0.3307 0.0313 0.0000
vt 0.3111 0.0360 0.0000
vt 0.2939 0.0385 0.0000
vt 0.1520 0.1117 0.0000
vt 0.1245 0.1209 0.0000
vt 0.1249 0.0933 0.0000
vt 0.1080 0.1712 0.0000
vt 0.1142 0.1554 0.0000
vt 0.4653 0.1608 0.0000
vt 0.4649 0.1424 0.0000
vt 0.4808 0.1544 0.0000
vt 0.4530 0.1219 0.0000
vt 0.4588 0.0784 0.0000
vt 0.4503 0.0980 0.0000
vt 0.1177 0.0717 0.0000
vt 0.1432 0.2542 0.0000
vt 0.4244 0.2430 0.0000
vt 0.1332 0.2630 0.0000
vt 0.1272 0.2605 0.0000
vt 0.4395 0.2514 0.0000
vt 0.4455 0.2478 0.0000
vt 0.3184 0.2466 0.0000
vt 0.1906 0.2599 0.0000
vt 0.3717 0.2538 0.0000
vt 0.2359 0.2612 0.0000
vt 0.2307 0.2636 0.0000
vt 0.3214 0.2609 0.0000
vt 0.3268 0.2645 0.0000
vt 0.1841 0.2712 0.0000
vt 0.1786 0.2705 0.0000
vt 0.3853 0.2666 0.0000
vt 0.3796 0.2671 0.0000
vt 0.2020 0.1153 0.0000
vt 0.1768 0.1110 0.0000
vt 0.1204 0.1392 0.0000
vt 0.0988 0.1331 0.0000
vt 0.0946 0.1118 0.0000
vt 0.0933 0.1630 0.0000
vt 0.0945 0.1497 0.0000
vt 0.4908 0.1403 0.0000
vt 0.4978 0.1509 0.0000
vt 0.4856 0.1276 0.0000
vt 0.4857 0.1124 0.0000
vt 0.4917 0.0975 0.0000
vt 0.0883 0.0950 0.0000
vt 0.1032 0.2516 0.0000
vt 0.0942 0.2454 0.0000
vt 0.4687 0.2330 0.0000
vt 0.4606 0.2431 0.0000
vt 0.4781 0.2241 0.0000
vt 0.4872 0.2161 0.0000
vt 0.0854 0.2390 0.0000
vt 0.1113 0.2581 0.0000
vt 0.1167 0.2662 0.0000
vt 0.4573 0.2541 0.0000
vt 0.1637 0.2775 0.0000
vt 0.1547 0.2742 0.0000
vt 0.1706 0.2828 0.0000
vt 0.4022 0.2735 0.0000
vt 0.3942 0.2794 0.0000
vt 0.4281 0.2653 0.0000
vt 0.4140 0.2683 0.0000
vt 0.4412 0.2640 0.0000
vt 0.1442 0.2736 0.0000
vt 0.1338 0.2753 0.0000
vt 0.2173 0.2719 0.0000
vt 0.2070 0.2731 0.0000
vt 0.2264 0.2723 0.0000
vt 0.3390 0.2707 0.0000
vt 0.3301 0.2758 0.0000
vt 0.3666 0.2720 0.0000
vt 0.3524 0.2697 0.0000
vt 0.3772 0.2766 0.0000
vt 0.1969 0.2761 0.0000
vt 0.1877 0.2805 0.0000
vt 0.2755 0.3295 0.0000
vt 0.2788 0.3357 0.0000
vt 0.2733 0.3405 0.0000
vt 0.2683 0.3335 0.0000
vt 0.2859 0.3325 0.0000
vt 0.2895 0.3340 0.0000
vt 0.2879 0.3398 0.0000
vt 0.2824 0.3349 0.0000
vt 0.2806 0.3277 0.0000
vt 0.2859 0.3265 0.0000
vt 0.2979 0.3335 0.0000
vt 0.2943 0.3345 0.0000
vt 0.2949 0.3271 0.0000
vt 0.2995 0.3280 0.0000
vt 0.3040 0.3307 0.0000
vt 0.3004 0.3363 0.0000
vt 0.2602 0.3386 0.0000
vt 0.2551 0.3334 0.0000
vt 0.2601 0.3324 0.0000
vt 0.2662 0.3419 0.0000
vt 0.2948 0.3402 0.0000
vt 0.2909 0.3267 0.0000
vt 0.2750 0.2511 0.0000
vt 0.2648 0.2524 0.0000
vt 0.2860 0.2512 0.0000
vt 0.3107 0.2569 0.0000
vt 0.2985 0.2529 0.0000
vt 0.3173 0.2635 0.0000
vt 0.2457 0.2590 0.0000
vt 0.2400 0.2644 0.0000
vt 0.2545 0.2551 0.0000
vt 0.2670 0.2712 0.0000
vt 0.2756 0.2703 0.0000
vt 0.2762 0.2828 0.0000
vt 0.2683 0.2836 0.0000
vt 0.2853 0.2701 0.0000
vt 0.2852 0.2826 0.0000
vt 0.3058 0.2729 0.0000
vt 0.3046 0.2850 0.0000
vt 0.2951 0.2834 0.0000
vt 0.2959 0.2709 0.0000
vt 0.3142 0.2758 0.0000
vt 0.3129 0.2870 0.0000
vt 0.2514 0.2744 0.0000
vt 0.2535 0.2863 0.0000
vt 0.2458 0.2882 0.0000
vt 0.2437 0.2767 0.0000
vt 0.2589 0.2726 0.0000
vt 0.2607 0.2847 0.0000
vt 0.2693 0.2958 0.0000
vt 0.2770 0.2952 0.0000
vt 0.2855 0.2950 0.0000
vt 0.3036 0.2970 0.0000
vt 0.2946 0.2955 0.0000
vt 0.3120 0.2987 0.0000
vt 0.2474 0.3001 0.0000
vt 0.2550 0.2983 0.0000
vt 0.2621 0.2969 0.0000
vt 0.2753 0.2609 0.0000
vt 0.2659 0.2617 0.0000
vt 0.2856 0.2608 0.0000
vt 0.3078 0.2642 0.0000
vt 0.2971 0.2618 0.0000
vt 0.3156 0.2682 0.0000
vt 0.2489 0.2657 0.0000
vt 0.2419 0.2692 0.0000
vt 0.2569 0.2633 0.0000
vt 0.2727 0.3192 0.0000
vt 0.2797 0.3177 0.0000
vt 0.2866 0.3173 0.0000
vt 0.2938 0.3187 0.0000
vt 0.3011 0.3191 0.0000
vt 0.3077 0.3220 0.0000
vt 0.2509 0.3241 0.0000
vt 0.2580 0.3222 0.0000
vt 0.2655 0.3207 0.0000
vt 0.2705 0.3063 0.0000
vt 0.2780 0.3054 0.0000
vt 0.2860 0.3051 0.0000
vt 0.2943 0.3056 0.0000
vt 0.3027 0.3071 0.0000
vt 0.3107 0.3093 0.0000
vt 0.2484 0.3107 0.0000
vt 0.2562 0.3089 0.0000
vt 0.2633 0.3075 0.0000
vt 0.2665 0.2661 0.0000
vt 0.2755 0.2653 0.0000
vt 0.2855 0.2651 0.0000
vt 0.2964 0.2660 0.0000
vt 0.3066 0.2681 0.0000
vt 0.3149 0.2714 0.0000
vt 0.2426 0.2724 0.0000
vt 0.2501 0.2695 0.0000
vt 0.2580 0.2675 0.0000
vt 0.2775 0.3002 0.0000
vt 0.2699 0.3009 0.0000
vt 0.2858 0.2999 0.0000
vt 0.3031 0.3019 0.0000
vt 0.2945 0.3005 0.0000
vt 0.3113 0.3037 0.0000
vt 0.2555 0.3033 0.0000
vt 0.2478 0.3051 0.0000
vt 0.2626 0.3020 0.0000
vt 0.4518 0.3722 0.0000
vt 0.4533 0.3806 0.0000
vt 0.4466 0.3782 0.0000
vt 0.4485 0.3728 0.0000
vt 0.5432 0.3040 0.0000
vt 0.5469 0.3011 0.0000
vt 0.5524 0.3065 0.0000
vt 0.5442 0.3099 0.0000
vt 0.1346 0.3807 0.0000
vt 0.1283 0.3829 0.0000
vt 0.1273 0.3727 0.0000
vt 0.1355 0.3732 0.0000
vt 0.1412 0.3753 0.0000
vt 0.4405 0.3723 0.0000
vt 0.4450 0.3672 0.0000
vt 0.4589 0.3688 0.0000
vt 0.4557 0.3709 0.0000
vt 0.4527 0.3633 0.0000
vt 0.4580 0.3622 0.0000
vt 0.4652 0.3632 0.0000
vt 0.4643 0.3717 0.0000
vt 0.1163 0.3765 0.0000
vt 0.1131 0.3684 0.0000
vt 0.1195 0.3693 0.0000
vt 0.4972 0.2242 0.0000
vt 0.4889 0.2324 0.0000
vt 0.0867 0.2543 0.0000
vt 0.0781 0.2482 0.0000
vt 0.1018 0.2661 0.0000
vt 0.0946 0.2601 0.0000
vt 0.1087 0.2736 0.0000
vt 0.4729 0.2515 0.0000
vt 0.4671 0.2617 0.0000
vt 0.4804 0.2416 0.0000
vt 0.5518 0.2925 0.0000
vt 0.5480 0.2869 0.0000
vt 0.5535 0.2837 0.0000
vt 0.5570 0.2919 0.0000
vt 0.0346 0.3168 0.0000
vt 0.0410 0.3116 0.0000
vt 0.0458 0.3175 0.0000
vt 0.0360 0.3239 0.0000
vt 0.0524 0.3214 0.0000
vt 0.0481 0.3288 0.0000
vt 0.0407 0.3281 0.0000
vt 0.0565 0.3265 0.0000
vt 0.5345 0.3085 0.0000
vt 0.5366 0.3014 0.0000
vt 0.5502 0.2968 0.0000
vt 0.5439 0.2917 0.0000
vt 0.5562 0.3004 0.0000
vt 0.0697 0.2884 0.0000
vt 0.0630 0.2838 0.0000
vt 0.0713 0.2736 0.0000
vt 0.0781 0.2788 0.0000
vt 0.5068 0.2785 0.0000
vt 0.4950 0.2692 0.0000
vt 0.5022 0.2600 0.0000
vt 0.5138 0.2699 0.0000
vt 0.5286 0.2539 0.0000
vt 0.5215 0.2614 0.0000
vt 0.5103 0.2510 0.0000
vt 0.5182 0.2431 0.0000
vt 0.0554 0.2791 0.0000
vt 0.0635 0.2679 0.0000
vt 0.0759 0.2933 0.0000
vt 0.0845 0.2839 0.0000
vt 0.0818 0.2989 0.0000
vt 0.0909 0.2895 0.0000
vt 0.5010 0.2861 0.0000
vt 0.4895 0.2777 0.0000
vt 0.0534 0.3084 0.0000
vt 0.0472 0.3038 0.0000
vt 0.5405 0.2960 0.0000
vt 0.5283 0.2954 0.0000
vt 0.5352 0.2880 0.0000
vt 0.5311 0.2703 0.0000
vt 0.5262 0.2659 0.0000
vt 0.5332 0.2589 0.0000
vt 0.5382 0.2637 0.0000
vt 0.0482 0.2887 0.0000
vt 0.0518 0.2838 0.0000
vt 0.0592 0.2885 0.0000
vt 0.0553 0.2935 0.0000
vt 0.0678 0.3029 0.0000
vt 0.0617 0.2981 0.0000
vt 0.0658 0.2931 0.0000
vt 0.0720 0.2979 0.0000
vt 0.0740 0.3080 0.0000
vt 0.0780 0.3032 0.0000
vt 0.5170 0.2867 0.0000
vt 0.5118 0.2944 0.0000
vt 0.5064 0.2899 0.0000
vt 0.5119 0.2824 0.0000
vt 0.5236 0.2782 0.0000
vt 0.5187 0.2740 0.0000
vt 0.0793 0.2633 0.0000
vt 0.0865 0.2691 0.0000
vt 0.4830 0.2596 0.0000
vt 0.4904 0.2498 0.0000
vt 0.4988 0.2406 0.0000
vt 0.5071 0.2328 0.0000
vt 0.0716 0.2570 0.0000
vt 0.0934 0.2745 0.0000
vt 0.1005 0.2805 0.0000
vt 0.4776 0.2693 0.0000
vt 0.5018 0.2285 0.0000
vt 0.4937 0.2365 0.0000
vt 0.0829 0.2586 0.0000
vt 0.0747 0.2524 0.0000
vt 0.0977 0.2702 0.0000
vt 0.0905 0.2645 0.0000
vt 0.1049 0.2771 0.0000
vt 0.4779 0.2553 0.0000
vt 0.4722 0.2652 0.0000
vt 0.4854 0.2455 0.0000
vt 0.5478 0.2746 0.0000
vt 0.5410 0.2800 0.0000
vt 0.0404 0.2998 0.0000
vt 0.0592 0.3136 0.0000
vt 0.0650 0.3193 0.0000
vt 0.5239 0.3034 0.0000
vt 0.0356 0.3088 0.0000
vt 0.4596 0.3786 0.0000
vt 0.1221 0.3818 0.0000
vt 0.4493 0.3646 0.0000
vt 0.1491 0.2944 0.0000
vt 0.1565 0.2965 0.0000
vt 0.1549 0.3022 0.0000
vt 0.1474 0.3001 0.0000
vt 0.1640 0.2995 0.0000
vt 0.1626 0.3050 0.0000
vt 0.4024 0.2981 0.0000
vt 0.4111 0.2935 0.0000
vt 0.4137 0.2993 0.0000
vt 0.4050 0.3038 0.0000
vt 0.4350 0.2845 0.0000
vt 0.4369 0.2905 0.0000
vt 0.4246 0.2945 0.0000
vt 0.4222 0.2886 0.0000
vt 0.4467 0.2817 0.0000
vt 0.4485 0.2876 0.0000
vt 0.1312 0.2918 0.0000
vt 0.1409 0.2930 0.0000
vt 0.1392 0.2985 0.0000
vt 0.1295 0.2970 0.0000
vt 0.1440 0.3388 0.0000
vt 0.1362 0.3368 0.0000
vt 0.1380 0.3309 0.0000
vt 0.1458 0.3330 0.0000
vt 0.1524 0.3413 0.0000
vt 0.1542 0.3354 0.0000
vt 0.4306 0.3366 0.0000
vt 0.4224 0.3409 0.0000
vt 0.4195 0.3349 0.0000
vt 0.4279 0.3306 0.0000
vt 0.4394 0.3327 0.0000
vt 0.4371 0.3266 0.0000
vt 0.4472 0.3233 0.0000
vt 0.4491 0.3295 0.0000
vt 0.4588 0.3271 0.0000
vt 0.4573 0.3207 0.0000
vt 0.1284 0.3348 0.0000
vt 0.1197 0.3329 0.0000
vt 0.1211 0.3269 0.0000
vt 0.1301 0.3289 0.0000
vt 0.1509 0.2879 0.0000
vt 0.1588 0.2904 0.0000
vt 0.1661 0.2941 0.0000
vt 0.4082 0.2870 0.0000
vt 0.3997 0.2921 0.0000
vt 0.4328 0.2783 0.0000
vt 0.4196 0.2820 0.0000
vt 0.4449 0.2760 0.0000
vt 0.1320 0.2864 0.0000
vt 0.1420 0.2867 0.0000
vt 0.1428 0.3439 0.0000
vt 0.1350 0.3418 0.0000
vt 0.1512 0.3463 0.0000
vt 0.4328 0.3412 0.0000
vt 0.4249 0.3456 0.0000
vt 0.4505 0.3345 0.0000
vt 0.4413 0.3377 0.0000
vt 0.4600 0.3325 0.0000
vt 0.1270 0.3398 0.0000
vt 0.1183 0.3380 0.0000
vt 0.1308 0.3585 0.0000
vt 0.1391 0.3608 0.0000
vt 0.1471 0.3635 0.0000
vt 0.4333 0.3616 0.0000
vt 0.4401 0.3569 0.0000
vt 0.4476 0.3548 0.0000
vt 0.4551 0.3513 0.0000
vt 0.4640 0.3504 0.0000
vt 0.1134 0.3551 0.0000
vt 0.1222 0.3566 0.0000
vt 0.2363 0.3688 0.0000
vt 0.2305 0.3728 0.0000
vt 0.2281 0.3626 0.0000
vt 0.2340 0.3607 0.0000
vt 0.3548 0.3727 0.0000
vt 0.3532 0.3813 0.0000
vt 0.3469 0.3770 0.0000
vt 0.3514 0.3723 0.0000
vt 0.2400 0.3596 0.0000
vt 0.3426 0.3684 0.0000
vt 0.3493 0.3649 0.0000
vt 0.3612 0.3723 0.0000
vt 0.3581 0.3729 0.0000
vt 0.3579 0.3640 0.0000
vt 0.3626 0.3647 0.0000
vt 0.3685 0.3678 0.0000
vt 0.3651 0.3765 0.0000
vt 0.2175 0.3722 0.0000
vt 0.2099 0.3659 0.0000
vt 0.2159 0.3642 0.0000
vt 0.2227 0.3636 0.0000
vt 0.2243 0.3743 0.0000
vt 0.3596 0.3812 0.0000
vt 0.3546 0.3639 0.0000
vt 0.2108 0.2967 0.0000
vt 0.2198 0.2946 0.0000
vt 0.2221 0.3084 0.0000
vt 0.2135 0.3106 0.0000
vt 0.2278 0.2928 0.0000
vt 0.2295 0.3065 0.0000
vt 0.3336 0.2990 0.0000
vt 0.3422 0.2968 0.0000
vt 0.3430 0.3118 0.0000
vt 0.3349 0.3137 0.0000
vt 0.3651 0.2965 0.0000
vt 0.3652 0.3118 0.0000
vt 0.3536 0.3110 0.0000
vt 0.3532 0.2958 0.0000
vt 0.3759 0.2985 0.0000
vt 0.3752 0.3136 0.0000
vt 0.2010 0.2985 0.0000
vt 0.2040 0.3125 0.0000
vt 0.1946 0.3141 0.0000
vt 0.1912 0.3003 0.0000
vt 0.2193 0.3377 0.0000
vt 0.2279 0.3355 0.0000
vt 0.2315 0.3485 0.0000
vt 0.2230 0.3519 0.0000
vt 0.2353 0.3335 0.0000
vt 0.2392 0.3466 0.0000
vt 0.3380 0.3429 0.0000
vt 0.3459 0.3414 0.0000
vt 0.3475 0.3539 0.0000
vt 0.3400 0.3561 0.0000
vt 0.3548 0.3408 0.0000
vt 0.3642 0.3413 0.0000
vt 0.3634 0.3537 0.0000
vt 0.3557 0.3542 0.0000
vt 0.3732 0.3429 0.0000
vt 0.3711 0.3558 0.0000
vt 0.2044 0.3540 0.0000
vt 0.2009 0.3411 0.0000
vt 0.2100 0.3392 0.0000
vt 0.2129 0.3522 0.0000
vt 0.2178 0.2825 0.0000
vt 0.2085 0.2842 0.0000
vt 0.2268 0.2819 0.0000
vt 0.3411 0.2838 0.0000
vt 0.3319 0.2865 0.0000
vt 0.3654 0.2838 0.0000
vt 0.3529 0.2827 0.0000
vt 0.3764 0.2861 0.0000
vt 0.1988 0.2864 0.0000
vt 0.1892 0.2895 0.0000
vt 0.2246 0.3226 0.0000
vt 0.2162 0.3248 0.0000
vt 0.2318 0.3209 0.0000
vt 0.3446 0.3280 0.0000
vt 0.3363 0.3291 0.0000
vt 0.3647 0.3279 0.0000
vt 0.3543 0.3274 0.0000
vt 0.3743 0.3291 0.0000
vt 0.2070 0.3265 0.0000
vt 0.1981 0.3284 0.0000
vt 0.2094 0.2900 0.0000
vt 0.2187 0.2881 0.0000
vt 0.2274 0.2869 0.0000
vt 0.3329 0.2923 0.0000
vt 0.3419 0.2900 0.0000
vt 0.3531 0.2890 0.0000
vt 0.3650 0.2897 0.0000
vt 0.3760 0.2917 0.0000
vt 0.1899 0.2944 0.0000
vt 0.1996 0.2920 0.0000
vt 0.2176 0.3314 0.0000
vt 0.2261 0.3291 0.0000
vt 0.2334 0.3273 0.0000
vt 0.3371 0.3362 0.0000
vt 0.3454 0.3350 0.0000
vt 0.3546 0.3345 0.0000
vt 0.3643 0.3349 0.0000
vt 0.3737 0.3362 0.0000
vt 0.1994 0.3348 0.0000
vt 0.2084 0.3329 0.0000
vt 0.0054 0.1408 0.0000
vt 0.0121 0.1442 0.0000
vt 0.0116 0.1516 0.0000
vt 0.0005 0.1549 0.0000
vt 0.5826 0.1308 0.0000
vt 0.5896 0.1450 0.0000
vt 0.5771 0.1435 0.0000
vt 0.5758 0.1356 0.0000
vt 0.0158 0.1595 0.0000
vt 0.0110 0.1672 0.0000
vt 0.5782 0.1563 0.0000
vt 0.5740 0.1503 0.0000
vt 0.0307 0.1360 0.0000
vt 0.0335 0.1455 0.0000
vt 0.0360 0.1578 0.0000
vt 0.0370 0.1701 0.0000
vt 0.5530 0.1598 0.0000
vt 0.5532 0.1490 0.0000
vt 0.5544 0.1381 0.0000
vt 0.5559 0.1287 0.0000
vt 0.5587 0.1210 0.0000
vt 0.0273 0.1287 0.0000
vt 0.0680 0.1227 0.0000
vt 0.0721 0.1365 0.0000
vt 0.0751 0.1496 0.0000
vt 0.0770 0.1616 0.0000
vt 0.5125 0.1420 0.0000
vt 0.5139 0.1524 0.0000
vt 0.5126 0.1315 0.0000
vt 0.5151 0.1202 0.0000
vt 0.5194 0.1090 0.0000
vt 0.0632 0.1110 0.0000
vt 0.0491 0.1294 0.0000
vt 0.0527 0.1406 0.0000
vt 0.0561 0.1531 0.0000
vt 0.0589 0.1660 0.0000
vt 0.5315 0.1570 0.0000
vt 0.5321 0.1454 0.0000
vt 0.5333 0.1343 0.0000
vt 0.5357 0.1240 0.0000
vt 0.5391 0.1147 0.0000
vt 0.0453 0.1201 0.0000
vt 0.0618 0.1384 0.0000
vt 0.0575 0.1262 0.0000
vt 0.0655 0.1510 0.0000
vt 0.0683 0.1633 0.0000
vt 0.5224 0.1437 0.0000
vt 0.5222 0.1548 0.0000
vt 0.5237 0.1329 0.0000
vt 0.5264 0.1222 0.0000
vt 0.5303 0.1118 0.0000
vt 0.0531 0.1158 0.0000
vt 0.7510 0.9435 0.0000
vt 0.7799 0.9049 0.0000
vt 0.7951 0.9271 0.0000
vt 0.7638 0.9595 0.0000
vt 0.8110 0.9475 0.0000
vt 0.7767 0.9760 0.0000
vt 0.7901 0.9931 0.0000
vt 0.8274 0.9681 0.0000
vt 0.5961 0.9763 0.0000
vt 0.5631 0.9439 0.0000
vt 0.5818 0.9258 0.0000
vt 0.6127 0.9617 0.0000
vt 0.6042 0.9081 0.0000
vt 0.6315 0.9469 0.0000
vt 0.6517 0.9327 0.0000
vt 0.6291 0.8894 0.0000
vt 0.6731 0.9193 0.0000
vt 0.6623 0.8595 0.0000
vt 0.6997 0.6032 0.0000
vt 0.7011 0.5942 0.0000
vt 0.7088 0.5997 0.0000
vt 0.7048 0.6039 0.0000
vt 0.7368 0.6139 0.0000
vt 0.7380 0.6061 0.0000
vt 0.7439 0.6104 0.0000
vt 0.7407 0.6147 0.0000
vt 0.7727 0.6217 0.0000
vt 0.7755 0.6143 0.0000
vt 0.7810 0.6193 0.0000
vt 0.7764 0.6235 0.0000
vt 0.8040 0.6406 0.0000
vt 0.8074 0.6340 0.0000
vt 0.8104 0.6389 0.0000
vt 0.8067 0.6422 0.0000
vt 0.7375 0.9274 0.0000
vt 0.7635 0.8691 0.0000
vt 0.6925 0.9104 0.0000
vt 0.6940 0.8565 0.0000
vt 0.9213 0.8051 0.0000
vt 0.9139 0.7595 0.0000
vt 0.9430 0.7640 0.0000
vt 0.9529 0.8115 0.0000
vt 0.8934 0.8060 0.0000
vt 0.8872 0.7595 0.0000
vt 0.8667 0.8083 0.0000
vt 0.8619 0.7646 0.0000
vt 0.8405 0.8180 0.0000
vt 0.8379 0.7733 0.0000
vt 0.8030 0.8463 0.0000
vt 0.8100 0.7863 0.0000
vt 0.7234 0.9147 0.0000
vt 0.7390 0.8610 0.0000
vt 0.7086 0.9085 0.0000
vt 0.7172 0.8573 0.0000
vt 0.9267 0.8436 0.0000
vt 0.8981 0.8446 0.0000
vt 0.8713 0.8437 0.0000
vt 0.9293 0.8764 0.0000
vt 0.9010 0.8754 0.0000
vt 0.8744 0.8717 0.0000
vt 0.8459 0.8494 0.0000
vt 0.8561 0.8753 0.0000
vt 0.9570 0.8488 0.0000
vt 0.9517 0.8826 0.0000
vt 0.6713 0.7939 0.0000
vt 0.6765 0.7371 0.0000
vt 0.7093 0.7430 0.0000
vt 0.7003 0.8038 0.0000
vt 0.9434 0.7128 0.0000
vt 0.9721 0.7175 0.0000
vt 0.9754 0.7712 0.0000
vt 0.9118 0.7102 0.0000
vt 0.8842 0.7118 0.0000
vt 0.8586 0.7168 0.0000
vt 0.8347 0.7242 0.0000
vt 0.7873 0.7355 0.0000
vt 0.8120 0.7309 0.0000
vt 0.7812 0.8002 0.0000
vt 0.7632 0.7392 0.0000
vt 0.7545 0.8070 0.0000
vt 0.7369 0.7450 0.0000
vt 0.7273 0.8089 0.0000
vt 0.8229 0.8668 0.0000
vt 0.8384 0.8899 0.0000
vt 0.8186 0.9071 0.0000
vt 0.8046 0.8830 0.0000
vt 0.8598 0.9147 0.0000
vt 0.8371 0.9307 0.0000
vt 0.8957 0.9413 0.0000
vt 0.8592 0.9548 0.0000
vt 0.5358 0.9216 0.0000
vt 0.5041 0.9002 0.0000
vt 0.5316 0.8712 0.0000
vt 0.5569 0.8991 0.0000
vt 0.5621 0.8525 0.0000
vt 0.5823 0.8800 0.0000
vt 0.5914 0.8376 0.0000
vt 0.6071 0.8611 0.0000
vt 0.6248 0.8294 0.0000
vt 0.9995 0.6147 0.0000
vt 0.9924 0.6168 0.0000
vt 0.9883 0.6127 0.0000
vt 0.9958 0.6042 0.0000
vt 0.8945 0.5933 0.0000
vt 0.8917 0.5962 0.0000
vt 0.8879 0.5943 0.0000
vt 0.8892 0.5887 0.0000
vt 0.8543 0.6086 0.0000
vt 0.8505 0.6084 0.0000
vt 0.8507 0.6019 0.0000
vt 0.8568 0.6043 0.0000
vt 0.8236 0.6337 0.0000
vt 0.8203 0.6345 0.0000
vt 0.8179 0.6290 0.0000
vt 0.8243 0.6294 0.0000
vt 0.9971 0.8288 0.0000
vt 0.6558 0.6711 0.0000
vt 0.6752 0.6909 0.0000
vt 0.6464 0.6969 0.0000
vt 0.6420 0.6755 0.0000
vt 0.8148 0.6747 0.0000
vt 0.8246 0.6705 0.0000
vt 0.8314 0.6888 0.0000
vt 0.8137 0.6979 0.0000
vt 0.6416 0.6198 0.0000
vt 0.6389 0.6117 0.0000
vt 0.6479 0.6130 0.0000
vt 0.6468 0.6189 0.0000
vt 0.9332 0.5858 0.0000
vt 0.9364 0.5778 0.0000
vt 0.9421 0.5859 0.0000
vt 0.9373 0.5886 0.0000
vt 0.9416 0.6402 0.0000
vt 0.9559 0.6508 0.0000
vt 0.9486 0.6723 0.0000
vt 0.7111 0.6919 0.0000
vt 0.9762 0.6835 0.0000
vt 0.9134 0.6686 0.0000
vt 0.8827 0.6699 0.0000
vt 0.8550 0.6774 0.0000
vt 0.7985 0.7006 0.0000
vt 0.7746 0.6981 0.0000
vt 0.7874 0.7000 0.0000
vt 0.7402 0.6920 0.0000
vt 0.7614 0.6969 0.0000
vt 0.6446 0.7787 0.0000
vt 0.6487 0.7290 0.0000
vt 0.8718 0.8933 0.0000
vt 0.9002 0.9076 0.0000
vt 0.9341 0.9042 0.0000
vt 0.9450 0.9311 0.0000
vt 0.9773 0.9004 0.0000
vt 0.9891 0.8624 0.0000
vt 0.6358 0.6584 0.0000
vt 0.6464 0.6552 0.0000
vt 0.9657 0.6563 0.0000
vt 0.9756 0.6424 0.0000
vt 0.9847 0.6466 0.0000
vt 0.9783 0.6608 0.0000
vt 0.9665 0.6370 0.0000
vt 0.9440 0.6295 0.0000
vt 0.9542 0.6235 0.0000
vt 0.9588 0.6301 0.0000
vt 0.6794 0.6454 0.0000
vt 0.6825 0.6571 0.0000
vt 0.6665 0.6430 0.0000
vt 0.6704 0.6348 0.0000
vt 0.6681 0.6664 0.0000
vt 0.6574 0.6502 0.0000
vt 0.9835 0.6098 0.0000
vt 0.9784 0.6082 0.0000
vt 0.9777 0.6015 0.0000
vt 0.9871 0.6004 0.0000
vt 0.6368 0.6226 0.0000
vt 0.6330 0.6270 0.0000
vt 0.6266 0.6250 0.0000
vt 0.6306 0.6152 0.0000
vt 0.6294 0.6413 0.0000
vt 0.6384 0.6397 0.0000
vt 0.9865 0.6285 0.0000
vt 0.9944 0.6313 0.0000
vt 0.9783 0.6223 0.0000
vt 0.9652 0.6104 0.0000
vt 0.9701 0.6171 0.0000
vt 0.6550 0.6291 0.0000
vt 0.6598 0.6216 0.0000
vt 0.6465 0.6339 0.0000
vt 0.7188 0.6426 0.0000
vt 0.7185 0.6565 0.0000
vt 0.7102 0.6420 0.0000
vt 0.7156 0.6357 0.0000
vt 0.7022 0.6617 0.0000
vt 0.7003 0.6449 0.0000
vt 0.6831 0.6387 0.0000
vt 0.6898 0.6428 0.0000
vt 0.9332 0.6251 0.0000
vt 0.9390 0.6228 0.0000
vt 0.9227 0.6408 0.0000
vt 0.9246 0.6244 0.0000
vt 0.9049 0.6217 0.0000
vt 0.9100 0.6168 0.0000
vt 0.9160 0.6211 0.0000
vt 0.9063 0.6347 0.0000
vt 0.6950 0.6036 0.0000
vt 0.6905 0.6055 0.0000
vt 0.6861 0.6024 0.0000
vt 0.6922 0.5952 0.0000
vt 0.9280 0.5849 0.0000
vt 0.9230 0.5862 0.0000
vt 0.9190 0.5819 0.0000
vt 0.9271 0.5768 0.0000
vt 0.7066 0.6146 0.0000
vt 0.7128 0.6104 0.0000
vt 0.7139 0.6235 0.0000
vt 0.7076 0.6287 0.0000
vt 0.6982 0.6153 0.0000
vt 0.6993 0.6311 0.0000
vt 0.6839 0.6269 0.0000
vt 0.6839 0.6138 0.0000
vt 0.6902 0.6159 0.0000
vt 0.6905 0.6297 0.0000
vt 0.9338 0.6114 0.0000
vt 0.9364 0.5981 0.0000
vt 0.9429 0.5980 0.0000
vt 0.9400 0.6114 0.0000
vt 0.9267 0.6101 0.0000
vt 0.9290 0.5956 0.0000
vt 0.9137 0.5926 0.0000
vt 0.9209 0.5948 0.0000
vt 0.9194 0.6076 0.0000
vt 0.9122 0.6057 0.0000
vt 0.7496 0.6585 0.0000
vt 0.7346 0.6628 0.0000
vt 0.7346 0.6474 0.0000
vt 0.7434 0.6457 0.0000
vt 0.7213 0.6395 0.0000
vt 0.7259 0.6450 0.0000
vt 0.8967 0.6243 0.0000
vt 0.9008 0.6200 0.0000
vt 0.8895 0.6416 0.0000
vt 0.8893 0.6266 0.0000
vt 0.8718 0.6289 0.0000
vt 0.8754 0.6241 0.0000
vt 0.8808 0.6264 0.0000
vt 0.8736 0.6399 0.0000
vt 0.7515 0.6457 0.0000
vt 0.7489 0.6411 0.0000
vt 0.7327 0.6140 0.0000
vt 0.7291 0.6150 0.0000
vt 0.7259 0.6109 0.0000
vt 0.7312 0.6065 0.0000
vt 0.8795 0.5963 0.0000
vt 0.8759 0.5934 0.0000
vt 0.8821 0.5885 0.0000
vt 0.8834 0.5943 0.0000
vt 0.7347 0.6230 0.0000
vt 0.7417 0.6229 0.0000
vt 0.7422 0.6340 0.0000
vt 0.7348 0.6351 0.0000
vt 0.7218 0.6307 0.0000
vt 0.7226 0.6202 0.0000
vt 0.7282 0.6229 0.0000
vt 0.7275 0.6337 0.0000
vt 0.8939 0.6141 0.0000
vt 0.8931 0.6039 0.0000
vt 0.8985 0.6026 0.0000
vt 0.8993 0.6127 0.0000
vt 0.8877 0.6152 0.0000
vt 0.8863 0.6034 0.0000
vt 0.8734 0.6043 0.0000
vt 0.8793 0.6047 0.0000
vt 0.8810 0.6155 0.0000
vt 0.8747 0.6154 0.0000
vt 0.7476 0.6202 0.0000
vt 0.7483 0.6314 0.0000
vt 0.7646 0.6670 0.0000
vt 0.7668 0.6520 0.0000
vt 0.7771 0.6519 0.0000
vt 0.7814 0.6657 0.0000
vt 0.7542 0.6417 0.0000
vt 0.7579 0.6479 0.0000
vt 0.8633 0.6323 0.0000
vt 0.8677 0.6282 0.0000
vt 0.8578 0.6498 0.0000
vt 0.8554 0.6365 0.0000
vt 0.8402 0.6445 0.0000
vt 0.8420 0.6384 0.0000
vt 0.8472 0.6386 0.0000
vt 0.8434 0.6520 0.0000
vt 0.7851 0.6552 0.0000
vt 0.7835 0.6493 0.0000
vt 0.7691 0.6211 0.0000
vt 0.7656 0.6217 0.0000
vt 0.7635 0.6167 0.0000
vt 0.7690 0.6137 0.0000
vt 0.8430 0.6116 0.0000
vt 0.8389 0.6088 0.0000
vt 0.8442 0.6035 0.0000
vt 0.8464 0.6092 0.0000
vt 0.7683 0.6411 0.0000
vt 0.7695 0.6301 0.0000
vt 0.7764 0.6310 0.0000
vt 0.7766 0.6412 0.0000
vt 0.7558 0.6335 0.0000
vt 0.7586 0.6241 0.0000
vt 0.7633 0.6287 0.0000
vt 0.7609 0.6381 0.0000
vt 0.8592 0.6239 0.0000
vt 0.8566 0.6147 0.0000
vt 0.8625 0.6121 0.0000
vt 0.8653 0.6213 0.0000
vt 0.8526 0.6263 0.0000
vt 0.8500 0.6160 0.0000
vt 0.8370 0.6190 0.0000
vt 0.8437 0.6186 0.0000
vt 0.8461 0.6284 0.0000
vt 0.8401 0.6296 0.0000
vt 0.7837 0.6286 0.0000
vt 0.7836 0.6395 0.0000
vt 0.7930 0.6734 0.0000
vt 0.7971 0.6621 0.0000
vt 0.8060 0.6640 0.0000
vt 0.8039 0.6756 0.0000
vt 0.7879 0.6529 0.0000
vt 0.7900 0.6578 0.0000
vt 0.8351 0.6489 0.0000
vt 0.8375 0.6450 0.0000
vt 0.8325 0.6644 0.0000
vt 0.8292 0.6548 0.0000
vt 0.8146 0.6631 0.0000
vt 0.8224 0.6599 0.0000
vt 0.8011 0.6397 0.0000
vt 0.7980 0.6394 0.0000
vt 0.7964 0.6347 0.0000
vt 0.8018 0.6325 0.0000
vt 0.8145 0.6397 0.0000
vt 0.8128 0.6328 0.0000
vt 0.8166 0.6366 0.0000
vt 0.7995 0.6539 0.0000
vt 0.8012 0.6459 0.0000
vt 0.8064 0.6473 0.0000
vt 0.8065 0.6553 0.0000
vt 0.7896 0.6463 0.0000
vt 0.7924 0.6394 0.0000
vt 0.7963 0.6438 0.0000
vt 0.7937 0.6505 0.0000
vt 0.8308 0.6438 0.0000
vt 0.8267 0.6376 0.0000
vt 0.8302 0.6332 0.0000
vt 0.8347 0.6396 0.0000
vt 0.8258 0.6481 0.0000
vt 0.8221 0.6410 0.0000
vt 0.8116 0.6460 0.0000
vt 0.8170 0.6446 0.0000
vt 0.8201 0.6519 0.0000
vt 0.8135 0.6543 0.0000
vt 0.9675 0.4301 0.0000
vt 0.9618 0.4473 0.0000
vt 0.9394 0.4442 0.0000
vt 0.9413 0.4198 0.0000
vt 0.9034 0.4040 0.0000
vt 0.9143 0.4394 0.0000
vt 0.8920 0.4361 0.0000
vt 0.8800 0.4009 0.0000
vt 0.8758 0.4330 0.0000
vt 0.8678 0.3993 0.0000
vt 0.8653 0.4315 0.0000
vt 0.8592 0.3977 0.0000
vt 0.8549 0.4297 0.0000
vt 0.8505 0.3948 0.0000
vt 0.8454 0.4281 0.0000
vt 0.8413 0.3925 0.0000
vt 0.8345 0.4266 0.0000
vt 0.8316 0.3913 0.0000
vt 0.8244 0.4254 0.0000
vt 0.8218 0.3904 0.0000
vt 0.8132 0.4247 0.0000
vt 0.8117 0.3899 0.0000
vt 0.8032 0.4245 0.0000
vt 0.8017 0.3900 0.0000
vt 0.7921 0.4251 0.0000
vt 0.7914 0.3903 0.0000
vt 0.7824 0.4265 0.0000
vt 0.7812 0.3916 0.0000
vt 0.7723 0.4281 0.0000
vt 0.7715 0.3939 0.0000
vt 0.7638 0.4285 0.0000
vt 0.7638 0.3991 0.0000
vt 0.9618 0.4653 0.0000
vt 0.9416 0.4666 0.0000
vt 0.9193 0.4664 0.0000
vt 0.8974 0.4656 0.0000
vt 0.8750 0.4596 0.0000
vt 0.8531 0.4570 0.0000
vt 0.8308 0.4547 0.0000
vt 0.8082 0.4530 0.0000
vt 0.7868 0.4524 0.0000
vt 0.7638 0.4493 0.0000
vt 0.6861 0.2425 0.0000
vt 0.6495 0.5060 0.0000
vt 0.6473 0.5035 0.0000
vt 0.1506 0.3174 0.0000
vt 0.1427 0.3152 0.0000
vt 0.1590 0.3200 0.0000
vt 0.4208 0.3148 0.0000
vt 0.4120 0.3192 0.0000
vt 0.4421 0.3067 0.0000
vt 0.4309 0.3104 0.0000
vt 0.4533 0.3036 0.0000
vt 0.1345 0.3133 0.0000
vt 0.1250 0.3111 0.0000
# 1636 texture coords

o Body
g Body
usemtl defaultMat
s 1
f 1/1/1 2/2/2 3/3/3 4/4/4 
f 2/2/2 5/5/5 6/6/6 3/3/3 
f 5/5/5 7/7/7 8/8/8 6/6/6 
f 7/7/7 9/9/9 10/10/10 8/8/8 
f 11/11/11 12/12/12 13/13/13 14/14/14 
f 15/15/15 16/16/16 13/13/13 12/12/12 
f 15/15/15 17/17/17 18/18/18 16/16/16 
f 17/17/17 1/1/1 4/4/4 18/18/18 
f 19/19/19 20/20/20 21/21/21 22/22/22 
f 23/23/23 24/24/24 25/25/25 26/26/26 
f 27/27/27 28/28/28 29/29/29 30/30/30 
f 31/31/31 27/27/27 30/30/30 32/32/32 
f 33/33/33 34/34/34 31/31/31 32/32/32 
f 35/35/35 36/36/36 37/37/37 38/38/38 
f 39/39/39 40/40/40 36/36/36 35/35/35 
f 41/41/41 42/42/42 40/40/40 39/39/39 
f 43/43/43 42/42/42 41/41/41 44/44/44 
f 45/45/45 28/28/28 43/46/43 44/47/44 
f 27/48/27 46/49/46 47/50/47 28/51/28 
f 48/52/48 46/49/46 27/48/27 31/53/31 
f 34/54/34 49/55/49 48/52/48 31/53/31 
f 36/56/36 50/57/50 51/58/51 37/59/37 
f 40/60/40 52/61/52 50/57/50 36/56/36 
f 42/62/42 53/63/53 52/61/52 40/60/40 
f 43/64/43 54/65/54 53/63/53 42/62/42 
f 28/51/28 47/50/47 54/65/54 43/64/43 
f 55/66/55 56/67/56 57/68/57 58/69/58 
f 59/70/59 60/71/60 61/72/61 62/73/62 
f 63/74/63 64/75/64 60/71/60 59/70/59 
f 65/76/65 64/75/64 63/74/63 66/77/66 
f 67/78/67 68/79/68 65/76/65 66/77/66 
f 2/2/2 1/1/1 69/80/69 70/81/70 
f 5/5/5 2/2/2 70/81/70 71/82/71 
f 7/7/7 5/5/5 71/82/71 72/83/72 
f 73/84/73 74/85/74 75/86/75 11/11/11 
f 11/11/11 75/86/75 76/87/76 12/12/12 
f 12/12/12 76/87/76 77/88/77 15/15/15 
f 17/17/17 15/15/15 77/88/77 78/89/78 
f 1/1/1 17/17/17 78/89/78 69/80/69 
f 79/90/79 80/91/80 4/4/4 3/3/3 
f 22/22/22 79/90/79 3/3/3 6/6/6 
f 19/19/19 22/22/22 6/6/6 8/8/8 
f 81/92/81 82/93/82 83/94/83 14/14/14 
f 18/18/18 23/23/23 26/26/26 16/16/16 
f 80/91/80 23/23/23 18/18/18 4/4/4 
f 20/20/20 55/66/55 58/69/58 21/21/21 
f 84/95/84 59/70/59 62/73/62 85/96/85 
f 86/97/86 87/98/87 88/99/88 89/100/89 
f 80/91/80 79/90/79 90/101/90 91/102/91 
f 22/22/22 21/21/21 90/101/90 79/90/79 
f 23/23/23 80/91/80 91/102/91 24/24/24 
f 92/103/92 93/104/93 94/105/94 
f 92/103/92 94/105/94 95/106/95 
f 92/103/92 95/106/95 96/107/96 
f 92/103/92 96/107/96 97/108/97 
f 92/103/92 97/108/97 98/109/98 
f 92/103/92 98/109/98 99/110/99 
f 92/103/92 99/110/99 100/111/100 
f 100/111/100 101/112/101 92/103/92 
f 92/103/92 102/113/102 103/114/103 
f 92/103/92 103/114/103 93/104/93 
f 93/104/93 104/115/104 105/116/105 94/105/94 
f 94/105/94 105/116/105 106/117/106 95/106/95 
f 95/106/95 106/117/106 107/118/107 96/107/96 
f 96/107/96 107/118/107 108/119/108 97/108/97 
f 97/108/97 108/119/108 109/120/109 98/109/98 
f 109/120/109 110/121/110 99/110/99 98/109/98 
f 110/121/110 111/122/111 100/111/100 99/110/99 
f 111/122/111 112/123/112 101/112/101 100/111/100 
f 113/124/113 114/125/114 103/114/103 102/113/102 
f 114/125/114 104/115/104 93/104/93 103/114/103 
f 63/74/63 115/126/115 116/127/116 66/77/66 
f 59/70/59 117/128/117 115/126/115 63/74/63 
f 84/95/84 118/129/118 117/128/117 59/70/59 
f 81/92/81 119/130/119 118/129/118 84/95/84 
f 81/92/81 14/14/14 120/131/120 119/130/119 
f 14/14/14 13/13/13 121/132/121 120/131/120 
f 13/13/13 16/16/16 122/133/122 121/132/121 
f 16/16/16 26/26/26 123/134/123 122/133/122 
f 26/26/26 25/25/25 124/135/124 123/134/123 
f 88/99/88 87/98/87 125/136/125 126/137/126 
f 127/138/127 104/115/104 114/125/114 128/139/128 
f 129/140/129 105/116/105 104/115/104 127/138/127 
f 130/141/130 106/117/106 105/116/105 129/140/129 
f 131/142/131 107/118/107 106/117/106 130/141/130 
f 132/143/132 108/119/108 107/118/107 131/142/131 
f 133/144/133 109/120/109 108/119/108 132/143/132 
f 110/121/110 109/120/109 133/144/133 134/145/134 
f 111/122/111 110/121/110 134/145/134 135/146/135 
f 112/123/112 111/122/111 135/146/135 136/147/136 
f 114/125/114 113/124/113 137/148/137 128/139/128 
f 127/138/127 128/139/128 116/127/116 115/126/115 
f 117/128/117 129/140/129 127/138/127 115/126/115 
f 118/129/118 130/141/130 129/140/129 117/128/117 
f 119/130/119 131/142/131 130/141/130 118/129/118 
f 120/131/120 132/143/132 131/142/131 119/130/119 
f 133/144/133 132/143/132 120/131/120 121/132/121 
f 134/145/134 133/144/133 121/132/121 122/133/122 
f 135/146/135 134/145/134 122/133/122 123/134/123 
f 136/147/136 135/146/135 123/134/123 124/135/124 
f 125/136/125 128/139/128 137/148/137 126/137/126 
f 49/55/49 34/54/34 138/149/138 139/150/139 
f 60/71/60 35/35/35 38/38/38 61/72/61 
f 64/75/64 39/39/39 35/35/35 60/71/60 
f 65/76/65 41/41/41 39/39/39 64/75/64 
f 68/79/68 44/44/44 41/41/41 65/76/65 
f 56/67/56 33/33/33 32/32/32 57/68/57 
f 86/97/86 89/100/89 140/151/140 141/152/141 
f 24/24/24 91/102/91 142/153/142 143/154/143 
f 91/102/91 90/101/90 144/155/144 142/153/142 
f 90/101/90 21/21/21 145/156/145 144/155/144 
f 21/21/21 58/69/58 146/157/146 145/156/145 
f 58/69/58 57/68/57 147/158/147 146/157/146 
f 57/68/57 32/32/32 148/159/148 147/158/147 
f 32/32/32 30/30/30 149/160/149 148/159/148 
f 30/30/30 29/29/29 150/161/150 149/160/149 
f 44/47/44 151/162/151 152/163/152 45/45/45 
f 68/79/68 153/164/153 151/165/151 44/44/44 
f 67/78/67 141/152/141 153/164/153 68/79/68 
f 154/166/154 155/167/155 156/168/156 157/169/157 
f 158/170/158 155/167/155 159/171/159 160/172/160 
f 161/173/161 158/170/158 160/172/160 162/174/162 
f 163/175/163 161/173/161 162/174/162 164/176/164 
f 165/177/165 163/175/163 164/176/164 166/178/166 
f 167/179/167 165/177/165 166/178/166 168/180/168 
f 169/181/169 167/179/167 168/180/168 170/182/170 
f 171/183/171 169/184/169 170/185/170 172/186/172 
f 173/187/173 171/183/171 172/186/172 174/188/174 
f 175/189/175 176/190/176 177/191/177 178/192/178 
f 179/193/179 175/189/175 178/192/178 180/194/180 
f 179/193/179 180/194/180 157/169/157 156/168/156 
f 154/166/154 157/169/157 141/195/141 140/196/140 
f 160/172/160 159/171/159 143/197/143 142/198/142 
f 162/174/162 160/172/160 142/198/142 144/199/144 
f 164/176/164 162/174/162 144/199/144 145/200/145 
f 166/178/166 164/176/164 145/200/145 146/201/146 
f 168/180/168 166/178/166 146/201/146 147/202/147 
f 181/203/181 168/180/168 147/202/147 148/204/148 
f 182/205/182 181/206/181 148/207/148 149/208/149 
f 183/209/183 182/205/182 149/208/149 150/210/150 
f 151/211/151 184/212/184 185/213/185 152/214/152 
f 153/215/153 186/216/186 184/212/184 151/211/151 
f 141/195/141 157/169/157 186/216/186 153/215/153 
f 155/167/155 187/217/187 188/218/188 156/168/156 
f 158/170/158 189/219/189 187/217/187 155/167/155 
f 190/220/190 189/219/189 158/170/158 161/173/161 
f 191/221/191 190/220/190 161/173/161 163/175/163 
f 192/222/192 191/221/191 163/175/163 165/177/165 
f 193/223/193 192/222/192 165/177/165 167/179/167 
f 194/224/194 195/225/195 193/223/193 167/179/167 
f 196/226/196 197/227/197 195/228/195 194/229/194 
f 198/230/198 199/231/199 197/227/197 196/226/196 
f 200/232/200 199/231/199 201/233/201 202/234/202 
f 203/235/203 204/236/204 200/232/200 202/234/202 
f 188/218/188 204/236/204 203/235/203 156/168/156 
f 170/182/170 168/180/168 181/203/181 
f 186/216/186 157/169/157 180/194/180 
f 181/206/181 182/205/182 172/186/172 170/185/170 
f 182/205/182 183/209/183 174/188/174 172/186/172 
f 184/212/184 178/192/178 177/191/177 185/213/185 
f 186/216/186 180/194/180 178/192/178 184/212/184 
f 29/29/29 28/28/28 45/45/45 
f 201/233/201 199/231/199 198/230/198 
f 150/161/150 29/29/29 45/45/45 152/163/152 
f 174/188/174 177/191/177 176/190/176 173/187/173 
f 150/210/150 152/214/152 185/213/185 183/209/183 
f 183/209/183 185/213/185 177/191/177 174/188/174 
f 102/113/102 92/103/92 101/112/101 
f 159/171/159 155/167/155 154/166/154 
f 25/25/25 24/24/24 89/100/89 88/99/88 
f 112/123/112 113/124/113 102/113/102 101/112/101 
f 25/25/25 88/99/88 126/137/126 124/135/124 
f 136/147/136 137/148/137 113/124/113 112/123/112 
f 124/135/124 126/137/126 137/148/137 136/147/136 
f 89/100/89 24/24/24 143/154/143 140/151/140 
f 140/196/140 143/197/143 159/171/159 154/166/154 
f 34/34/34 33/33/33 205/237/205 138/238/138 
f 56/67/56 55/66/55 206/239/206 207/240/207 
f 55/66/55 20/20/20 208/241/208 206/239/206 
f 33/33/33 56/67/56 207/240/207 205/237/205 
f 70/81/70 69/80/69 209/242/209 210/243/210 
f 71/82/71 70/81/70 210/243/210 211/244/211 
f 72/83/72 71/82/71 211/244/211 212/245/212 
f 75/86/75 74/85/74 213/246/213 214/247/214 
f 75/86/75 214/247/214 215/248/215 76/87/76 
f 76/87/76 215/248/215 216/249/216 77/88/77 
f 78/89/78 77/88/77 216/249/216 217/250/217 
f 69/80/69 78/89/78 217/250/217 209/242/209 
f 218/251/218 219/252/219 220/253/220 221/254/221 
f 218/251/218 222/255/222 223/256/223 219/252/219 
f 224/257/224 225/258/225 226/259/226 227/260/227 
f 224/257/224 228/261/228 229/262/229 225/258/225 
f 228/261/228 230/263/230 231/264/231 229/262/229 
f 230/265/230 232/266/232 233/267/233 231/268/231 
f 232/266/232 234/269/234 235/270/235 233/267/233 
f 234/269/234 236/271/236 237/272/237 235/270/235 
f 236/271/236 238/273/238 239/274/239 237/272/237 
f 238/273/238 240/275/240 241/276/241 239/274/239 
f 242/277/242 243/278/243 241/276/241 240/275/240 
f 244/279/244 245/280/245 243/278/243 242/277/242 
f 246/281/246 247/282/247 245/280/245 244/279/244 
f 227/260/227 226/259/226 247/282/247 246/281/246 
f 222/283/222 218/284/218 248/285/248 249/286/249 
f 218/284/218 221/287/221 250/288/250 248/285/248 
f 251/289/251 252/290/252 250/288/250 221/287/221 
f 251/289/251 253/291/253 254/292/254 252/290/252 
f 253/291/253 255/293/255 256/294/256 254/292/254 
f 212/295/212 211/296/211 257/297/257 258/298/258 
f 211/299/211 210/300/210 259/301/259 257/302/257 
f 210/300/210 209/303/209 260/304/260 259/301/259 
f 209/303/209 217/305/217 261/306/261 260/304/260 
f 217/305/217 216/307/216 262/308/262 261/306/261 
f 215/309/215 263/310/263 262/308/262 216/307/216 
f 215/309/215 214/311/214 264/312/264 263/310/263 
f 265/313/265 266/314/266 267/315/267 268/316/268 
f 269/317/269 265/313/265 268/316/268 270/318/270 
f 271/319/271 269/317/269 270/318/270 272/320/272 
f 273/321/273 271/319/271 272/320/272 274/322/274 
f 275/323/275 276/324/276 277/325/277 278/326/278 
f 279/327/279 275/323/275 278/326/278 280/328/280 
f 281/329/281 279/330/279 280/331/280 282/332/282 
f 283/333/283 281/329/281 282/332/282 284/334/284 
f 285/335/285 286/336/286 283/333/283 284/334/284 
f 287/337/287 288/338/288 286/336/286 285/335/285 
f 289/339/289 290/340/290 288/338/288 287/337/287 
f 291/341/291 292/342/292 290/340/290 289/339/289 
f 225/258/225 293/343/293 294/344/294 226/259/226 
f 295/345/295 293/343/293 225/258/225 229/262/229 
f 296/346/296 295/345/295 229/262/229 231/264/231 
f 233/267/233 297/347/297 296/348/296 231/268/231 
f 298/349/298 297/347/297 233/267/233 235/270/235 
f 299/350/299 298/349/298 235/270/235 237/272/237 
f 300/351/300 299/350/299 237/272/237 239/274/239 
f 301/352/301 300/351/300 239/274/239 241/276/241 
f 243/278/243 302/353/302 301/352/301 241/276/241 
f 303/354/303 302/353/302 243/278/243 245/280/245 
f 247/282/247 304/355/304 303/354/303 245/280/245 
f 226/259/226 294/344/294 304/355/304 247/282/247 
f 283/333/283 286/336/286 294/344/294 293/343/293 
f 281/329/281 283/333/283 293/343/293 295/345/295 
f 279/330/279 281/329/281 295/345/295 296/346/296 
f 275/323/275 279/327/279 296/348/296 297/347/297 
f 273/321/273 276/324/276 297/347/297 298/349/298 
f 271/319/271 273/321/273 298/349/298 299/350/299 
f 269/317/269 271/319/271 299/350/299 300/351/300 
f 265/313/265 269/317/269 300/351/300 301/352/301 
f 266/314/266 265/313/265 301/352/301 302/353/302 
f 303/354/303 290/340/290 292/342/292 302/353/302 
f 304/355/304 288/338/288 290/340/290 303/354/303 
f 294/344/294 286/336/286 288/338/288 304/355/304 
f 305/356/305 212/295/212 258/298/258 306/357/306 
f 274/322/274 307/358/307 276/324/276 273/321/273 
f 276/324/276 275/323/275 297/347/297 
f 266/314/266 302/353/302 292/342/292 
f 213/246/213 223/256/223 222/255/222 214/247/214 
f 291/341/291 308/359/308 309/360/309 267/315/267 
f 292/342/292 291/341/291 267/315/267 266/314/266 
f 310/361/310 309/360/309 249/286/249 248/285/248 
f 311/362/311 310/361/310 248/285/248 250/288/250 
f 312/363/312 311/362/311 250/288/250 252/290/252 
f 313/364/313 312/363/312 252/290/252 254/292/254 
f 314/365/314 313/364/313 254/292/254 256/294/256 
f 315/366/315 316/367/316 317/368/317 318/369/318 
f 319/370/319 315/371/315 318/372/318 320/373/320 
f 321/374/321 319/370/319 320/373/320 322/375/322 
f 323/376/323 321/374/321 322/375/322 324/377/324 
f 325/378/325 323/376/323 324/377/324 326/379/326 
f 327/380/327 328/381/328 325/378/325 326/379/326 
f 264/312/264 308/359/308 328/381/328 327/380/327 
f 316/367/316 329/382/329 306/357/306 317/368/317 
f 318/369/318 317/368/317 258/298/258 257/297/257 
f 320/373/320 318/372/318 257/302/257 259/301/259 
f 322/375/322 320/373/320 259/301/259 260/304/260 
f 324/377/324 322/375/322 260/304/260 261/306/261 
f 326/379/326 324/377/324 261/306/261 262/308/262 
f 327/380/327 326/379/326 262/308/262 263/310/263 
f 264/312/264 327/380/327 263/310/263 
f 258/298/258 317/368/317 306/357/306 
f 264/312/264 214/311/214 222/283/222 249/286/249 
f 308/359/308 264/312/264 249/286/249 309/360/309 
f 268/316/268 267/315/267 309/360/309 310/361/310 
f 270/318/270 268/316/268 310/361/310 311/362/311 
f 272/320/272 270/318/270 311/362/311 312/363/312 
f 274/322/274 272/320/272 312/363/312 313/364/313 
f 307/358/307 274/322/274 313/364/313 314/365/314 
f 280/328/280 278/326/278 316/367/316 315/366/315 
f 282/332/282 280/331/280 315/371/315 319/370/319 
f 284/334/284 282/332/282 319/370/319 321/374/321 
f 323/376/323 285/335/285 284/334/284 321/374/321 
f 325/378/325 287/337/287 285/335/285 323/376/323 
f 328/381/328 289/339/289 287/337/287 325/378/325 
f 308/359/308 291/341/291 289/339/289 328/381/328 
f 278/326/278 277/325/277 329/382/329 316/367/316 
f 276/324/276 307/358/307 277/325/277 
f 255/383/255 330/384/330 331/385/331 305/386/305 
f 255/293/255 305/356/305 306/357/306 256/294/256 
f 256/294/256 306/357/306 329/382/329 314/365/314 
f 314/365/314 329/382/329 277/325/277 307/358/307 
f 332/387/332 251/388/251 221/254/221 220/253/220 
f 253/389/253 251/388/251 332/387/332 333/390/333 
f 179/193/179 156/168/156 203/235/203 
f 194/224/194 167/179/167 169/181/169 
f 169/184/169 171/183/171 196/226/196 194/229/194 
f 171/183/171 173/187/173 198/230/198 196/226/196 
f 175/189/175 202/234/202 201/233/201 176/190/176 
f 179/193/179 203/235/203 202/234/202 175/189/175 
f 201/233/201 198/230/198 173/187/173 176/190/176 
f 204/236/204 334/391/334 335/392/335 200/232/200 
f 336/393/336 334/391/334 204/236/204 188/218/188 
f 337/394/337 336/393/336 188/218/188 187/217/187 
f 338/395/338 337/394/337 187/217/187 189/219/189 
f 339/396/339 338/395/338 189/219/189 190/220/190 
f 340/397/340 339/396/339 190/220/190 191/221/191 
f 341/398/341 340/397/340 191/221/191 192/222/192 
f 342/399/342 341/398/341 192/222/192 193/223/193 
f 343/400/343 342/399/342 193/223/193 195/225/195 
f 344/401/344 343/402/343 195/228/195 197/227/197 
f 345/403/345 344/401/344 197/227/197 199/231/199 
f 200/232/200 335/392/335 345/403/345 199/231/199 
f 346/404/346 347/405/347 348/406/348 349/407/349 
f 350/408/350 351/409/351 346/404/346 349/407/349 
f 352/410/352 353/411/353 351/409/351 350/408/350 
f 354/412/354 355/413/355 353/411/353 352/410/352 
f 356/414/356 357/415/357 355/413/355 354/412/354 
f 358/416/358 359/417/359 357/415/357 356/414/356 
f 360/418/360 361/419/361 359/417/359 358/416/358 
f 362/420/362 361/419/361 360/418/360 363/421/363 
f 364/422/364 362/420/362 363/421/363 365/423/365 
f 366/424/366 364/425/364 365/426/365 367/427/367 
f 368/428/368 366/424/366 367/427/367 369/429/369 
f 347/405/347 368/428/368 369/429/369 348/406/348 
f 370/430/370 371/431/371 372/432/372 373/433/373 
f 374/434/374 375/435/375 371/431/371 370/430/370 
f 374/434/374 376/436/376 377/437/377 375/435/375 
f 376/436/376 378/438/378 379/439/379 377/437/377 
f 378/438/378 380/440/380 381/441/381 379/439/379 
f 380/440/380 382/442/382 383/443/383 381/441/381 
f 382/442/382 384/444/384 385/445/385 383/443/383 
f 384/444/384 386/446/386 387/447/387 385/445/385 
f 386/446/386 388/448/388 389/449/389 387/447/387 
f 388/450/388 390/451/390 391/452/391 389/453/389 
f 390/451/390 392/454/392 393/455/393 391/452/391 
f 373/433/373 372/432/372 393/455/393 392/454/392 
f 394/456/394 372/432/372 371/431/371 395/457/395 
f 395/457/395 371/431/371 375/435/375 396/458/396 
f 396/458/396 375/435/375 377/437/377 397/459/397 
f 398/460/398 397/459/397 377/437/377 379/439/379 
f 399/461/399 398/460/398 379/439/379 381/441/381 
f 400/462/400 399/461/399 381/441/381 383/443/383 
f 401/463/401 400/462/400 383/443/383 385/445/385 
f 402/464/402 401/463/401 385/445/385 387/447/387 
f 403/465/403 402/464/402 387/447/387 389/449/389 
f 403/466/403 389/453/389 391/452/391 404/467/404 
f 404/467/404 391/452/391 393/455/393 405/468/405 
f 405/468/405 393/455/393 372/432/372 394/456/394 
f 395/457/395 349/407/349 348/406/348 394/456/394 
f 396/458/396 350/408/350 349/407/349 395/457/395 
f 397/459/397 352/410/352 350/408/350 396/458/396 
f 354/412/354 352/410/352 397/459/397 398/460/398 
f 356/414/356 354/412/354 398/460/398 399/461/399 
f 358/416/358 356/414/356 399/461/399 400/462/400 
f 360/418/360 358/416/358 400/462/400 401/463/401 
f 363/421/363 360/418/360 401/463/401 402/464/402 
f 365/423/365 363/421/363 402/464/402 403/465/403 
f 367/427/367 365/426/365 403/466/403 404/467/404 
f 369/429/369 367/427/367 404/467/404 405/468/405 
f 394/456/394 348/406/348 369/429/369 405/468/405 
f 334/391/334 370/430/370 373/433/373 335/392/335 
f 374/434/374 370/430/370 334/391/334 336/393/336 
f 376/436/376 374/434/374 336/393/336 337/394/337 
f 378/438/378 376/436/376 337/394/337 338/395/338 
f 380/440/380 378/438/378 338/395/338 339/396/339 
f 382/442/382 380/440/380 339/396/339 340/397/340 
f 384/444/384 382/442/382 340/397/340 341/398/341 
f 386/446/386 384/444/384 341/398/341 342/399/342 
f 388/448/388 386/446/386 342/399/342 343/400/343 
f 390/451/390 388/450/388 343/402/343 344/401/344 
f 392/454/392 390/451/390 344/401/344 345/403/345 
f 373/433/373 392/454/392 345/403/345 335/392/335 
f 406/469/406 407/470/407 408/471/408 409/472/409 
f 410/473/410 411/474/411 408/471/408 407/470/407 
f 412/475/412 413/476/413 411/474/411 410/473/410 
f 414/477/414 415/478/415 413/476/413 412/475/412 
f 416/479/416 417/480/417 415/478/415 414/477/414 
f 418/481/418 419/482/419 417/480/417 416/479/416 
f 420/483/420 421/484/421 419/482/419 418/481/418 
f 422/485/422 423/486/423 421/484/421 420/483/420 
f 422/485/422 424/487/424 425/488/425 423/486/423 
f 424/489/424 426/490/426 427/491/427 425/492/425 
f 426/490/426 428/493/428 429/494/429 427/491/427 
f 428/493/428 406/469/406 409/472/409 429/494/429 
f 408/471/408 430/495/430 431/496/431 409/472/409 
f 411/474/411 432/497/432 430/495/430 408/471/408 
f 413/476/413 433/498/433 432/497/432 411/474/411 
f 415/478/415 434/499/434 433/498/433 413/476/413 
f 417/480/417 435/500/435 434/499/434 415/478/415 
f 419/482/419 436/501/436 435/500/435 417/480/417 
f 421/484/421 437/502/437 436/501/436 419/482/419 
f 423/486/423 438/503/438 437/502/437 421/484/421 
f 425/488/425 439/504/439 438/503/438 423/486/423 
f 440/505/440 439/506/439 425/492/425 427/491/427 
f 441/507/441 440/505/440 427/491/427 429/494/429 
f 431/496/431 441/507/441 429/494/429 409/472/409 
f 407/470/407 406/469/406 347/405/347 346/404/346 
f 410/473/410 407/470/407 346/404/346 351/409/351 
f 353/411/353 412/475/412 410/473/410 351/409/351 
f 355/413/355 414/477/414 412/475/412 353/411/353 
f 357/415/357 416/479/416 414/477/414 355/413/355 
f 359/417/359 418/481/418 416/479/416 357/415/357 
f 361/419/361 420/483/420 418/481/418 359/417/359 
f 362/420/362 422/485/422 420/483/420 361/419/361 
f 424/487/424 422/485/422 362/420/362 364/422/364 
f 426/490/426 424/489/424 364/425/364 366/424/366 
f 428/493/428 426/490/426 366/424/366 368/428/368 
f 406/469/406 428/493/428 368/428/368 347/405/347 
f 442/508/442 443/509/443 444/510/444 445/511/445 
f 446/512/446 442/508/442 445/511/445 447/513/447 
f 448/514/448 446/512/446 447/513/447 449/515/449 
f 448/516/448 449/517/449 450/518/450 451/519/451 
f 451/519/451 450/518/450 452/520/452 453/521/453 
f 454/522/454 453/521/453 452/520/452 455/523/455 
f 454/522/454 455/523/455 456/524/456 457/525/457 
f 457/525/457 456/524/456 458/526/458 459/527/459 
f 459/527/459 458/526/458 460/528/460 461/529/461 
f 461/529/461 460/528/460 462/530/462 463/531/463 
f 463/531/463 462/530/462 464/532/464 465/533/465 
f 465/533/465 464/532/464 444/510/444 443/509/443 
f 466/534/466 467/535/467 468/536/468 469/537/469 
f 469/537/469 468/536/468 470/538/470 471/539/471 
f 471/539/471 470/538/470 472/540/472 473/541/473 
f 474/542/474 473/543/473 472/544/472 475/545/475 
f 476/546/476 474/542/474 475/545/475 477/547/477 
f 478/548/478 476/546/476 477/547/477 479/549/479 
f 480/550/480 478/548/478 479/549/479 481/551/481 
f 482/552/482 480/550/480 481/551/481 483/553/483 
f 482/552/482 483/553/483 484/554/484 485/555/485 
f 485/555/485 484/554/484 486/556/486 487/557/487 
f 487/557/487 486/556/486 488/558/488 489/559/489 
f 489/559/489 488/558/488 467/535/467 466/534/466 
f 467/535/467 490/560/490 491/561/491 468/536/468 
f 468/536/468 491/561/491 492/562/492 470/538/470 
f 470/538/470 492/562/492 493/563/493 472/540/472 
f 475/545/475 472/544/472 493/564/493 494/565/494 
f 477/547/477 475/545/475 494/565/494 495/566/495 
f 479/549/479 477/547/477 495/566/495 496/567/496 
f 481/551/481 479/549/479 496/567/496 497/568/497 
f 483/553/483 481/551/481 497/568/497 498/569/498 
f 484/554/484 483/553/483 498/569/498 499/570/499 
f 484/554/484 499/570/499 500/571/500 486/556/486 
f 486/556/486 500/571/500 501/572/501 488/558/488 
f 488/558/488 501/572/501 490/560/490 467/535/467 
f 490/560/490 502/573/502 503/574/503 491/561/491 
f 491/561/491 503/574/503 504/575/504 492/562/492 
f 492/562/492 504/575/504 505/576/505 493/563/493 
f 493/564/493 505/577/505 506/578/506 494/565/494 
f 494/565/494 506/578/506 507/579/507 495/566/495 
f 495/566/495 507/579/507 508/580/508 496/567/496 
f 497/568/497 496/567/496 508/580/508 509/581/509 
f 498/569/498 497/568/497 509/581/509 510/582/510 
f 499/570/499 498/569/498 510/582/510 511/583/511 
f 500/571/500 499/570/499 511/583/511 512/584/512 
f 500/571/500 512/584/512 513/585/513 501/572/501 
f 501/572/501 513/585/513 502/573/502 490/560/490 
f 224/257/224 227/260/227 514/586/514 515/587/515 
f 228/261/228 224/257/224 515/587/515 516/588/516 
f 228/261/228 516/588/516 517/589/517 230/263/230 
f 230/265/230 517/590/517 518/591/518 232/266/232 
f 232/266/232 518/591/518 519/592/519 234/269/234 
f 236/271/236 234/269/234 519/592/519 520/593/520 
f 238/273/238 236/271/236 520/593/520 521/594/521 
f 240/275/240 238/273/238 521/594/521 522/595/522 
f 242/277/242 240/275/240 522/595/522 523/596/523 
f 242/277/242 523/596/523 524/597/524 244/279/244 
f 244/279/244 524/597/524 525/598/525 246/281/246 
f 246/281/246 525/598/525 514/586/514 227/260/227 
f 443/509/443 442/508/442 515/587/515 514/586/514 
f 442/508/442 446/512/446 516/588/516 515/587/515 
f 446/512/446 448/514/448 517/589/517 516/588/516 
f 451/519/451 518/591/518 517/590/517 448/516/448 
f 453/521/453 519/592/519 518/591/518 451/519/451 
f 454/522/454 520/593/520 519/592/519 453/521/453 
f 457/525/457 521/594/521 520/593/520 454/522/454 
f 459/527/459 522/595/522 521/594/521 457/525/457 
f 461/529/461 523/596/523 522/595/522 459/527/459 
f 461/529/461 463/531/463 524/597/524 523/596/523 
f 463/531/463 465/533/465 525/598/525 524/597/524 
f 465/533/465 443/509/443 514/586/514 525/598/525 
f 444/510/444 466/534/466 469/537/469 445/511/445 
f 445/511/445 469/537/469 471/539/471 447/513/447 
f 449/515/449 447/513/447 471/539/471 473/541/473 
f 450/518/450 449/517/449 473/543/473 474/542/474 
f 452/520/452 450/518/450 474/542/474 476/546/476 
f 455/523/455 452/520/452 476/546/476 478/548/478 
f 456/524/456 455/523/455 478/548/478 480/550/480 
f 458/526/458 456/524/456 480/550/480 482/552/482 
f 458/526/458 482/552/482 485/555/485 460/528/460 
f 460/528/460 485/555/485 487/557/487 462/530/462 
f 462/530/462 487/557/487 489/559/489 464/532/464 
f 464/532/464 489/559/489 466/534/466 444/510/444 
f 526/599/526 72/83/72 212/245/212 527/600/527 
f 116/127/116 128/139/128 125/136/125 
f 67/78/67 66/77/66 87/98/87 86/97/86 
f 116/127/116 125/136/125 87/98/87 66/77/66 
f 86/97/86 141/152/141 67/78/67 
f 528/601/528 529/602/529 530/603/530 531/604/531 
f 531/604/531 530/603/530 532/605/532 533/606/533 
f 534/607/534 535/608/535 536/609/536 
f 528/601/528 537/610/537 538/611/538 529/602/529 
f 539/612/539 540/613/540 541/614/541 542/615/542 
f 543/616/543 544/617/544 545/618/545 546/619/546 
f 547/620/547 548/621/548 549/622/549 550/623/550 
f 551/624/551 552/625/552 553/626/553 544/617/544 
f 554/627/554 555/628/555 548/621/548 547/620/547 
f 556/629/556 545/618/545 557/630/557 558/631/558 
f 550/623/550 549/622/549 559/632/559 560/633/560 
f 561/634/561 562/635/562 563/636/563 564/637/564 
f 565/638/565 542/639/542 541/640/541 553/626/553 
f 566/641/566 567/642/567 557/630/557 563/636/563 
f 568/643/568 538/611/538 559/632/559 569/644/569 
f 534/607/534 561/634/561 564/637/564 535/608/535 
f 570/645/570 571/646/571 572/647/572 573/648/573 
f 574/649/574 575/650/575 576/651/576 577/652/577 
f 578/653/578 570/645/570 573/648/573 579/654/579 
f 540/613/540 580/655/580 581/656/581 577/652/577 
f 571/646/571 582/657/582 583/658/583 572/647/572 
f 584/659/584 585/660/585 586/661/586 576/651/576 
f 587/662/587 588/663/588 589/664/589 590/665/590 
f 591/666/591 579/654/579 592/667/592 593/668/593 
f 583/658/583 587/662/587 590/665/590 594/669/594 
f 586/661/586 535/608/535 595/670/595 596/671/596 
f 568/643/568 595/670/595 589/664/589 588/663/588 
f 541/614/541 540/613/540 597/672/597 593/673/593 
f 545/618/545 544/617/544 598/674/598 599/675/599 
f 600/676/600 601/677/601 602/678/602 603/679/603 
f 544/617/544 553/626/553 592/667/592 598/674/598 
f 604/680/604 597/672/597 601/677/601 600/676/600 
f 557/630/557 545/618/545 599/675/599 594/669/594 
f 603/679/603 602/678/602 596/671/596 569/644/569 
f 531/604/531 438/681/438 439/682/439 528/601/528 
f 533/606/533 437/683/437 438/681/438 531/604/531 
f 605/684/605 436/685/436 437/683/437 533/606/533 
f 605/684/605 606/686/606 435/687/435 436/685/436 
f 606/686/606 607/688/607 434/689/434 435/687/435 
f 608/690/608 433/691/433 434/689/434 607/688/607 
f 608/692/608 554/627/554 432/693/432 433/694/433 
f 547/620/547 430/695/430 432/693/432 554/627/554 
f 550/623/550 431/696/431 430/695/430 547/620/547 
f 560/633/560 441/697/441 431/696/431 550/623/550 
f 560/633/560 537/610/537 440/698/440 441/697/441 
f 528/601/528 439/682/439 440/698/440 537/610/537 
f 609/699/609 610/700/610 611/701/611 607/688/607 
f 579/654/579 591/666/591 612/702/612 613/703/613 
f 591/704/591 604/680/604 614/705/614 612/706/612 
f 604/680/604 555/628/555 615/707/615 614/705/614 
f 608/692/608 616/708/616 617/709/617 554/627/554 
f 607/688/607 611/701/611 616/710/616 608/690/608 
f 551/624/551 544/617/544 618/711/618 
f 619/712/619 577/652/577 581/656/581 
f 618/711/618 620/713/620 621/714/621 551/624/551 
f 620/715/620 619/712/619 581/656/581 621/716/621 
f 622/717/622 586/661/586 585/660/585 
f 546/619/546 545/618/545 623/718/623 
f 558/631/558 557/630/557 567/642/567 
f 624/719/624 576/651/576 575/650/575 
f 567/642/567 625/720/625 626/721/626 558/631/558 
f 625/722/625 622/717/622 585/660/585 626/723/626 
f 546/619/546 623/718/623 627/724/627 628/725/628 
f 575/650/575 628/726/628 627/727/627 624/719/624 
f 588/663/588 587/662/587 530/603/530 529/602/529 
f 530/603/530 582/657/582 532/605/532 
f 568/643/568 588/663/588 529/602/529 538/611/538 
f 548/621/548 600/676/600 603/679/603 549/622/549 
f 555/628/555 604/680/604 600/676/600 548/621/548 
f 549/622/549 603/679/603 569/644/569 559/632/559 
f 537/610/537 560/633/560 559/632/559 538/611/538 
f 606/686/606 605/684/605 629/728/629 630/729/630 
f 607/688/607 606/686/606 630/729/630 609/699/609 
f 629/728/629 605/684/605 533/606/533 532/605/532 
f 578/653/578 631/730/631 610/700/610 609/699/609 
f 555/628/555 554/627/554 617/709/617 615/707/615 
f 610/700/610 632/731/632 633/732/633 611/701/611 
f 610/700/610 631/730/631 632/731/632 
f 613/703/613 612/702/612 634/733/634 635/734/635 
f 612/706/612 614/705/614 636/735/636 634/736/634 
f 614/705/614 615/707/615 637/737/637 636/735/636 
f 615/707/615 617/709/617 638/738/638 637/737/637 
f 617/709/617 616/708/616 639/739/639 638/738/638 
f 611/701/611 633/732/633 639/740/639 616/710/616 
f 540/613/540 539/612/539 580/655/580 
f 552/625/552 565/638/565 553/626/553 
f 565/638/565 552/625/552 640/741/640 641/742/641 
f 580/655/580 642/743/642 643/744/643 581/656/581 
f 644/745/644 539/612/539 542/615/542 645/746/645 
f 542/639/542 565/638/565 641/742/641 645/747/645 
f 552/625/552 551/624/551 646/748/646 640/741/640 
f 646/748/646 551/624/551 621/714/621 647/749/647 
f 621/716/621 581/656/581 643/744/643 647/750/647 
f 642/743/642 580/655/580 539/612/539 644/745/644 
f 577/652/577 619/712/619 574/649/574 
f 543/616/543 618/711/618 544/617/544 
f 543/616/543 546/619/546 648/751/648 649/752/649 
f 628/725/628 650/753/650 648/751/648 546/619/546 
f 628/726/628 575/650/575 651/754/651 650/755/650 
f 574/649/574 619/712/619 652/756/652 653/757/653 
f 620/715/620 654/758/654 652/756/652 619/712/619 
f 620/713/620 618/711/618 655/759/655 654/760/654 
f 618/711/618 543/616/543 649/752/649 655/759/655 
f 574/649/574 653/757/653 651/754/651 575/650/575 
f 576/651/576 624/719/624 584/659/584 
f 556/629/556 623/718/623 545/618/545 
f 556/629/556 558/631/558 656/761/656 657/762/657 
f 626/721/626 658/763/658 656/761/656 558/631/558 
f 626/723/626 585/660/585 659/764/659 658/765/658 
f 624/719/624 660/766/660 661/767/661 584/659/584 
f 627/727/627 662/768/662 660/766/660 624/719/624 
f 627/724/627 623/718/623 663/769/663 662/770/662 
f 556/629/556 657/762/657 663/769/663 623/718/623 
f 584/659/584 661/767/661 659/764/659 585/660/585 
f 664/771/664 665/772/665 666/773/666 667/774/667 
f 668/775/668 669/776/669 666/777/666 665/778/665 
f 665/772/665 664/771/664 670/779/670 
f 668/775/668 665/778/665 670/779/670 671/780/671 
f 672/781/672 673/782/673 674/783/674 675/784/675 
f 672/781/672 675/784/675 676/785/676 677/786/677 
f 677/787/677 676/788/676 678/789/678 
f 677/787/677 678/789/678 667/774/667 679/790/679 
f 673/782/673 672/781/672 677/786/677 679/791/679 
f 668/775/668 671/780/671 680/792/680 669/776/669 
f 586/661/586 622/717/622 536/609/536 535/608/535 
f 563/636/563 562/635/562 566/641/566 
f 562/635/562 561/634/561 681/793/681 682/794/682 
f 534/607/534 683/795/683 681/793/681 561/634/561 
f 622/717/622 684/796/684 685/797/685 536/609/536 
f 625/722/625 686/798/686 684/796/684 622/717/622 
f 625/720/625 567/642/567 687/799/687 686/800/686 
f 566/641/566 562/635/562 682/794/682 688/801/688 
f 536/609/536 685/797/685 683/795/683 534/607/534 
f 566/641/566 688/801/688 687/799/687 567/642/567 
f 689/802/689 690/803/690 691/804/691 692/805/692 
f 690/803/690 693/806/693 694/807/694 691/804/691 
f 695/808/695 696/809/696 697/810/697 698/811/698 
f 699/812/699 700/813/700 696/809/696 695/808/695 
f 701/814/701 702/815/702 700/816/700 699/817/699 
f 703/818/703 689/802/689 692/805/692 704/819/704 
f 693/806/693 698/811/698 697/810/697 694/807/694 
f 703/818/703 704/819/704 702/815/702 701/814/701 
f 705/820/705 692/805/692 691/804/691 706/821/706 
f 706/821/706 691/804/691 694/807/694 707/822/707 
f 708/823/708 709/824/709 697/810/697 696/809/696 
f 708/823/708 696/809/696 700/813/700 710/825/710 
f 710/826/710 700/816/700 702/815/702 711/827/711 
f 712/828/712 704/819/704 692/805/692 705/820/705 
f 707/822/707 694/807/694 697/810/697 709/824/709 
f 711/827/711 702/815/702 704/819/704 712/828/712 
f 713/829/713 714/830/714 682/794/682 681/793/681 
f 683/795/683 715/831/715 713/829/713 681/793/681 
f 684/796/684 716/832/716 717/833/717 685/797/685 
f 686/798/686 718/834/718 716/832/716 684/796/684 
f 719/835/719 718/836/718 686/800/686 687/799/687 
f 714/830/714 720/837/720 688/801/688 682/794/682 
f 685/797/685 717/833/717 715/831/715 683/795/683 
f 720/837/720 719/835/719 687/799/687 688/801/688 
f 721/838/721 722/839/722 670/779/670 664/771/664 
f 722/839/722 723/840/723 671/780/671 670/779/670 
f 674/783/674 724/841/724 725/842/725 675/784/675 
f 675/784/675 725/842/725 726/843/726 676/785/676 
f 676/788/676 726/844/726 727/845/727 678/789/678 
f 728/846/728 721/838/721 664/771/664 667/774/667 
f 723/840/723 724/841/724 680/792/680 671/780/671 
f 678/789/678 727/845/727 728/846/728 667/774/667 
f 729/847/729 730/848/730 722/839/722 721/838/721 
f 730/848/730 731/849/731 723/840/723 722/839/722 
f 732/850/732 733/851/733 725/842/725 724/841/724 
f 725/842/725 733/851/733 734/852/734 726/843/726 
f 726/844/726 734/853/734 735/854/735 727/845/727 
f 736/855/736 729/847/729 721/838/721 728/846/728 
f 723/840/723 731/849/731 732/850/732 724/841/724 
f 727/845/727 735/854/735 736/855/736 728/846/728 
f 690/803/690 689/802/689 737/856/737 738/857/738 
f 693/806/693 690/803/690 738/857/738 739/858/739 
f 698/811/698 740/859/740 741/860/741 695/808/695 
f 695/808/695 741/860/741 742/861/742 699/812/699 
f 699/817/699 742/862/742 743/863/743 701/814/701 
f 689/802/689 703/818/703 744/864/744 737/856/737 
f 698/811/698 693/806/693 739/858/739 740/859/740 
f 701/814/701 743/863/743 744/864/744 703/818/703 
f 714/830/714 713/829/713 738/857/738 737/856/737 
f 713/829/713 715/831/715 739/858/739 738/857/738 
f 716/832/716 741/860/741 740/859/740 717/833/717 
f 718/834/718 742/861/742 741/860/741 716/832/716 
f 719/835/719 743/863/743 742/862/742 718/836/718 
f 714/830/714 737/856/737 744/864/744 720/837/720 
f 717/833/717 740/859/740 739/858/739 715/831/715 
f 720/837/720 744/864/744 743/863/743 719/835/719 
f 706/821/706 745/865/745 746/866/746 705/820/705 
f 707/822/707 747/867/747 745/865/745 706/821/706 
f 709/824/709 708/823/708 748/868/748 749/869/749 
f 708/823/708 710/825/710 750/870/750 748/868/748 
f 711/827/711 751/871/751 750/872/750 710/826/710 
f 705/820/705 746/866/746 752/873/752 712/828/712 
f 707/822/707 709/824/709 749/869/749 747/867/747 
f 712/828/712 752/873/752 751/871/751 711/827/711 
f 730/848/730 729/847/729 746/866/746 745/865/745 
f 731/849/731 730/848/730 745/865/745 747/867/747 
f 732/850/732 749/869/749 748/868/748 733/851/733 
f 733/851/733 748/868/748 750/870/750 734/852/734 
f 734/853/734 750/872/750 751/871/751 735/854/735 
f 729/847/729 736/855/736 752/873/752 746/866/746 
f 732/850/732 731/849/731 747/867/747 749/869/749 
f 735/854/735 751/871/751 752/873/752 736/855/736 
f 680/792/680 724/841/724 674/783/674 
f 667/774/667 666/773/666 679/790/679 
f 669/776/669 673/782/673 679/791/679 666/777/666 
f 673/782/673 669/776/669 680/792/680 674/783/674 
f 753/874/753 754/875/754 755/876/755 756/877/756 
f 757/878/757 758/879/758 759/880/759 760/881/760 
f 755/882/755 754/883/754 761/884/761 762/885/762 
f 755/882/755 762/885/762 763/886/763 
f 756/877/756 755/876/755 763/887/763 764/888/764 
f 765/889/765 766/890/766 767/891/767 768/892/768 
f 765/889/765 768/892/768 769/893/769 770/894/770 
f 770/895/770 769/896/769 771/897/771 
f 772/898/772 773/899/773 644/745/644 645/746/645 
f 774/900/774 772/901/772 645/747/645 641/742/641 
f 775/902/775 776/903/776 640/741/640 646/748/646 
f 777/904/777 775/902/775 646/748/646 647/749/647 
f 778/905/778 777/906/777 647/750/647 643/744/643 
f 779/907/779 642/743/642 644/745/644 773/899/773 
f 780/908/780 781/909/781 782/910/782 783/911/783 
f 783/912/783 784/913/784 785/914/785 786/915/786 
f 785/914/785 787/916/787 760/917/760 759/918/759 
f 760/917/760 787/916/787 788/919/788 
f 757/878/757 760/881/760 788/920/788 789/921/789 
f 780/908/780 790/922/790 791/923/791 781/909/781 
f 780/908/780 783/911/783 786/924/786 790/922/790 
f 792/925/792 793/926/793 794/927/794 795/928/795 
f 796/929/796 797/930/797 798/931/798 799/932/799 
f 800/933/800 801/934/801 802/935/802 803/936/803 
f 793/926/793 800/937/800 803/938/803 794/927/794 
f 804/939/804 792/925/792 795/928/795 805/940/805 
f 806/941/806 804/939/804 805/940/805 807/942/807 
f 796/929/796 806/943/806 807/944/807 797/930/797 
f 801/934/801 799/932/799 798/931/798 802/935/802 
f 808/945/808 785/914/785 784/913/784 809/946/809 
f 810/947/810 789/921/789 811/948/811 812/949/812 
f 813/950/813 814/951/814 815/952/815 816/953/816 
f 816/954/816 815/955/815 817/956/817 818/957/818 
f 819/958/819 820/959/820 821/960/821 822/961/822 
f 823/962/823 819/958/819 822/961/822 824/963/824 
f 825/964/825 823/965/823 824/966/824 826/967/826 
f 827/968/827 828/969/828 814/951/814 813/950/813 
f 793/926/793 792/925/792 821/960/821 817/956/817 
f 799/932/799 828/969/828 826/967/826 796/929/796 
f 801/934/801 800/933/800 815/952/815 814/951/814 
f 800/937/800 793/926/793 817/956/817 815/955/815 
f 792/925/792 804/939/804 822/961/822 821/960/821 
f 806/941/806 824/963/824 822/961/822 804/939/804 
f 796/929/796 826/967/826 824/966/824 806/943/806 
f 799/932/799 801/934/801 814/951/814 828/969/828 
f 820/959/820 818/957/818 817/956/817 821/960/821 
f 827/968/827 825/964/825 826/967/826 828/969/828 
f 794/927/794 829/970/829 830/971/830 795/928/795 
f 831/972/831 832/973/832 798/931/798 797/930/797 
f 802/935/802 833/974/833 834/975/834 803/936/803 
f 803/938/803 834/976/834 829/970/829 794/927/794 
f 830/971/830 835/977/835 805/940/805 795/928/795 
f 835/977/835 836/978/836 807/942/807 805/940/805 
f 836/979/836 831/972/831 797/930/797 807/944/807 
f 798/931/798 832/973/832 833/974/833 802/935/802 
f 773/899/773 772/898/772 837/980/837 838/981/838 
f 772/901/772 774/900/774 839/982/839 837/983/837 
f 776/903/776 775/902/775 840/984/840 841/985/841 
f 775/902/775 777/904/777 842/986/842 840/984/840 
f 778/905/778 843/987/843 842/988/842 777/906/777 
f 779/907/779 773/899/773 838/981/838 844/989/844 
f 774/900/774 776/903/776 841/985/841 839/982/839 
f 779/907/779 844/989/844 843/987/843 778/905/778 
f 829/970/829 839/982/839 841/985/841 830/971/830 
f 832/973/832 831/972/831 843/987/843 844/989/844 
f 833/974/833 838/981/838 837/980/837 834/975/834 
f 834/976/834 837/983/837 839/982/839 829/970/829 
f 835/977/835 830/971/830 841/985/841 840/984/840 
f 836/978/836 835/977/835 840/984/840 842/986/842 
f 831/972/831 836/979/836 842/988/842 843/987/843 
f 832/973/832 844/989/844 838/981/838 833/974/833 
f 816/953/816 845/990/845 846/991/846 813/950/813 
f 818/957/818 809/946/809 845/992/845 816/954/816 
f 820/959/820 819/958/819 847/993/847 808/945/808 
f 819/958/819 823/962/823 848/994/848 847/993/847 
f 823/965/823 825/964/825 811/948/811 848/995/848 
f 827/968/827 813/950/813 846/991/846 812/949/812 
f 820/959/820 808/945/808 809/946/809 818/957/818 
f 827/968/827 812/949/812 811/948/811 825/964/825 
f 810/947/810 791/923/791 790/922/790 758/879/758 
f 785/914/785 759/918/759 786/915/786 
f 758/879/758 790/922/790 786/924/786 759/880/759 
f 846/991/846 845/990/845 782/910/782 781/909/781 
f 845/992/845 809/946/809 784/913/784 782/996/782 
f 808/945/808 847/993/847 787/916/787 785/914/785 
f 787/916/787 847/993/847 848/994/848 788/919/788 
f 848/995/848 811/948/811 789/921/789 788/920/788 
f 791/923/791 812/949/812 846/991/846 781/909/781 
f 810/947/810 758/879/758 757/878/757 789/921/789 
f 810/947/810 812/949/812 791/923/791 
f 783/912/783 782/996/782 784/913/784 
f 776/903/776 774/900/774 641/742/641 640/741/640 
f 642/743/642 779/907/779 778/905/778 643/744/643 
f 766/890/766 765/889/765 770/894/770 849/997/849 
f 761/884/761 849/998/849 770/895/770 771/897/771 
f 756/877/756 764/888/764 850/999/850 753/874/753 
f 851/1000/851 852/1001/852 853/1002/853 854/1003/854 
f 852/1001/852 855/1004/855 856/1005/856 853/1002/853 
f 855/1006/855 857/1007/857 858/1008/858 856/1009/856 
f 859/1010/859 860/1011/860 861/1012/861 862/1013/862 
f 863/1014/863 864/1015/864 860/1011/860 859/1010/859 
f 863/1016/863 865/1017/865 866/1018/866 864/1019/864 
f 865/1017/865 851/1000/851 854/1003/854 866/1018/866 
f 857/1007/857 862/1013/862 861/1012/861 858/1008/858 
f 867/1020/867 868/1021/868 869/1022/869 870/1023/870 
f 871/1024/871 867/1020/867 870/1023/870 872/1025/872 
f 873/1026/873 871/1027/871 872/1028/872 874/1029/874 
f 875/1030/875 876/1031/876 877/1032/877 878/1033/878 
f 879/1034/879 878/1033/878 877/1032/877 880/1035/880 
f 881/1036/881 879/1037/879 880/1038/880 882/1039/882 
f 868/1021/868 881/1036/881 882/1039/882 869/1022/869 
f 875/1030/875 873/1026/873 874/1029/874 876/1031/876 
f 852/1001/852 851/1000/851 883/1040/883 884/1041/884 
f 650/753/650 885/1042/885 884/1041/884 648/751/648 
f 651/754/651 886/1043/886 885/1044/885 650/755/650 
f 652/756/652 887/1045/887 888/1046/888 653/757/653 
f 863/1014/863 859/1010/859 887/1045/887 889/1047/889 
f 865/1017/865 863/1016/863 889/1048/889 890/1049/890 
f 851/1000/851 865/1017/865 890/1049/890 883/1040/883 
f 653/757/653 888/1046/888 886/1043/886 651/754/651 
f 868/1021/868 867/1020/867 891/1050/891 892/1051/892 
f 867/1020/867 871/1024/871 893/1052/893 891/1050/891 
f 871/1027/871 873/1026/873 894/1053/894 893/1054/893 
f 875/1030/875 878/1033/878 895/1055/895 896/1056/896 
f 879/1034/879 897/1057/897 895/1055/895 878/1033/878 
f 881/1036/881 898/1058/898 897/1059/897 879/1037/879 
f 868/1021/868 892/1051/892 898/1058/898 881/1036/881 
f 875/1030/875 896/1056/896 894/1053/894 873/1026/873 
f 899/1060/899 900/1061/900 762/885/762 761/884/761 
f 900/1061/900 901/1062/901 763/886/763 762/885/762 
f 901/1063/901 902/1064/902 764/888/764 763/887/763 
f 767/891/767 903/1065/903 904/1066/904 768/892/768 
f 768/892/768 904/1066/904 905/1067/905 769/893/769 
f 769/896/769 905/1068/905 906/1069/906 771/897/771 
f 771/897/771 906/1069/906 899/1060/899 761/884/761 
f 902/1064/902 903/1065/903 850/999/850 764/888/764 
f 849/998/849 761/884/761 754/883/754 
f 850/999/850 903/1065/903 767/891/767 
f 753/874/753 766/890/766 849/997/849 754/875/754 
f 766/890/766 753/874/753 850/999/850 767/891/767 
f 907/1070/907 908/1071/908 909/1072/909 910/1073/910 
f 911/1074/911 908/1075/908 907/1076/907 912/1077/912 
f 907/1070/907 910/1073/910 913/1078/913 
f 912/1077/912 907/1076/907 913/1079/913 914/1080/914 
f 915/1081/915 916/1082/916 917/1083/917 918/1084/918 
f 915/1081/915 918/1084/918 919/1085/919 920/1086/920 
f 920/1087/920 919/1088/919 921/1089/921 
f 920/1087/920 921/1089/921 922/1090/922 923/1091/923 
f 916/1082/916 915/1081/915 920/1086/920 923/1092/923 
f 912/1077/912 914/1080/914 924/1093/924 911/1074/911 
f 925/1094/925 926/1095/926 927/1096/927 928/1097/928 
f 926/1095/926 929/1098/929 930/1099/930 927/1096/927 
f 929/1100/929 931/1101/931 932/1102/932 930/1103/930 
f 933/1104/933 934/1105/934 935/1106/935 936/1107/936 
f 937/1108/937 938/1109/938 934/1105/934 933/1104/933 
f 939/1110/939 940/1111/940 938/1112/938 937/1113/937 
f 925/1094/925 928/1097/928 940/1111/940 939/1110/939 
f 931/1101/931 936/1107/936 935/1106/935 932/1102/932 
f 941/1114/941 942/1115/942 943/1116/943 944/1117/944 
f 942/1115/942 945/1118/945 946/1119/946 943/1116/943 
f 945/1120/945 947/1121/947 948/1122/948 946/1123/946 
f 949/1124/949 950/1125/950 951/1126/951 952/1127/952 
f 951/1126/951 950/1125/950 953/1128/953 954/1129/954 
f 954/1130/954 953/1131/953 955/1132/955 956/1133/956 
f 956/1133/956 955/1132/955 941/1114/941 944/1117/944 
f 948/1122/948 947/1121/947 949/1124/949 952/1127/952 
f 957/1134/957 958/1135/958 657/762/657 656/761/656 
f 959/1136/959 957/1134/957 656/761/656 658/763/658 
f 960/1137/960 959/1138/959 658/765/658 659/764/659 
f 660/766/660 961/1139/961 962/1140/962 661/767/661 
f 662/768/662 963/1141/963 961/1139/961 660/766/660 
f 964/1142/964 963/1143/963 662/770/662 663/769/663 
f 958/1135/958 964/1142/964 663/769/663 657/762/657 
f 661/767/661 962/1140/962 960/1137/960 659/764/659 
f 965/1144/965 966/1145/966 928/1097/928 927/1096/927 
f 967/1146/967 965/1144/965 927/1096/927 930/1099/930 
f 968/1147/968 967/1148/967 930/1103/930 932/1102/932 
f 934/1105/934 969/1149/969 970/1150/970 935/1106/935 
f 938/1109/938 971/1151/971 969/1149/969 934/1105/934 
f 940/1111/940 972/1152/972 971/1153/971 938/1112/938 
f 928/1097/928 966/1145/966 972/1152/972 940/1111/940 
f 935/1106/935 970/1150/970 968/1147/968 932/1102/932 
f 926/1095/926 925/1094/925 973/1154/973 974/1155/974 
f 929/1098/929 926/1095/926 974/1155/974 975/1156/975 
f 931/1101/931 929/1100/929 975/1157/975 976/1158/976 
f 936/1107/936 977/1159/977 978/1160/978 933/1104/933 
f 933/1104/933 978/1160/978 979/1161/979 937/1108/937 
f 937/1113/937 979/1162/979 980/1163/980 939/1110/939 
f 939/1110/939 980/1163/980 973/1154/973 925/1094/925 
f 936/1107/936 931/1101/931 976/1158/976 977/1159/977 
f 942/1115/942 941/1114/941 981/1164/981 982/1165/982 
f 945/1118/945 942/1115/942 982/1165/982 983/1166/983 
f 947/1121/947 945/1120/945 983/1167/983 984/1168/984 
f 949/1124/949 985/1169/985 986/1170/986 950/1125/950 
f 950/1125/950 986/1170/986 987/1171/987 953/1128/953 
f 953/1131/953 987/1172/987 988/1173/988 955/1132/955 
f 955/1132/955 988/1173/988 981/1164/981 941/1114/941 
f 949/1124/949 947/1121/947 984/1168/984 985/1169/985 
f 958/1135/958 957/1134/957 974/1155/974 973/1154/973 
f 957/1134/957 959/1136/959 975/1156/975 974/1155/974 
f 960/1137/960 976/1158/976 975/1157/975 959/1138/959 
f 961/1139/961 978/1160/978 977/1159/977 962/1140/962 
f 961/1139/961 963/1141/963 979/1161/979 978/1160/978 
f 963/1143/963 964/1142/964 980/1163/980 979/1162/979 
f 964/1142/964 958/1135/958 973/1154/973 980/1163/980 
f 962/1140/962 977/1159/977 976/1158/976 960/1137/960 
f 966/1145/966 965/1144/965 982/1165/982 981/1164/981 
f 965/1144/965 967/1146/967 983/1166/983 982/1165/982 
f 967/1148/967 968/1147/968 984/1168/984 983/1167/983 
f 969/1149/969 986/1170/986 985/1169/985 970/1150/970 
f 971/1151/971 987/1171/987 986/1170/986 969/1149/969 
f 972/1152/972 988/1173/988 987/1172/987 971/1153/971 
f 966/1145/966 981/1164/981 988/1173/988 972/1152/972 
f 970/1150/970 985/1169/985 984/1168/984 968/1147/968 
f 944/1117/944 943/1116/943 910/1073/910 909/1072/909 
f 943/1116/943 946/1119/946 913/1078/913 910/1073/910 
f 946/1123/946 948/1122/948 914/1080/914 913/1079/913 
f 917/1083/917 952/1127/952 951/1126/951 918/1084/918 
f 918/1084/918 951/1126/951 954/1129/954 919/1085/919 
f 919/1088/919 954/1130/954 956/1133/956 921/1089/921 
f 921/1089/921 956/1133/956 944/1117/944 922/1090/922 
f 948/1122/948 952/1127/952 924/1093/924 914/1080/914 
f 922/1090/922 944/1117/944 909/1072/909 
f 924/1093/924 952/1127/952 917/1083/917 
f 908/1071/908 923/1091/923 922/1090/922 909/1072/909 
f 911/1074/911 916/1082/916 923/1092/923 908/1075/908 
f 917/1083/917 916/1082/916 911/1074/911 924/1093/924 
f 989/1174/989 990/1175/990 991/1176/991 992/1177/992 
f 989/1178/989 992/1179/992 993/1180/993 994/1181/994 
f 995/1182/995 996/1183/996 992/1177/992 991/1176/991 
f 996/1184/996 997/1185/997 993/1180/993 992/1179/992 
f 990/1175/990 998/1186/998 999/1187/999 991/1176/991 
f 995/1182/995 991/1176/991 999/1187/999 1000/1188/1000 
f 995/1182/995 1000/1188/1000 1001/1189/1001 996/1183/996 
f 997/1185/997 996/1184/996 1001/1190/1001 1002/1191/1002 
f 997/1185/997 1002/1191/1002 1003/1192/1003 993/1180/993 
f 994/1181/994 993/1180/993 1003/1192/1003 1004/1193/1004 
f 994/1181/994 1004/1193/1004 1005/1194/1005 989/1178/989 
f 990/1175/990 989/1174/989 1005/1195/1005 998/1186/998 
f 1006/1196/1006 633/732/633 632/731/632 1007/1197/1007 
f 1007/1197/1007 632/731/632 635/734/635 1008/1198/1008 
f 1009/1199/1009 1008/1198/1008 635/734/635 634/733/634 
f 1010/1200/1010 1009/1201/1009 634/736/634 636/735/636 
f 1011/1202/1011 1010/1200/1010 636/735/636 637/737/637 
f 1012/1203/1012 1011/1202/1011 637/737/637 638/738/638 
f 1013/1204/1013 1012/1203/1012 638/738/638 639/739/639 
f 1013/1205/1013 639/740/639 633/732/633 1006/1196/1006 
f 998/1186/998 1014/1206/1014 1015/1207/1015 999/1187/999 
f 1015/1207/1015 1016/1208/1016 1000/1188/1000 999/1187/999 
f 1016/1208/1016 1017/1209/1017 1001/1189/1001 1000/1188/1000 
f 1017/1210/1017 1018/1211/1018 1002/1191/1002 1001/1190/1001 
f 1018/1211/1018 1019/1212/1019 1003/1192/1003 1002/1191/1002 
f 1019/1212/1019 1020/1213/1020 1004/1193/1004 1003/1192/1003 
f 1020/1213/1020 1021/1214/1021 1005/1194/1005 1004/1193/1004 
f 1005/1195/1005 1021/1215/1021 1014/1206/1014 998/1186/998 
f 630/729/630 629/728/629 571/646/571 570/645/570 
f 609/699/609 630/729/630 570/645/570 578/653/578 
f 629/728/629 532/605/532 582/657/582 571/646/571 
f 579/654/579 613/703/613 631/730/631 578/653/578 
f 587/662/587 583/658/583 582/657/582 530/603/530 
f 613/703/613 635/734/635 632/731/632 631/730/631 
f 1007/1197/1007 1022/1216/1022 1023/1217/1023 1006/1196/1006 
f 1007/1197/1007 1008/1198/1008 1024/1218/1024 1022/1216/1022 
f 1008/1198/1008 1009/1199/1009 1025/1219/1025 1024/1218/1024 
f 1009/1201/1009 1010/1200/1010 1026/1220/1026 1025/1221/1025 
f 1010/1200/1010 1011/1202/1011 1027/1222/1027 1026/1220/1026 
f 1012/1203/1012 1028/1223/1028 1027/1222/1027 1011/1202/1011 
f 1013/1204/1013 1029/1224/1029 1028/1223/1028 1012/1203/1012 
f 1006/1196/1006 1023/1217/1023 1029/1225/1029 1013/1205/1013 
f 1014/1206/1014 1023/1217/1023 1022/1216/1022 1015/1207/1015 
f 1016/1208/1016 1015/1207/1015 1022/1216/1022 1024/1218/1024 
f 1017/1209/1017 1016/1208/1016 1024/1218/1024 1025/1219/1025 
f 1018/1211/1018 1017/1210/1017 1025/1221/1025 1026/1220/1026 
f 1019/1212/1019 1018/1211/1018 1026/1220/1026 1027/1222/1027 
f 1020/1213/1020 1019/1212/1019 1027/1222/1027 1028/1223/1028 
f 1020/1213/1020 1028/1223/1028 1029/1224/1029 1021/1214/1021 
f 1021/1215/1021 1029/1225/1029 1023/1217/1023 1014/1206/1014 
f 564/637/564 563/636/563 590/665/590 589/664/589 
f 553/626/553 541/640/541 593/668/593 592/667/592 
f 563/636/563 557/630/557 594/669/594 590/665/590 
f 595/670/595 568/643/568 569/644/569 596/671/596 
f 595/670/595 535/608/535 564/637/564 589/664/589 
f 597/672/597 604/680/604 591/704/591 593/673/593 
f 573/648/573 572/647/572 599/675/599 598/674/598 
f 601/677/601 577/652/577 576/651/576 602/678/602 
f 579/654/579 573/648/573 598/674/598 592/667/592 
f 597/672/597 540/613/540 577/652/577 601/677/601 
f 572/647/572 583/658/583 594/669/594 599/675/599 
f 602/678/602 576/651/576 586/661/586 596/671/596 
f 502/1226/502 1030/1227/1030 1031/1228/1031 503/1229/503 
f 503/1229/503 1031/1228/1031 1032/1230/1032 504/1231/504 
f 505/1232/505 504/1231/504 1032/1230/1032 1033/1233/1033 
f 505/1234/505 1033/1235/1033 1034/1236/1034 506/1237/506 
f 506/1237/506 1034/1236/1034 1035/1238/1035 507/1239/507 
f 508/1240/508 507/1239/507 1035/1238/1035 1036/1241/1036 
f 509/1242/509 508/1240/508 1036/1241/1036 1037/1243/1037 
f 1038/1244/1038 1039/1245/1039 1040/1246/1040 1041/1247/1041 
f 1042/1248/1042 1043/1249/1043 1044/1250/1044 1045/1251/1045 
f 1046/1252/1046 1047/1253/1047 1048/1254/1048 1049/1255/1049 
f 1050/1256/1050 1051/1257/1051 1052/1258/1052 1053/1259/1053 
f 513/1260/513 1054/1261/1054 1030/1227/1030 502/1226/502 
f 510/1262/510 509/1242/509 1037/1243/1037 1055/1263/1055 
f 1056/1264/1056 1057/1265/1057 1058/1266/1058 1059/1267/1059 
f 1060/1268/1060 1061/1269/1061 1057/1265/1057 1056/1264/1056 
f 1060/1268/1060 1062/1270/1062 1063/1271/1063 1061/1269/1061 
f 1062/1270/1062 1064/1272/1064 1065/1273/1065 1063/1271/1063 
f 1064/1272/1064 1066/1274/1066 1067/1275/1067 1065/1273/1065 
f 513/1260/513 512/1276/512 1068/1277/1068 1054/1261/1054 
f 512/1276/512 511/1278/511 1069/1279/1069 1068/1277/1068 
f 511/1278/511 510/1262/510 1055/1263/1055 1069/1279/1069 
f 1060/1268/1060 1056/1264/1056 1070/1280/1070 1071/1281/1071 
f 1060/1268/1060 1071/1281/1071 1072/1282/1072 1062/1270/1062 
f 1073/1283/1073 1074/1284/1074 1071/1281/1071 1070/1280/1070 
f 1071/1281/1071 1074/1284/1074 1075/1285/1075 1072/1282/1072 
f 1072/1282/1072 1076/1286/1076 1064/1272/1064 1062/1270/1062 
f 1072/1282/1072 1075/1285/1075 1077/1287/1077 1076/1286/1076 
f 1070/1280/1070 1078/1288/1078 1079/1289/1079 1073/1283/1073 
f 1070/1280/1070 1056/1264/1056 1059/1267/1059 1078/1288/1078 
f 1080/1290/1080 1081/1291/1081 1082/1292/1082 1083/1293/1083 
f 1058/1266/1058 1084/1294/1084 1085/1295/1085 1086/1296/1086 
f 1057/1265/1057 1087/1297/1087 1084/1294/1084 1058/1266/1058 
f 1088/1298/1088 1087/1297/1087 1057/1265/1057 1061/1269/1061 
f 1089/1299/1089 1088/1298/1088 1061/1269/1061 1063/1271/1063 
f 1090/1300/1090 1089/1299/1089 1063/1271/1063 1065/1273/1065 
f 1091/1301/1091 1092/1302/1092 1067/1275/1067 1093/1303/1093 
f 1094/1304/1094 1091/1301/1091 1093/1303/1093 1095/1305/1095 
f 1096/1306/1096 1094/1304/1094 1095/1305/1095 1097/1307/1097 
f 1083/1293/1083 1082/1292/1082 1096/1306/1096 1097/1307/1097 
f 1098/1308/1098 1099/1309/1099 1100/1310/1100 1101/1311/1101 
f 1099/1309/1099 1102/1312/1102 1103/1313/1103 1100/1310/1100 
f 1102/1312/1102 1104/1314/1104 1105/1315/1105 1103/1313/1103 
f 1105/1316/1105 1104/1317/1104 1106/1318/1106 1107/1319/1107 
f 1107/1319/1107 1106/1318/1106 1108/1320/1108 1109/1321/1109 
f 1109/1321/1109 1108/1320/1108 1110/1322/1110 1111/1323/1111 
f 1111/1323/1111 1110/1322/1110 1112/1324/1112 
f 1113/1325/1113 1114/1326/1114 1115/1327/1115 1116/1328/1116 
f 1117/1329/1117 1118/1330/1118 1119/1331/1119 1120/1332/1120 
f 1121/1333/1121 1122/1334/1122 1123/1335/1123 1124/1336/1124 
f 1125/1337/1125 1126/1338/1126 1127/1339/1127 1128/1340/1128 
f 1066/1274/1066 1098/1308/1098 1101/1311/1101 
f 1059/1267/1059 1058/1266/1058 1086/1296/1086 1112/1341/1112 
f 1066/1274/1066 1054/1261/1054 1093/1303/1093 1067/1275/1067 
f 1129/1342/1129 1130/1343/1130 1131/1344/1131 1132/1345/1132 
f 1133/1346/1133 1134/1347/1134 1135/1348/1135 1136/1349/1136 
f 1137/1350/1137 1138/1351/1138 1139/1352/1139 1140/1353/1140 
f 1141/1354/1141 1142/1355/1142 1143/1356/1143 1144/1357/1144 
f 1145/1358/1145 1146/1359/1146 1147/1360/1147 
f 1081/1291/1081 1130/1343/1130 1148/1361/1148 1082/1292/1082 
f 1084/1294/1084 1147/1360/1147 1131/1362/1131 1085/1295/1085 
f 1149/1363/1149 1147/1360/1147 1084/1294/1084 1087/1297/1087 
f 1088/1298/1088 1150/1364/1150 1149/1363/1149 1087/1297/1087 
f 1151/1365/1151 1150/1364/1150 1088/1298/1088 1089/1299/1089 
f 1135/1348/1135 1151/1365/1151 1089/1299/1089 1090/1300/1090 
f 1152/1366/1152 1136/1349/1136 1092/1302/1092 1091/1301/1091 
f 1153/1367/1153 1154/1368/1154 1091/1301/1091 1094/1304/1094 
f 1155/1369/1155 1156/1370/1156 1094/1304/1094 1096/1306/1096 
f 1148/1361/1148 1155/1369/1155 1096/1306/1096 1082/1292/1082 
f 1081/1291/1081 1080/1290/1080 1086/1371/1086 1085/1372/1085 
f 1065/1273/1065 1067/1275/1067 1092/1302/1092 1090/1300/1090 
f 1076/1286/1076 1077/1287/1077 1099/1309/1099 1098/1308/1098 
f 1077/1287/1077 1157/1373/1157 1102/1312/1102 1099/1309/1099 
f 1157/1373/1157 1158/1374/1158 1104/1314/1104 1102/1312/1102 
f 1158/1374/1158 1159/1375/1159 1106/1376/1106 1104/1314/1104 
f 1106/1376/1106 1159/1375/1159 1079/1289/1079 1108/1377/1108 
f 1108/1377/1108 1079/1289/1079 1078/1288/1078 1110/1378/1110 
f 1064/1272/1064 1076/1286/1076 1098/1308/1098 1066/1274/1066 
f 1078/1288/1078 1059/1267/1059 1112/1341/1112 1110/1378/1110 
f 1030/1227/1030 1101/1311/1101 1100/1310/1100 1031/1228/1031 
f 1100/1310/1100 1103/1313/1103 1032/1230/1032 1031/1228/1031 
f 1103/1313/1103 1105/1315/1105 1033/1233/1033 1032/1230/1032 
f 1033/1235/1033 1105/1316/1105 1107/1319/1107 1034/1236/1034 
f 1034/1236/1034 1107/1319/1107 1109/1321/1109 1035/1238/1035 
f 1109/1321/1109 1111/1323/1111 1036/1241/1036 1035/1238/1035 
f 1111/1323/1111 1112/1324/1112 1037/1243/1037 1036/1241/1036 
f 1054/1261/1054 1066/1274/1066 1101/1311/1101 1030/1227/1030 
f 1037/1243/1037 1080/1290/1080 1083/1293/1083 1055/1263/1055 
f 1112/1324/1112 1086/1371/1086 1080/1290/1080 1037/1243/1037 
f 1095/1305/1095 1093/1303/1093 1054/1261/1054 1068/1277/1068 
f 1097/1307/1097 1095/1305/1095 1068/1277/1068 1069/1279/1069 
f 1055/1263/1055 1083/1293/1083 1097/1307/1097 1069/1279/1069 
f 1132/1345/1132 1160/1379/1160 1161/1380/1161 1129/1342/1129 
f 1162/1381/1162 1163/1382/1163 1160/1383/1160 1132/1384/1132 
f 1146/1359/1146 1164/1385/1164 1163/1382/1163 1162/1381/1162 
f 1165/1386/1165 1166/1387/1166 1167/1388/1167 1145/1358/1145 
f 1165/1389/1165 1168/1390/1168 1169/1391/1169 1166/1392/1166 
f 1168/1390/1168 1170/1393/1170 1171/1394/1171 1169/1391/1169 
f 1172/1395/1172 1173/1396/1173 1139/1397/1139 1138/1398/1138 
f 1174/1399/1174 1175/1400/1175 1113/1401/1113 1116/1402/1116 
f 1146/1359/1146 1145/1358/1145 1167/1388/1167 1164/1385/1164 
f 1129/1342/1129 1161/1380/1161 1171/1394/1171 1170/1393/1170 
f 1146/1359/1146 1162/1381/1162 1147/1360/1147 
f 1160/1379/1160 1176/1403/1176 1177/1404/1177 1161/1380/1161 
f 1163/1382/1163 1178/1405/1178 1176/1406/1176 1160/1383/1160 
f 1164/1385/1164 1179/1407/1179 1178/1405/1178 1163/1382/1163 
f 1180/1408/1180 1181/1409/1181 1167/1388/1167 1166/1387/1166 
f 1182/1410/1182 1180/1411/1180 1166/1392/1166 1169/1391/1169 
f 1183/1412/1183 1182/1410/1182 1169/1391/1169 1171/1394/1171 
f 1181/1409/1181 1179/1407/1179 1164/1385/1164 1167/1388/1167 
f 1177/1404/1177 1183/1412/1183 1171/1394/1171 1161/1380/1161 
f 1176/1403/1176 1113/1401/1113 1175/1400/1175 1177/1404/1177 
f 1114/1326/1114 1113/1325/1113 1176/1406/1176 1178/1405/1178 
f 1179/1407/1179 1115/1327/1115 1114/1326/1114 1178/1405/1178 
f 1180/1408/1180 1139/1397/1139 1173/1396/1173 1181/1409/1181 
f 1140/1353/1140 1139/1352/1139 1180/1411/1180 1182/1410/1182 
f 1183/1412/1183 1137/1350/1137 1140/1353/1140 1182/1410/1182 
f 1173/1396/1173 1172/1395/1172 1179/1407/1179 1181/1409/1181 
f 1175/1400/1175 1174/1399/1174 1183/1412/1183 1177/1404/1177 
f 1184/1413/1184 1185/1414/1185 1186/1415/1186 1187/1416/1187 
f 1185/1414/1185 1188/1417/1188 1189/1418/1189 1186/1415/1186 
f 1165/1389/1165 1190/1419/1190 1191/1420/1191 1168/1390/1168 
f 1165/1386/1165 1145/1358/1145 1192/1421/1192 1190/1422/1190 
f 1193/1423/1193 1194/1424/1194 1192/1421/1192 1145/1358/1145 
f 1184/1425/1184 1187/1426/1187 1195/1427/1195 1196/1428/1196 
f 1197/1429/1197 1198/1430/1198 1143/1431/1143 1142/1432/1142 
f 1199/1433/1199 1200/1434/1200 1040/1435/1040 1039/1436/1039 
f 1188/1417/1188 1168/1390/1168 1191/1420/1191 1189/1418/1189 
f 1196/1428/1196 1195/1427/1195 1194/1424/1194 1193/1423/1193 
f 1188/1417/1188 1185/1414/1185 1148/1361/1148 
f 1201/1437/1201 1202/1438/1202 1203/1439/1203 1204/1440/1204 
f 1205/1441/1205 1201/1437/1201 1204/1440/1204 1206/1442/1206 
f 1207/1443/1207 1208/1444/1208 1209/1445/1209 1210/1446/1210 
f 1211/1447/1211 1212/1448/1212 1208/1449/1208 1207/1450/1207 
f 1213/1451/1213 1214/1452/1214 1212/1448/1212 1211/1447/1211 
f 1202/1453/1202 1215/1454/1215 1216/1455/1216 1203/1456/1203 
f 1210/1446/1210 1209/1445/1209 1205/1441/1205 1206/1442/1206 
f 1216/1455/1216 1215/1454/1215 1214/1452/1214 1213/1451/1213 
f 1115/1327/1115 1179/1407/1179 1172/1395/1172 
f 1137/1350/1137 1183/1412/1183 1174/1399/1174 
f 1115/1327/1115 1172/1395/1172 1138/1398/1138 1116/1328/1116 
f 1138/1351/1138 1137/1350/1137 1174/1399/1174 1116/1402/1116 
f 1204/1440/1204 1203/1439/1203 1187/1416/1187 1186/1415/1186 
f 1206/1442/1206 1204/1440/1204 1186/1415/1186 1189/1418/1189 
f 1190/1419/1190 1207/1443/1207 1210/1446/1210 1191/1420/1191 
f 1211/1447/1211 1207/1450/1207 1190/1422/1190 1192/1421/1192 
f 1194/1424/1194 1213/1451/1213 1211/1447/1211 1192/1421/1192 
f 1203/1456/1203 1216/1455/1216 1195/1427/1195 1187/1426/1187 
f 1191/1420/1191 1210/1446/1210 1206/1442/1206 1189/1418/1189 
f 1195/1427/1195 1216/1455/1216 1213/1451/1213 1194/1424/1194 
f 1041/1247/1041 1040/1246/1040 1202/1438/1202 1201/1437/1201 
f 1205/1441/1205 1038/1244/1038 1041/1247/1041 1201/1437/1201 
f 1208/1444/1208 1143/1431/1143 1198/1430/1198 1209/1445/1209 
f 1144/1357/1144 1143/1356/1143 1208/1449/1208 1212/1448/1212 
f 1214/1452/1214 1141/1354/1141 1144/1357/1144 1212/1448/1212 
f 1202/1453/1202 1040/1435/1040 1200/1434/1200 1215/1454/1215 
f 1198/1430/1198 1197/1429/1197 1205/1441/1205 1209/1445/1209 
f 1200/1434/1200 1199/1433/1199 1214/1452/1214 1215/1454/1215 
f 1038/1244/1038 1205/1441/1205 1197/1429/1197 
f 1141/1354/1141 1214/1452/1214 1199/1433/1199 
f 1038/1244/1038 1197/1429/1197 1142/1432/1142 1039/1245/1039 
f 1141/1354/1141 1199/1433/1199 1039/1436/1039 1142/1355/1142 
f 1217/1457/1217 1218/1458/1218 1219/1459/1219 1220/1460/1220 
f 1184/1413/1184 1221/1461/1221 1222/1462/1222 1185/1414/1185 
f 1184/1425/1184 1196/1428/1196 1223/1463/1223 1221/1464/1221 
f 1196/1428/1196 1224/1465/1224 1225/1466/1225 1223/1463/1223 
f 1226/1467/1226 1227/1468/1227 1228/1469/1228 1229/1470/1229 
f 1226/1471/1226 1217/1457/1217 1220/1460/1220 1227/1472/1227 
f 1230/1473/1230 1231/1474/1231 1117/1475/1117 1120/1476/1120 
f 1232/1477/1232 1044/1478/1044 1043/1479/1043 1233/1480/1233 
f 1185/1414/1185 1222/1462/1222 1219/1459/1219 1218/1458/1218 
f 1224/1465/1224 1229/1470/1229 1228/1469/1228 1225/1466/1225 
f 1218/1458/1218 1217/1457/1217 1155/1369/1155 
f 1234/1481/1234 1235/1482/1235 1236/1483/1236 1237/1484/1237 
f 1238/1485/1238 1239/1486/1239 1240/1487/1240 1241/1488/1241 
f 1242/1489/1242 1243/1490/1243 1239/1491/1239 1238/1492/1238 
f 1244/1493/1244 1245/1494/1245 1243/1490/1243 1242/1489/1242 
f 1246/1495/1246 1247/1496/1247 1248/1497/1248 1249/1498/1249 
f 1235/1482/1235 1246/1499/1246 1249/1500/1249 1236/1483/1236 
f 1241/1488/1241 1240/1487/1240 1234/1481/1234 1237/1484/1237 
f 1247/1496/1247 1245/1494/1245 1244/1493/1244 1248/1497/1248 
f 1237/1484/1237 1236/1483/1236 1220/1460/1220 1219/1459/1219 
f 1221/1461/1221 1238/1485/1238 1241/1488/1241 1222/1462/1222 
f 1242/1489/1242 1238/1492/1238 1221/1464/1221 1223/1463/1223 
f 1225/1466/1225 1244/1493/1244 1242/1489/1242 1223/1463/1223 
f 1249/1498/1249 1248/1497/1248 1228/1469/1228 1227/1468/1227 
f 1236/1483/1236 1249/1500/1249 1227/1472/1227 1220/1460/1220 
f 1222/1462/1222 1241/1488/1241 1237/1484/1237 1219/1459/1219 
f 1248/1497/1248 1244/1493/1244 1225/1466/1225 1228/1469/1228 
f 1234/1481/1234 1042/1248/1042 1045/1251/1045 1235/1482/1235 
f 1239/1486/1239 1117/1475/1117 1231/1474/1231 1240/1487/1240 
f 1118/1330/1118 1117/1329/1117 1239/1491/1239 1243/1490/1243 
f 1245/1494/1245 1119/1331/1119 1118/1330/1118 1243/1490/1243 
f 1246/1495/1246 1044/1478/1044 1232/1477/1232 1247/1496/1247 
f 1045/1251/1045 1044/1250/1044 1246/1499/1246 1235/1482/1235 
f 1231/1474/1231 1230/1473/1230 1234/1481/1234 1240/1487/1240 
f 1232/1477/1232 1233/1480/1233 1245/1494/1245 1247/1496/1247 
f 1042/1248/1042 1234/1481/1234 1230/1473/1230 
f 1119/1331/1119 1245/1494/1245 1233/1480/1233 
f 1042/1248/1042 1230/1473/1230 1120/1476/1120 1043/1249/1043 
f 1120/1332/1120 1119/1331/1119 1233/1480/1233 1043/1479/1043 
f 1250/1501/1250 1251/1502/1251 1252/1503/1252 1253/1504/1253 
f 1226/1471/1226 1254/1505/1254 1255/1506/1255 1217/1457/1217 
f 1226/1467/1226 1229/1470/1229 1256/1507/1256 1254/1508/1254 
f 1229/1470/1229 1257/1509/1257 1258/1510/1258 1256/1507/1256 
f 1259/1511/1259 1260/1512/1260 1261/1513/1261 1262/1514/1262 
f 1259/1515/1259 1253/1504/1253 1252/1503/1252 1260/1516/1260 
f 1263/1517/1263 1264/1518/1264 1124/1519/1124 1123/1520/1123 
f 1265/1521/1265 1048/1522/1048 1047/1523/1047 1266/1524/1266 
f 1217/1457/1217 1255/1506/1255 1251/1502/1251 1250/1501/1250 
f 1257/1509/1257 1262/1514/1262 1261/1513/1261 1258/1510/1258 
f 1250/1501/1250 1253/1504/1253 1153/1367/1153 1156/1370/1156 
f 1267/1525/1267 1268/1526/1268 1269/1527/1269 1270/1528/1270 
f 1271/1529/1271 1272/1530/1272 1273/1531/1273 1274/1532/1274 
f 1275/1533/1275 1276/1534/1276 1272/1535/1272 1271/1536/1271 
f 1277/1537/1277 1278/1538/1278 1276/1534/1276 1275/1533/1275 
f 1279/1539/1279 1280/1540/1280 1281/1541/1281 1282/1542/1282 
f 1269/1527/1269 1279/1543/1279 1282/1544/1282 1270/1528/1270 
f 1274/1532/1274 1273/1531/1273 1268/1526/1268 1267/1525/1267 
f 1280/1540/1280 1278/1538/1278 1277/1537/1277 1281/1541/1281 
f 1251/1502/1251 1267/1525/1267 1270/1528/1270 1252/1503/1252 
f 1254/1505/1254 1271/1529/1271 1274/1532/1274 1255/1506/1255 
f 1256/1507/1256 1275/1533/1275 1271/1536/1271 1254/1508/1254 
f 1277/1537/1277 1275/1533/1275 1256/1507/1256 1258/1510/1258 
f 1282/1542/1282 1281/1541/1281 1261/1513/1261 1260/1512/1260 
f 1270/1528/1270 1282/1544/1282 1260/1516/1260 1252/1503/1252 
f 1255/1506/1255 1274/1532/1274 1267/1525/1267 1251/1502/1251 
f 1281/1541/1281 1277/1537/1277 1258/1510/1258 1261/1513/1261 
f 1268/1526/1268 1046/1252/1046 1049/1255/1049 1269/1527/1269 
f 1272/1530/1272 1124/1519/1124 1264/1518/1264 1273/1531/1273 
f 1276/1534/1276 1121/1333/1121 1124/1336/1124 1272/1535/1272 
f 1278/1538/1278 1122/1334/1122 1121/1333/1121 1276/1534/1276 
f 1048/1522/1048 1265/1521/1265 1280/1540/1280 1279/1539/1279 
f 1049/1255/1049 1048/1254/1048 1279/1543/1279 1269/1527/1269 
f 1264/1518/1264 1263/1517/1263 1268/1526/1268 1273/1531/1273 
f 1265/1521/1265 1266/1524/1266 1278/1538/1278 1280/1540/1280 
f 1046/1252/1046 1268/1526/1268 1263/1517/1263 
f 1122/1334/1122 1278/1538/1278 1266/1524/1266 
f 1046/1252/1046 1263/1517/1263 1123/1520/1123 1047/1253/1047 
f 1122/1334/1122 1266/1524/1266 1047/1523/1047 1123/1335/1123 
f 1283/1545/1283 1284/1546/1284 1285/1547/1285 1286/1548/1286 
f 1259/1515/1259 1287/1549/1287 1288/1550/1288 1253/1504/1253 
f 1259/1511/1259 1262/1514/1262 1289/1551/1289 1287/1552/1287 
f 1262/1514/1262 1290/1553/1290 1291/1554/1291 1289/1551/1289 
f 1134/1347/1134 1133/1346/1133 1292/1555/1292 1293/1556/1293 
f 1133/1346/1133 1286/1548/1286 1285/1547/1285 1292/1555/1292 
f 1294/1557/1294 1295/1558/1295 1128/1559/1128 1127/1560/1127 
f 1296/1561/1296 1052/1258/1052 1051/1562/1051 1297/1563/1297 
f 1253/1504/1253 1288/1550/1288 1284/1546/1284 1283/1545/1283 
f 1290/1553/1290 1134/1347/1134 1293/1556/1293 1291/1554/1291 
f 1286/1548/1286 1152/1366/1152 1154/1368/1154 1283/1545/1283 
f 1298/1564/1298 1299/1565/1299 1300/1566/1300 1301/1567/1301 
f 1302/1568/1302 1303/1569/1303 1304/1570/1304 1305/1571/1305 
f 1306/1572/1306 1307/1573/1307 1303/1574/1303 1302/1575/1302 
f 1308/1576/1308 1309/1577/1309 1307/1573/1307 1306/1572/1306 
f 1310/1578/1310 1311/1579/1311 1312/1580/1312 1313/1581/1313 
f 1300/1566/1300 1310/1578/1310 1313/1581/1313 1301/1567/1301 
f 1305/1571/1305 1304/1570/1304 1299/1565/1299 1298/1564/1298 
f 1311/1579/1311 1309/1577/1309 1308/1576/1308 1312/1580/1312 
f 1130/1343/1130 1081/1291/1081 1085/1372/1085 1131/1344/1131 
f 1090/1300/1090 1092/1302/1092 1136/1349/1136 1135/1348/1135 
f 1153/1367/1153 1094/1304/1094 1156/1370/1156 
f 1152/1366/1152 1091/1301/1091 1154/1368/1154 
f 1168/1390/1168 1188/1417/1188 1148/1361/1148 1130/1343/1130 
f 1162/1381/1162 1132/1384/1132 1131/1362/1131 1147/1360/1147 
f 1149/1363/1149 1193/1423/1193 1145/1358/1145 1147/1360/1147 
f 1224/1465/1224 1196/1428/1196 1149/1363/1149 1150/1364/1150 
f 1257/1509/1257 1229/1470/1229 1150/1364/1150 1151/1365/1151 
f 1290/1553/1290 1262/1514/1262 1151/1365/1151 1135/1348/1135 
f 1286/1548/1286 1133/1346/1133 1136/1349/1136 1152/1366/1152 
f 1153/1367/1153 1253/1504/1253 1283/1545/1283 1154/1368/1154 
f 1155/1369/1155 1217/1457/1217 1250/1501/1250 1156/1370/1156 
f 1148/1361/1148 1185/1414/1185 1218/1458/1218 1155/1369/1155 
f 1130/1343/1130 1170/1393/1170 1168/1390/1168 
f 1130/1343/1130 1129/1342/1129 1170/1393/1170 
f 1149/1363/1149 1196/1428/1196 1193/1423/1193 
f 1150/1364/1150 1229/1470/1229 1224/1465/1224 
f 1151/1365/1151 1262/1514/1262 1257/1509/1257 
f 1135/1348/1135 1134/1347/1134 1290/1553/1290 
f 1299/1565/1299 1050/1256/1050 1053/1259/1053 1300/1566/1300 
f 1303/1569/1303 1128/1559/1128 1295/1558/1295 1304/1570/1304 
f 1307/1573/1307 1125/1337/1125 1128/1340/1128 1303/1574/1303 
f 1309/1577/1309 1126/1338/1126 1125/1337/1125 1307/1573/1307 
f 1052/1258/1052 1296/1561/1296 1311/1579/1311 1310/1578/1310 
f 1053/1259/1053 1052/1258/1052 1310/1578/1310 1300/1566/1300 
f 1304/1570/1304 1295/1558/1295 1294/1557/1294 1299/1565/1299 
f 1296/1561/1296 1297/1563/1297 1309/1577/1309 1311/1579/1311 
f 1284/1546/1284 1298/1564/1298 1301/1567/1301 1285/1547/1285 
f 1287/1549/1287 1302/1568/1302 1305/1571/1305 1288/1550/1288 
f 1289/1551/1289 1306/1572/1306 1302/1575/1302 1287/1552/1287 
f 1308/1576/1308 1306/1572/1306 1289/1551/1289 1291/1554/1291 
f 1313/1581/1313 1312/1580/1312 1293/1556/1293 1292/1555/1292 
f 1301/1567/1301 1313/1581/1313 1292/1555/1292 1285/1547/1285 
f 1288/1550/1288 1305/1571/1305 1298/1564/1298 1284/1546/1284 
f 1312/1580/1312 1308/1576/1308 1291/1554/1291 1293/1556/1293 
f 1050/1256/1050 1299/1565/1299 1294/1557/1294 
f 1126/1338/1126 1309/1577/1309 1297/1563/1297 
f 1050/1256/1050 1294/1557/1294 1127/1560/1127 1051/1257/1051 
f 1126/1338/1126 1297/1563/1297 1051/1562/1051 1127/1339/1127 
f 1073/1283/1073 1079/1289/1079 1159/1375/1159 
f 1157/1373/1157 1077/1287/1077 1075/1285/1075 
f 1074/1284/1074 1073/1283/1073 1159/1375/1159 1158/1374/1158 
f 1074/1284/1074 1158/1374/1158 1157/1373/1157 1075/1285/1075 
f 1314/1582/1314 1315/1583/1315 1316/1584/1316 1317/1585/1317 
f 1318/1586/1318 1319/1587/1319 1320/1588/1320 1321/1589/1321 
f 1321/1589/1321 1320/1588/1320 1322/1590/1322 1323/1591/1323 
f 1323/1591/1323 1322/1590/1322 1324/1592/1324 1325/1593/1325 
f 1325/1593/1325 1324/1592/1324 1326/1594/1326 1327/1595/1327 
f 1327/1595/1327 1326/1594/1326 1328/1596/1328 1329/1597/1329 
f 1329/1597/1329 1328/1596/1328 1330/1598/1330 1331/1599/1331 
f 1331/1599/1331 1330/1598/1330 1332/1600/1332 1333/1601/1333 
f 1333/1601/1333 1332/1600/1332 1334/1602/1334 1335/1603/1335 
f 1335/1603/1335 1334/1602/1334 1336/1604/1336 1337/1605/1337 
f 1336/1604/1336 1338/1606/1338 1339/1607/1339 1337/1605/1337 
f 1338/1606/1338 1340/1608/1340 1341/1609/1341 1339/1607/1339 
f 1340/1608/1340 1342/1610/1342 1343/1611/1343 1341/1609/1341 
f 1343/1611/1343 1342/1610/1342 1344/1612/1344 1345/1613/1345 
f 1317/1585/1317 1316/1584/1316 1319/1587/1319 1318/1586/1318 
f 1315/1583/1315 1346/1614/1346 1347/1615/1347 1316/1584/1316 
f 1319/1587/1319 1348/1616/1348 1349/1617/1349 1320/1588/1320 
f 1320/1588/1320 1349/1617/1349 1350/1618/1350 1322/1590/1322 
f 1322/1590/1322 1350/1618/1350 1324/1592/1324 
f 1324/1592/1324 1350/1618/1350 1351/1619/1351 1326/1594/1326 
f 1326/1594/1326 1351/1619/1351 1328/1596/1328 
f 1328/1596/1328 1351/1619/1351 1352/1620/1352 1330/1598/1330 
f 1330/1598/1330 1352/1620/1352 1332/1600/1332 
f 1332/1600/1332 1352/1620/1352 1353/1621/1353 1334/1602/1334 
f 1334/1602/1334 1353/1621/1353 1336/1604/1336 
f 1353/1621/1353 1354/1622/1354 1338/1606/1338 1336/1604/1336 
f 1338/1606/1338 1354/1622/1354 1340/1608/1340 
f 1340/1608/1340 1354/1622/1354 1355/1623/1355 1342/1610/1342 
f 1342/1610/1342 1355/1623/1355 1344/1612/1344 
f 1316/1584/1316 1347/1615/1347 1348/1616/1348 1319/1587/1319 
f 1348/1616/1348 52/61/52 53/63/53 1349/1617/1349 
f 1349/1617/1349 53/63/53 54/65/54 1350/1618/1350 
f 1350/1618/1350 54/65/54 47/50/47 1351/1619/1351 
f 1351/1619/1351 47/50/47 46/49/46 1352/1620/1352 
f 1352/1620/1352 46/49/46 48/52/48 1353/1621/1353 
f 1353/1621/1353 48/52/48 49/55/49 1354/1622/1354 
f 1354/1622/1354 49/55/49 139/150/139 1355/1623/1355 
f 1347/1615/1347 50/57/50 52/61/52 1348/1616/1348 
f 208/241/208 20/20/20 19/19/19 1356/1624/1356 
f 81/92/81 84/95/84 85/96/85 82/93/82 
f 73/84/73 11/11/11 14/14/14 83/94/83 
f 330/384/330 255/383/255 253/1625/253 333/1626/333 
f 527/600/527 212/245/212 305/386/305 331/385/331 
f 1356/1624/1356 19/19/19 8/8/8 10/10/10 
f 9/9/9 7/7/7 72/83/72 526/599/526 
f 51/58/51 50/57/50 1347/1615/1347 1346/1614/1346 
f 883/1040/883 649/752/649 648/751/648 884/1041/884 
f 885/1042/885 855/1004/855 852/1001/852 884/1041/884 
f 886/1043/886 857/1007/857 855/1006/855 885/1044/885 
f 887/1045/887 859/1010/859 862/1013/862 888/1046/888 
f 887/1045/887 652/756/652 654/758/654 889/1047/889 
f 889/1048/889 654/760/654 655/759/655 890/1049/890 
f 890/1049/890 655/759/655 649/752/649 883/1040/883 
f 888/1046/888 862/1013/862 857/1007/857 886/1043/886 
f 853/1002/853 1357/1627/1357 1358/1628/1358 854/1003/854 
f 856/1005/856 1359/1629/1359 1357/1627/1357 853/1002/853 
f 858/1008/858 1360/1630/1360 1359/1631/1359 856/1009/856 
f 860/1011/860 1361/1632/1361 1362/1633/1362 861/1012/861 
f 864/1015/864 1363/1634/1363 1361/1632/1361 860/1011/860 
f 866/1018/866 1364/1635/1364 1363/1636/1363 864/1019/864 
f 854/1003/854 1358/1628/1358 1364/1635/1364 866/1018/866 
f 861/1012/861 1362/1633/1362 1360/1630/1360 858/1008/858 
f 869/1022/869 1358/1628/1358 1357/1627/1357 870/1023/870 
f 870/1023/870 1357/1627/1357 1359/1629/1359 872/1025/872 
f 872/1028/872 1359/1631/1359 1360/1630/1360 874/1029/874 
f 876/1031/876 1362/1633/1362 1361/1632/1361 877/1032/877 
f 877/1032/877 1361/1632/1361 1363/1634/1363 880/1035/880 
f 880/1038/880 1363/1636/1363 1364/1635/1364 882/1039/882 
f 882/1039/882 1364/1635/1364 1358/1628/1358 869/1022/869 
f 874/1029/874 1360/1630/1360 1362/1633/1362 876/1031/876 
f 891/1050/891 900/1061/900 899/1060/899 892/1051/892 
f 893/1052/893 901/1062/901 900/1061/900 891/1050/891 
f 894/1053/894 902/1064/902 901/1063/901 893/1054/893 
f 895/1055/895 904/1066/904 903/1065/903 896/1056/896 
f 897/1057/897 905/1067/905 904/1066/904 895/1055/895 
f 898/1058/898 906/1069/906 905/1068/905 897/1059/897 
f 892/1051/892 899/1060/899 906/1069/906 898/1058/898 
f 896/1056/896 903/1065/903 902/1064/902 894/1053/894 
f 1365/1/1365 1366/4/1366 1367/3/1367 1368/2/1368 
f 1368/2/1368 1367/3/1367 1369/6/1369 1370/5/1370 
f 1370/5/1370 1369/6/1369 1371/8/1371 1372/7/1372 
f 1372/7/1372 1371/8/1371 10/10/10 9/9/9 
f 1373/11/1373 1374/14/1374 1375/13/1375 1376/12/1376 
f 1377/15/1377 1376/12/1376 1375/13/1375 1378/16/1378 
f 1377/15/1377 1378/16/1378 1379/18/1379 1380/17/1380 
f 1380/17/1380 1379/18/1379 1366/4/1366 1365/1/1365 
f 1381/19/1381 1382/22/1382 1383/21/1383 1384/20/1384 
f 1385/23/1385 1386/26/1386 1387/25/1387 1388/24/1388 
f 1389/27/1389 1390/30/1390 1391/29/1391 1392/28/1392 
f 1393/31/1393 1394/32/1394 1390/30/1390 1389/27/1389 
f 1395/33/1395 1394/32/1394 1393/31/1393 1396/34/1396 
f 1397/35/1397 38/38/38 37/37/37 1398/36/1398 
f 1399/39/1399 1397/35/1397 1398/36/1398 1400/40/1400 
f 1401/41/1401 1399/39/1399 1400/40/1400 1402/42/1402 
f 1403/43/1403 1404/44/1404 1401/41/1401 1402/42/1402 
f 1405/45/1405 1404/47/1404 1403/46/1403 1392/28/1392 
f 1389/48/1389 1392/51/1392 1406/50/1406 1407/49/1407 
f 1408/52/1408 1393/53/1393 1389/48/1389 1407/49/1407 
f 1396/54/1396 1393/53/1393 1408/52/1408 1409/55/1409 
f 1398/56/1398 37/59/37 51/58/51 1410/57/1410 
f 1400/60/1400 1398/56/1398 1410/57/1410 1411/61/1411 
f 1402/62/1402 1400/60/1400 1411/61/1411 1412/63/1412 
f 1403/64/1403 1402/62/1402 1412/63/1412 1413/65/1413 
f 1392/51/1392 1403/64/1403 1413/65/1413 1406/50/1406 
f 1414/66/1414 1415/69/1415 1416/68/1416 1417/67/1417 
f 1418/70/1418 62/73/62 61/72/61 1419/71/1419 
f 1420/74/1420 1418/70/1418 1419/71/1419 1421/75/1421 
f 1422/76/1422 1423/77/1423 1420/74/1420 1421/75/1421 
f 1424/78/1424 1423/77/1423 1422/76/1422 1425/79/1425 
f 1368/2/1368 1426/81/1426 1427/80/1427 1365/1/1365 
f 1370/5/1370 1428/82/1428 1426/81/1426 1368/2/1368 
f 1372/7/1372 1429/83/1429 1428/82/1428 1370/5/1370 
f 73/84/73 1373/11/1373 1430/86/1430 74/85/74 
f 1373/11/1373 1376/12/1376 1431/87/1431 1430/86/1430 
f 1376/12/1376 1377/15/1377 1432/88/1432 1431/87/1431 
f 1380/17/1380 1433/89/1433 1432/88/1432 1377/15/1377 
f 1365/1/1365 1427/80/1427 1433/89/1433 1380/17/1380 
f 1434/90/1434 1367/3/1367 1366/4/1366 1435/91/1435 
f 1382/22/1382 1369/6/1369 1367/3/1367 1434/90/1434 
f 1381/19/1381 1371/8/1371 1369/6/1369 1382/22/1382 
f 1436/92/1436 1374/14/1374 83/94/83 82/93/82 
f 1379/18/1379 1378/16/1378 1386/26/1386 1385/23/1385 
f 1435/91/1435 1366/4/1366 1379/18/1379 1385/23/1385 
f 1384/20/1384 1383/21/1383 1415/69/1415 1414/66/1414 
f 1437/95/1437 85/96/85 62/73/62 1418/70/1418 
f 1438/97/1438 1439/100/1439 1440/99/1440 1441/98/1441 
f 1435/91/1435 1442/102/1442 1443/101/1443 1434/90/1434 
f 1382/22/1382 1434/90/1434 1443/101/1443 1383/21/1383 
f 1385/23/1385 1388/24/1388 1442/102/1442 1435/91/1435 
f 1444/103/1444 1445/105/1445 1446/104/1446 
f 1444/103/1444 1447/106/1447 1445/105/1445 
f 1444/103/1444 1448/107/1448 1447/106/1447 
f 1444/103/1444 1449/108/1449 1448/107/1448 
f 1444/103/1444 1450/109/1450 1449/108/1449 
f 1444/103/1444 1451/110/1451 1450/109/1450 
f 1444/103/1444 1452/111/1452 1451/110/1451 
f 1452/111/1452 1444/103/1444 1453/112/1453 
f 1444/103/1444 1454/114/1454 1455/113/1455 
f 1444/103/1444 1446/104/1446 1454/114/1454 
f 1446/104/1446 1445/105/1445 1456/116/1456 1457/115/1457 
f 1445/105/1445 1447/106/1447 1458/117/1458 1456/116/1456 
f 1447/106/1447 1448/107/1448 1459/118/1459 1458/117/1458 
f 1448/107/1448 1449/108/1449 1460/119/1460 1459/118/1459 
f 1449/108/1449 1450/109/1450 1461/120/1461 1460/119/1460 
f 1461/120/1461 1450/109/1450 1451/110/1451 1462/121/1462 
f 1462/121/1462 1451/110/1451 1452/111/1452 1463/122/1463 
f 1463/122/1463 1452/111/1452 1453/112/1453 1464/123/1464 
f 1465/124/1465 1455/113/1455 1454/114/1454 1466/125/1466 
f 1466/125/1466 1454/114/1454 1446/104/1446 1457/115/1457 
f 1420/74/1420 1423/77/1423 1467/127/1467 1468/126/1468 
f 1418/70/1418 1420/74/1420 1468/126/1468 1469/128/1469 
f 1437/95/1437 1418/70/1418 1469/128/1469 1470/129/1470 
f 1436/92/1436 1437/95/1437 1470/129/1470 1471/130/1471 
f 1436/92/1436 1471/130/1471 1472/131/1472 1374/14/1374 
f 1374/14/1374 1472/131/1472 1473/132/1473 1375/13/1375 
f 1375/13/1375 1473/132/1473 1474/133/1474 1378/16/1378 
f 1378/16/1378 1474/133/1474 1475/134/1475 1386/26/1386 
f 1386/26/1386 1475/134/1475 1476/135/1476 1387/25/1387 
f 1440/99/1440 1477/137/1477 1478/136/1478 1441/98/1441 
f 1479/138/1479 1480/139/1480 1466/125/1466 1457/115/1457 
f 1481/140/1481 1479/138/1479 1457/115/1457 1456/116/1456 
f 1482/141/1482 1481/140/1481 1456/116/1456 1458/117/1458 
f 1483/142/1483 1482/141/1482 1458/117/1458 1459/118/1459 
f 1484/143/1484 1483/142/1483 1459/118/1459 1460/119/1460 
f 1485/144/1485 1484/143/1484 1460/119/1460 1461/120/1461 
f 1462/121/1462 1486/145/1486 1485/144/1485 1461/120/1461 
f 1463/122/1463 1487/146/1487 1486/145/1486 1462/121/1462 
f 1464/123/1464 1488/147/1488 1487/146/1487 1463/122/1463 
f 1466/125/1466 1480/139/1480 1489/148/1489 1465/124/1465 
f 1479/138/1479 1468/126/1468 1467/127/1467 1480/139/1480 
f 1469/128/1469 1468/126/1468 1479/138/1479 1481/140/1481 
f 1470/129/1470 1469/128/1469 1481/140/1481 1482/141/1482 
f 1471/130/1471 1470/129/1470 1482/141/1482 1483/142/1483 
f 1472/131/1472 1471/130/1471 1483/142/1483 1484/143/1484 
f 1485/144/1485 1473/132/1473 1472/131/1472 1484/143/1484 
f 1486/145/1486 1474/133/1474 1473/132/1473 1485/144/1485 
f 1487/146/1487 1475/134/1475 1474/133/1474 1486/145/1486 
f 1488/147/1488 1476/135/1476 1475/134/1475 1487/146/1487 
f 1478/136/1478 1477/137/1477 1489/148/1489 1480/139/1480 
f 1409/55/1409 139/150/139 138/149/138 1396/54/1396 
f 1419/71/1419 61/72/61 38/38/38 1397/35/1397 
f 1421/75/1421 1419/71/1419 1397/35/1397 1399/39/1399 
f 1422/76/1422 1421/75/1421 1399/39/1399 1401/41/1401 
f 1425/79/1425 1422/76/1422 1401/41/1401 1404/44/1404 
f 1417/67/1417 1416/68/1416 1394/32/1394 1395/33/1395 
f 1438/97/1438 1490/152/1490 1491/151/1491 1439/100/1439 
f 1388/24/1388 1492/154/1492 1493/153/1493 1442/102/1442 
f 1442/102/1442 1493/153/1493 1494/155/1494 1443/101/1443 
f 1443/101/1443 1494/155/1494 1495/156/1495 1383/21/1383 
f 1383/21/1383 1495/156/1495 1496/157/1496 1415/69/1415 
f 1415/69/1415 1496/157/1496 1497/158/1497 1416/68/1416 
f 1416/68/1416 1497/158/1497 1498/159/1498 1394/32/1394 
f 1394/32/1394 1498/159/1498 1499/160/1499 1390/30/1390 
f 1390/30/1390 1499/160/1499 1500/161/1500 1391/29/1391 
f 1404/47/1404 1405/45/1405 1501/163/1501 1502/162/1502 
f 1425/79/1425 1404/44/1404 1502/165/1502 1503/164/1503 
f 1424/78/1424 1425/79/1425 1503/164/1503 1490/152/1490 
f 1504/166/1504 1505/169/1505 1506/168/1506 1507/167/1507 
f 1508/170/1508 1509/172/1509 1510/171/1510 1507/167/1507 
f 1511/173/1511 1512/174/1512 1509/172/1509 1508/170/1508 
f 1513/175/1513 1514/176/1514 1512/174/1512 1511/173/1511 
f 1515/177/1515 1516/178/1516 1514/176/1514 1513/175/1513 
f 1517/179/1517 1518/180/1518 1516/178/1516 1515/177/1515 
f 1519/181/1519 1520/182/1520 1518/180/1518 1517/179/1517 
f 1521/183/1521 1522/186/1522 1520/185/1520 1519/184/1519 
f 1523/187/1523 1524/188/1524 1522/186/1522 1521/183/1521 
f 1525/189/1525 1526/192/1526 1527/191/1527 1528/190/1528 
f 1529/193/1529 1530/194/1530 1526/192/1526 1525/189/1525 
f 1529/193/1529 1506/168/1506 1505/169/1505 1530/194/1530 
f 1504/166/1504 1491/196/1491 1490/195/1490 1505/169/1505 
f 1509/172/1509 1493/198/1493 1492/197/1492 1510/171/1510 
f 1512/174/1512 1494/199/1494 1493/198/1493 1509/172/1509 
f 1514/176/1514 1495/200/1495 1494/199/1494 1512/174/1512 
f 1516/178/1516 1496/201/1496 1495/200/1495 1514/176/1514 
f 1518/180/1518 1497/202/1497 1496/201/1496 1516/178/1516 
f 1531/203/1531 1498/204/1498 1497/202/1497 1518/180/1518 
f 1532/205/1532 1499/208/1499 1498/207/1498 1531/206/1531 
f 1533/209/1533 1500/210/1500 1499/208/1499 1532/205/1532 
f 1502/211/1502 1501/214/1501 1534/213/1534 1535/212/1535 
f 1503/215/1503 1502/211/1502 1535/212/1535 1536/216/1536 
f 1490/195/1490 1503/215/1503 1536/216/1536 1505/169/1505 
f 1507/167/1507 1506/168/1506 1537/218/1537 1538/217/1538 
f 1508/170/1508 1507/167/1507 1538/217/1538 1539/219/1539 
f 1540/220/1540 1511/173/1511 1508/170/1508 1539/219/1539 
f 1541/221/1541 1513/175/1513 1511/173/1511 1540/220/1540 
f 1542/222/1542 1515/177/1515 1513/175/1513 1541/221/1541 
f 1543/223/1543 1517/179/1517 1515/177/1515 1542/222/1542 
f 1544/224/1544 1517/179/1517 1543/223/1543 1545/225/1545 
f 1546/226/1546 1544/229/1544 1545/228/1545 1547/227/1547 
f 1548/230/1548 1546/226/1546 1547/227/1547 1549/231/1549 
f 1550/232/1550 1551/234/1551 1552/233/1552 1549/231/1549 
f 1553/235/1553 1551/234/1551 1550/232/1550 1554/236/1554 
f 1537/218/1537 1506/168/1506 1553/235/1553 1554/236/1554 
f 1520/182/1520 1531/203/1531 1518/180/1518 
f 1536/216/1536 1530/194/1530 1505/169/1505 
f 1531/206/1531 1520/185/1520 1522/186/1522 1532/205/1532 
f 1532/205/1532 1522/186/1522 1524/188/1524 1533/209/1533 
f 1535/212/1535 1534/213/1534 1527/191/1527 1526/192/1526 
f 1536/216/1536 1535/212/1535 1526/192/1526 1530/194/1530 
f 1391/29/1391 1405/45/1405 1392/28/1392 
f 1552/233/1552 1548/230/1548 1549/231/1549 
f 1500/161/1500 1501/163/1501 1405/45/1405 1391/29/1391 
f 1524/188/1524 1523/187/1523 1528/190/1528 1527/191/1527 
f 1500/210/1500 1533/209/1533 1534/213/1534 1501/214/1501 
f 1533/209/1533 1524/188/1524 1527/191/1527 1534/213/1534 
f 1455/113/1455 1453/112/1453 1444/103/1444 
f 1510/171/1510 1504/166/1504 1507/167/1507 
f 1387/25/1387 1440/99/1440 1439/100/1439 1388/24/1388 
f 1464/123/1464 1453/112/1453 1455/113/1455 1465/124/1465 
f 1387/25/1387 1476/135/1476 1477/137/1477 1440/99/1440 
f 1488/147/1488 1464/123/1464 1465/124/1465 1489/148/1489 
f 1476/135/1476 1488/147/1488 1489/148/1489 1477/137/1477 
f 1439/100/1439 1491/151/1491 1492/154/1492 1388/24/1388 
f 1491/196/1491 1504/166/1504 1510/171/1510 1492/197/1492 
f 1396/34/1396 138/238/138 205/237/205 1395/33/1395 
f 1417/67/1417 207/240/207 206/239/206 1414/66/1414 
f 1414/66/1414 206/239/206 208/241/208 1384/20/1384 
f 1395/33/1395 205/237/205 207/240/207 1417/67/1417 
f 1426/81/1426 1555/243/1555 1556/242/1556 1427/80/1427 
f 1428/82/1428 1557/244/1557 1555/243/1555 1426/81/1426 
f 1429/83/1429 1558/245/1558 1557/244/1557 1428/82/1428 
f 1430/86/1430 1559/247/1559 213/246/213 74/85/74 
f 1430/86/1430 1431/87/1431 1560/248/1560 1559/247/1559 
f 1431/87/1431 1432/88/1432 1561/249/1561 1560/248/1560 
f 1433/89/1433 1562/250/1562 1561/249/1561 1432/88/1432 
f 1427/80/1427 1556/242/1556 1562/250/1562 1433/89/1433 
f 1563/251/1563 1564/254/1564 220/253/220 219/252/219 
f 1563/251/1563 219/252/219 223/256/223 1565/255/1565 
f 1566/257/1566 1567/260/1567 1568/259/1568 1569/258/1569 
f 1566/257/1566 1569/258/1569 1570/262/1570 1571/261/1571 
f 1571/261/1571 1570/262/1570 1572/264/1572 1573/263/1573 
f 1573/265/1573 1572/268/1572 1574/267/1574 1575/266/1575 
f 1575/266/1575 1574/267/1574 1576/270/1576 1577/269/1577 
f 1577/269/1577 1576/270/1576 1578/272/1578 1579/271/1579 
f 1579/271/1579 1578/272/1578 1580/274/1580 1581/273/1581 
f 1581/273/1581 1580/274/1580 1582/276/1582 1583/275/1583 
f 1584/277/1584 1583/275/1583 1582/276/1582 1585/278/1585 
f 1586/279/1586 1584/277/1584 1585/278/1585 1587/280/1587 
f 1588/281/1588 1586/279/1586 1587/280/1587 1589/282/1589 
f 1567/260/1567 1588/281/1588 1589/282/1589 1568/259/1568 
f 1565/283/1565 1590/286/1590 1591/285/1591 1563/284/1563 
f 1563/284/1563 1591/285/1591 1592/288/1592 1564/287/1564 
f 1593/289/1593 1564/287/1564 1592/288/1592 1594/290/1594 
f 1593/289/1593 1594/290/1594 1595/292/1595 1596/291/1596 
f 1596/291/1596 1595/292/1595 1597/294/1597 1598/293/1598 
f 1558/295/1558 1599/298/1599 1600/297/1600 1557/296/1557 
f 1557/299/1557 1600/302/1600 1601/301/1601 1555/300/1555 
f 1555/300/1555 1601/301/1601 1602/304/1602 1556/303/1556 
f 1556/303/1556 1602/304/1602 1603/306/1603 1562/305/1562 
f 1562/305/1562 1603/306/1603 1604/308/1604 1561/307/1561 
f 1560/309/1560 1561/307/1561 1604/308/1604 1605/310/1605 
f 1560/309/1560 1605/310/1605 1606/312/1606 1559/311/1559 
f 1607/313/1607 1608/316/1608 1609/315/1609 1610/314/1610 
f 1611/317/1611 1612/318/1612 1608/316/1608 1607/313/1607 
f 1613/319/1613 1614/320/1614 1612/318/1612 1611/317/1611 
f 1615/321/1615 1616/322/1616 1614/320/1614 1613/319/1613 
f 1617/323/1617 1618/326/1618 1619/325/1619 1620/324/1620 
f 1621/327/1621 1622/328/1622 1618/326/1618 1617/323/1617 
f 1623/329/1623 1624/332/1624 1622/331/1622 1621/330/1621 
f 1625/333/1625 1626/334/1626 1624/332/1624 1623/329/1623 
f 1627/335/1627 1626/334/1626 1625/333/1625 1628/336/1628 
f 1629/337/1629 1627/335/1627 1628/336/1628 1630/338/1630 
f 1631/339/1631 1629/337/1629 1630/338/1630 1632/340/1632 
f 1633/341/1633 1631/339/1631 1632/340/1632 1634/342/1634 
f 1569/258/1569 1568/259/1568 1635/344/1635 1636/343/1636 
f 1637/345/1637 1570/262/1570 1569/258/1569 1636/343/1636 
f 1638/346/1638 1572/264/1572 1570/262/1570 1637/345/1637 
f 1574/267/1574 1572/268/1572 1638/348/1638 1639/347/1639 
f 1640/349/1640 1576/270/1576 1574/267/1574 1639/347/1639 
f 1641/350/1641 1578/272/1578 1576/270/1576 1640/349/1640 
f 1642/351/1642 1580/274/1580 1578/272/1578 1641/350/1641 
f 1643/352/1643 1582/276/1582 1580/274/1580 1642/351/1642 
f 1585/278/1585 1582/276/1582 1643/352/1643 1644/353/1644 
f 1645/354/1645 1587/280/1587 1585/278/1585 1644/353/1644 
f 1589/282/1589 1587/280/1587 1645/354/1645 1646/355/1646 
f 1568/259/1568 1589/282/1589 1646/355/1646 1635/344/1635 
f 1625/333/1625 1636/343/1636 1635/344/1635 1628/336/1628 
f 1623/329/1623 1637/345/1637 1636/343/1636 1625/333/1625 
f 1621/330/1621 1638/346/1638 1637/345/1637 1623/329/1623 
f 1617/323/1617 1639/347/1639 1638/348/1638 1621/327/1621 
f 1615/321/1615 1640/349/1640 1639/347/1639 1620/324/1620 
f 1613/319/1613 1641/350/1641 1640/349/1640 1615/321/1615 
f 1611/317/1611 1642/351/1642 1641/350/1641 1613/319/1613 
f 1607/313/1607 1643/352/1643 1642/351/1642 1611/317/1611 
f 1610/314/1610 1644/353/1644 1643/352/1643 1607/313/1607 
f 1645/354/1645 1644/353/1644 1634/342/1634 1632/340/1632 
f 1646/355/1646 1645/354/1645 1632/340/1632 1630/338/1630 
f 1635/344/1635 1646/355/1646 1630/338/1630 1628/336/1628 
f 1647/356/1647 1648/357/1648 1599/298/1599 1558/295/1558 
f 1616/322/1616 1615/321/1615 1620/324/1620 1649/358/1649 
f 1620/324/1620 1639/347/1639 1617/323/1617 
f 1610/314/1610 1634/342/1634 1644/353/1644 
f 213/246/213 1559/247/1559 1565/255/1565 223/256/223 
f 1633/341/1633 1609/315/1609 1650/360/1650 1651/359/1651 
f 1634/342/1634 1610/314/1610 1609/315/1609 1633/341/1633 
f 1652/361/1652 1591/285/1591 1590/286/1590 1650/360/1650 
f 1653/362/1653 1592/288/1592 1591/285/1591 1652/361/1652 
f 1654/363/1654 1594/290/1594 1592/288/1592 1653/362/1653 
f 1655/364/1655 1595/292/1595 1594/290/1594 1654/363/1654 
f 1656/365/1656 1597/294/1597 1595/292/1595 1655/364/1655 
f 1657/366/1657 1658/369/1658 1659/368/1659 1660/367/1660 
f 1661/370/1661 1662/373/1662 1658/372/1658 1657/371/1657 
f 1663/374/1663 1664/375/1664 1662/373/1662 1661/370/1661 
f 1665/376/1665 1666/377/1666 1664/375/1664 1663/374/1663 
f 1667/378/1667 1668/379/1668 1666/377/1666 1665/376/1665 
f 1669/380/1669 1668/379/1668 1667/378/1667 1670/381/1670 
f 1606/312/1606 1669/380/1669 1670/381/1670 1651/359/1651 
f 1660/367/1660 1659/368/1659 1648/357/1648 1671/382/1671 
f 1658/369/1658 1600/297/1600 1599/298/1599 1659/368/1659 
f 1662/373/1662 1601/301/1601 1600/302/1600 1658/372/1658 
f 1664/375/1664 1602/304/1602 1601/301/1601 1662/373/1662 
f 1666/377/1666 1603/306/1603 1602/304/1602 1664/375/1664 
f 1668/379/1668 1604/308/1604 1603/306/1603 1666/377/1666 
f 1669/380/1669 1605/310/1605 1604/308/1604 1668/379/1668 
f 1606/312/1606 1605/310/1605 1669/380/1669 
f 1599/298/1599 1648/357/1648 1659/368/1659 
f 1606/312/1606 1590/286/1590 1565/283/1565 1559/311/1559 
f 1651/359/1651 1650/360/1650 1590/286/1590 1606/312/1606 
f 1608/316/1608 1652/361/1652 1650/360/1650 1609/315/1609 
f 1612/318/1612 1653/362/1653 1652/361/1652 1608/316/1608 
f 1614/320/1614 1654/363/1654 1653/362/1653 1612/318/1612 
f 1616/322/1616 1655/364/1655 1654/363/1654 1614/320/1614 
f 1649/358/1649 1656/365/1656 1655/364/1655 1616/322/1616 
f 1622/328/1622 1657/366/1657 1660/367/1660 1618/326/1618 
f 1624/332/1624 1661/370/1661 1657/371/1657 1622/331/1622 
f 1626/334/1626 1663/374/1663 1661/370/1661 1624/332/1624 
f 1665/376/1665 1663/374/1663 1626/334/1626 1627/335/1627 
f 1667/378/1667 1665/376/1665 1627/335/1627 1629/337/1629 
f 1670/381/1670 1667/378/1667 1629/337/1629 1631/339/1631 
f 1651/359/1651 1670/381/1670 1631/339/1631 1633/341/1633 
f 1618/326/1618 1660/367/1660 1671/382/1671 1619/325/1619 
f 1620/324/1620 1619/325/1619 1649/358/1649 
f 1598/383/1598 1647/386/1647 331/385/331 330/384/330 
f 1598/293/1598 1597/294/1597 1648/357/1648 1647/356/1647 
f 1597/294/1597 1656/365/1656 1671/382/1671 1648/357/1648 
f 1656/365/1656 1649/358/1649 1619/325/1619 1671/382/1671 
f 332/387/332 220/253/220 1564/254/1564 1593/388/1593 
f 1596/389/1596 333/390/333 332/387/332 1593/388/1593 
f 1529/193/1529 1553/235/1553 1506/168/1506 
f 1544/224/1544 1519/181/1519 1517/179/1517 
f 1519/184/1519 1544/229/1544 1546/226/1546 1521/183/1521 
f 1521/183/1521 1546/226/1546 1548/230/1548 1523/187/1523 
f 1525/189/1525 1528/190/1528 1552/233/1552 1551/234/1551 
f 1529/193/1529 1525/189/1525 1551/234/1551 1553/235/1553 
f 1552/233/1552 1528/190/1528 1523/187/1523 1548/230/1548 
f 1554/236/1554 1550/232/1550 1672/392/1672 1673/391/1673 
f 1674/393/1674 1537/218/1537 1554/236/1554 1673/391/1673 
f 1675/394/1675 1538/217/1538 1537/218/1537 1674/393/1674 
f 1676/395/1676 1539/219/1539 1538/217/1538 1675/394/1675 
f 1677/396/1677 1540/220/1540 1539/219/1539 1676/395/1676 
f 1678/397/1678 1541/221/1541 1540/220/1540 1677/396/1677 
f 1679/398/1679 1542/222/1542 1541/221/1541 1678/397/1678 
f 1680/399/1680 1543/223/1543 1542/222/1542 1679/398/1679 
f 1681/400/1681 1545/225/1545 1543/223/1543 1680/399/1680 
f 1682/401/1682 1547/227/1547 1545/228/1545 1681/402/1681 
f 1683/403/1683 1549/231/1549 1547/227/1547 1682/401/1682 
f 1550/232/1550 1549/231/1549 1683/403/1683 1672/392/1672 
f 1684/404/1684 1685/407/1685 1686/406/1686 1687/405/1687 
f 1688/408/1688 1685/407/1685 1684/404/1684 1689/409/1689 
f 1690/410/1690 1688/408/1688 1689/409/1689 1691/411/1691 
f 1692/412/1692 1690/410/1690 1691/411/1691 1693/413/1693 
f 1694/414/1694 1692/412/1692 1693/413/1693 1695/415/1695 
f 1696/416/1696 1694/414/1694 1695/415/1695 1697/417/1697 
f 1698/418/1698 1696/416/1696 1697/417/1697 1699/419/1699 
f 1700/420/1700 1701/421/1701 1698/418/1698 1699/419/1699 
f 1702/422/1702 1703/423/1703 1701/421/1701 1700/420/1700 
f 1704/424/1704 1705/427/1705 1703/426/1703 1702/425/1702 
f 1706/428/1706 1707/429/1707 1705/427/1705 1704/424/1704 
f 1687/405/1687 1686/406/1686 1707/429/1707 1706/428/1706 
f 1708/430/1708 1709/433/1709 1710/432/1710 1711/431/1711 
f 1712/434/1712 1708/430/1708 1711/431/1711 1713/435/1713 
f 1712/434/1712 1713/435/1713 1714/437/1714 1715/436/1715 
f 1715/436/1715 1714/437/1714 1716/439/1716 1717/438/1717 
f 1717/438/1717 1716/439/1716 1718/441/1718 1719/440/1719 
f 1719/440/1719 1718/441/1718 1720/443/1720 1721/442/1721 
f 1721/442/1721 1720/443/1720 1722/445/1722 1723/444/1723 
f 1723/444/1723 1722/445/1722 1724/447/1724 1725/446/1725 
f 1725/446/1725 1724/447/1724 1726/449/1726 1727/448/1727 
f 1727/450/1727 1726/453/1726 1728/452/1728 1729/451/1729 
f 1729/451/1729 1728/452/1728 1730/455/1730 1731/454/1731 
f 1709/433/1709 1731/454/1731 1730/455/1730 1710/432/1710 
f 1732/456/1732 1733/457/1733 1711/431/1711 1710/432/1710 
f 1733/457/1733 1734/458/1734 1713/435/1713 1711/431/1711 
f 1734/458/1734 1735/459/1735 1714/437/1714 1713/435/1713 
f 1736/460/1736 1716/439/1716 1714/437/1714 1735/459/1735 
f 1737/461/1737 1718/441/1718 1716/439/1716 1736/460/1736 
f 1738/462/1738 1720/443/1720 1718/441/1718 1737/461/1737 
f 1739/463/1739 1722/445/1722 1720/443/1720 1738/462/1738 
f 1740/464/1740 1724/447/1724 1722/445/1722 1739/463/1739 
f 1741/465/1741 1726/449/1726 1724/447/1724 1740/464/1740 
f 1741/466/1741 1742/467/1742 1728/452/1728 1726/453/1726 
f 1742/467/1742 1743/468/1743 1730/455/1730 1728/452/1728 
f 1743/468/1743 1732/456/1732 1710/432/1710 1730/455/1730 
f 1733/457/1733 1732/456/1732 1686/406/1686 1685/407/1685 
f 1734/458/1734 1733/457/1733 1685/407/1685 1688/408/1688 
f 1735/459/1735 1734/458/1734 1688/408/1688 1690/410/1690 
f 1692/412/1692 1736/460/1736 1735/459/1735 1690/410/1690 
f 1694/414/1694 1737/461/1737 1736/460/1736 1692/412/1692 
f 1696/416/1696 1738/462/1738 1737/461/1737 1694/414/1694 
f 1698/418/1698 1739/463/1739 1738/462/1738 1696/416/1696 
f 1701/421/1701 1740/464/1740 1739/463/1739 1698/418/1698 
f 1703/423/1703 1741/465/1741 1740/464/1740 1701/421/1701 
f 1705/427/1705 1742/467/1742 1741/466/1741 1703/426/1703 
f 1707/429/1707 1743/468/1743 1742/467/1742 1705/427/1705 
f 1732/456/1732 1743/468/1743 1707/429/1707 1686/406/1686 
f 1673/391/1673 1672/392/1672 1709/433/1709 1708/430/1708 
f 1712/434/1712 1674/393/1674 1673/391/1673 1708/430/1708 
f 1715/436/1715 1675/394/1675 1674/393/1674 1712/434/1712 
f 1717/438/1717 1676/395/1676 1675/394/1675 1715/436/1715 
f 1719/440/1719 1677/396/1677 1676/395/1676 1717/438/1717 
f 1721/442/1721 1678/397/1678 1677/396/1677 1719/440/1719 
f 1723/444/1723 1679/398/1679 1678/397/1678 1721/442/1721 
f 1725/446/1725 1680/399/1680 1679/398/1679 1723/444/1723 
f 1727/448/1727 1681/400/1681 1680/399/1680 1725/446/1725 
f 1729/451/1729 1682/401/1682 1681/402/1681 1727/450/1727 
f 1731/454/1731 1683/403/1683 1682/401/1682 1729/451/1729 
f 1709/433/1709 1672/392/1672 1683/403/1683 1731/454/1731 
f 1744/469/1744 1745/472/1745 1746/471/1746 1747/470/1747 
f 1748/473/1748 1747/470/1747 1746/471/1746 1749/474/1749 
f 1750/475/1750 1748/473/1748 1749/474/1749 1751/476/1751 
f 1752/477/1752 1750/475/1750 1751/476/1751 1753/478/1753 
f 1754/479/1754 1752/477/1752 1753/478/1753 1755/480/1755 
f 1756/481/1756 1754/479/1754 1755/480/1755 1757/482/1757 
f 1758/483/1758 1756/481/1756 1757/482/1757 1759/484/1759 
f 1760/485/1760 1758/483/1758 1759/484/1759 1761/486/1761 
f 1760/485/1760 1761/486/1761 1762/488/1762 1763/487/1763 
f 1763/489/1763 1762/492/1762 1764/491/1764 1765/490/1765 
f 1765/490/1765 1764/491/1764 1766/494/1766 1767/493/1767 
f 1767/493/1767 1766/494/1766 1745/472/1745 1744/469/1744 
f 1746/471/1746 1745/472/1745 1768/496/1768 1769/495/1769 
f 1749/474/1749 1746/471/1746 1769/495/1769 1770/497/1770 
f 1751/476/1751 1749/474/1749 1770/497/1770 1771/498/1771 
f 1753/478/1753 1751/476/1751 1771/498/1771 1772/499/1772 
f 1755/480/1755 1753/478/1753 1772/499/1772 1773/500/1773 
f 1757/482/1757 1755/480/1755 1773/500/1773 1774/501/1774 
f 1759/484/1759 1757/482/1757 1774/501/1774 1775/502/1775 
f 1761/486/1761 1759/484/1759 1775/502/1775 1776/503/1776 
f 1762/488/1762 1761/486/1761 1776/503/1776 1777/504/1777 
f 1778/505/1778 1764/491/1764 1762/492/1762 1777/506/1777 
f 1779/507/1779 1766/494/1766 1764/491/1764 1778/505/1778 
f 1768/496/1768 1745/472/1745 1766/494/1766 1779/507/1779 
f 1747/470/1747 1684/404/1684 1687/405/1687 1744/469/1744 
f 1748/473/1748 1689/409/1689 1684/404/1684 1747/470/1747 
f 1691/411/1691 1689/409/1689 1748/473/1748 1750/475/1750 
f 1693/413/1693 1691/411/1691 1750/475/1750 1752/477/1752 
f 1695/415/1695 1693/413/1693 1752/477/1752 1754/479/1754 
f 1697/417/1697 1695/415/1695 1754/479/1754 1756/481/1756 
f 1699/419/1699 1697/417/1697 1756/481/1756 1758/483/1758 
f 1700/420/1700 1699/419/1699 1758/483/1758 1760/485/1760 
f 1763/487/1763 1702/422/1702 1700/420/1700 1760/485/1760 
f 1765/490/1765 1704/424/1704 1702/425/1702 1763/489/1763 
f 1767/493/1767 1706/428/1706 1704/424/1704 1765/490/1765 
f 1744/469/1744 1687/405/1687 1706/428/1706 1767/493/1767 
f 1780/508/1780 1781/511/1781 1782/510/1782 1783/509/1783 
f 1784/512/1784 1785/513/1785 1781/511/1781 1780/508/1780 
f 1786/514/1786 1787/515/1787 1785/513/1785 1784/512/1784 
f 1786/516/1786 1788/519/1788 1789/518/1789 1787/517/1787 
f 1788/519/1788 1790/521/1790 1791/520/1791 1789/518/1789 
f 1792/522/1792 1793/523/1793 1791/520/1791 1790/521/1790 
f 1792/522/1792 1794/525/1794 1795/524/1795 1793/523/1793 
f 1794/525/1794 1796/527/1796 1797/526/1797 1795/524/1795 
f 1796/527/1796 1798/529/1798 1799/528/1799 1797/526/1797 
f 1798/529/1798 1800/531/1800 1801/530/1801 1799/528/1799 
f 1800/531/1800 1802/533/1802 1803/532/1803 1801/530/1801 
f 1802/533/1802 1783/509/1783 1782/510/1782 1803/532/1803 
f 1804/534/1804 1805/537/1805 1806/536/1806 1807/535/1807 
f 1805/537/1805 1808/539/1808 1809/538/1809 1806/536/1806 
f 1808/539/1808 1810/541/1810 1811/540/1811 1809/538/1809 
f 1812/542/1812 1813/545/1813 1811/544/1811 1810/543/1810 
f 1814/546/1814 1815/547/1815 1813/545/1813 1812/542/1812 
f 1816/548/1816 1817/549/1817 1815/547/1815 1814/546/1814 
f 1818/550/1818 1819/551/1819 1817/549/1817 1816/548/1816 
f 1820/552/1820 1821/553/1821 1819/551/1819 1818/550/1818 
f 1820/552/1820 1822/555/1822 1823/554/1823 1821/553/1821 
f 1822/555/1822 1824/557/1824 1825/556/1825 1823/554/1823 
f 1824/557/1824 1826/559/1826 1827/558/1827 1825/556/1825 
f 1826/559/1826 1804/534/1804 1807/535/1807 1827/558/1827 
f 1807/535/1807 1806/536/1806 1828/561/1828 1829/560/1829 
f 1806/536/1806 1809/538/1809 1830/562/1830 1828/561/1828 
f 1809/538/1809 1811/540/1811 1831/563/1831 1830/562/1830 
f 1813/545/1813 1832/565/1832 1831/564/1831 1811/544/1811 
f 1815/547/1815 1833/566/1833 1832/565/1832 1813/545/1813 
f 1817/549/1817 1834/567/1834 1833/566/1833 1815/547/1815 
f 1819/551/1819 1835/568/1835 1834/567/1834 1817/549/1817 
f 1821/553/1821 1836/569/1836 1835/568/1835 1819/551/1819 
f 1823/554/1823 1837/570/1837 1836/569/1836 1821/553/1821 
f 1823/554/1823 1825/556/1825 1838/571/1838 1837/570/1837 
f 1825/556/1825 1827/558/1827 1839/572/1839 1838/571/1838 
f 1827/558/1827 1807/535/1807 1829/560/1829 1839/572/1839 
f 1829/560/1829 1828/561/1828 1840/574/1840 1841/573/1841 
f 1828/561/1828 1830/562/1830 1842/575/1842 1840/574/1840 
f 1830/562/1830 1831/563/1831 1843/576/1843 1842/575/1842 
f 1831/564/1831 1832/565/1832 1844/578/1844 1843/577/1843 
f 1832/565/1832 1833/566/1833 1845/579/1845 1844/578/1844 
f 1833/566/1833 1834/567/1834 1846/580/1846 1845/579/1845 
f 1835/568/1835 1847/581/1847 1846/580/1846 1834/567/1834 
f 1836/569/1836 1848/582/1848 1847/581/1847 1835/568/1835 
f 1837/570/1837 1849/583/1849 1848/582/1848 1836/569/1836 
f 1838/571/1838 1850/584/1850 1849/583/1849 1837/570/1837 
f 1838/571/1838 1839/572/1839 1851/585/1851 1850/584/1850 
f 1839/572/1839 1829/560/1829 1841/573/1841 1851/585/1851 
f 1566/257/1566 1852/587/1852 1853/586/1853 1567/260/1567 
f 1571/261/1571 1854/588/1854 1852/587/1852 1566/257/1566 
f 1571/261/1571 1573/263/1573 1855/589/1855 1854/588/1854 
f 1573/265/1573 1575/266/1575 1856/591/1856 1855/590/1855 
f 1575/266/1575 1577/269/1577 1857/592/1857 1856/591/1856 
f 1579/271/1579 1858/593/1858 1857/592/1857 1577/269/1577 
f 1581/273/1581 1859/594/1859 1858/593/1858 1579/271/1579 
f 1583/275/1583 1860/595/1860 1859/594/1859 1581/273/1581 
f 1584/277/1584 1861/596/1861 1860/595/1860 1583/275/1583 
f 1584/277/1584 1586/279/1586 1862/597/1862 1861/596/1861 
f 1586/279/1586 1588/281/1588 1863/598/1863 1862/597/1862 
f 1588/281/1588 1567/260/1567 1853/586/1853 1863/598/1863 
f 1783/509/1783 1853/586/1853 1852/587/1852 1780/508/1780 
f 1780/508/1780 1852/587/1852 1854/588/1854 1784/512/1784 
f 1784/512/1784 1854/588/1854 1855/589/1855 1786/514/1786 
f 1788/519/1788 1786/516/1786 1855/590/1855 1856/591/1856 
f 1790/521/1790 1788/519/1788 1856/591/1856 1857/592/1857 
f 1792/522/1792 1790/521/1790 1857/592/1857 1858/593/1858 
f 1794/525/1794 1792/522/1792 1858/593/1858 1859/594/1859 
f 1796/527/1796 1794/525/1794 1859/594/1859 1860/595/1860 
f 1798/529/1798 1796/527/1796 1860/595/1860 1861/596/1861 
f 1798/529/1798 1861/596/1861 1862/597/1862 1800/531/1800 
f 1800/531/1800 1862/597/1862 1863/598/1863 1802/533/1802 
f 1802/533/1802 1863/598/1863 1853/586/1853 1783/509/1783 
f 1782/510/1782 1781/511/1781 1805/537/1805 1804/534/1804 
f 1781/511/1781 1785/513/1785 1808/539/1808 1805/537/1805 
f 1787/515/1787 1810/541/1810 1808/539/1808 1785/513/1785 
f 1789/518/1789 1812/542/1812 1810/543/1810 1787/517/1787 
f 1791/520/1791 1814/546/1814 1812/542/1812 1789/518/1789 
f 1793/523/1793 1816/548/1816 1814/546/1814 1791/520/1791 
f 1795/524/1795 1818/550/1818 1816/548/1816 1793/523/1793 
f 1797/526/1797 1820/552/1820 1818/550/1818 1795/524/1795 
f 1797/526/1797 1799/528/1799 1822/555/1822 1820/552/1820 
f 1799/528/1799 1801/530/1801 1824/557/1824 1822/555/1822 
f 1801/530/1801 1803/532/1803 1826/559/1826 1824/557/1824 
f 1803/532/1803 1782/510/1782 1804/534/1804 1826/559/1826 
f 526/599/526 527/600/527 1558/245/1558 1429/83/1429 
f 1467/127/1467 1478/136/1478 1480/139/1480 
f 1424/78/1424 1438/97/1438 1441/98/1441 1423/77/1423 
f 1467/127/1467 1423/77/1423 1441/98/1441 1478/136/1478 
f 1438/97/1438 1424/78/1424 1490/152/1490 
f 1864/601/1864 1865/604/1865 1866/603/1866 1867/602/1867 
f 1865/604/1865 1868/606/1868 1869/605/1869 1866/603/1866 
f 1870/607/1870 1871/609/1871 1872/608/1872 
f 1864/601/1864 1867/602/1867 1873/611/1873 1874/610/1874 
f 1875/612/1875 1876/615/1876 1877/614/1877 1878/613/1878 
f 1879/616/1879 1880/619/1880 1881/618/1881 1882/617/1882 
f 1883/620/1883 1884/623/1884 1885/622/1885 1886/621/1886 
f 1887/624/1887 1882/617/1882 1888/626/1888 1889/625/1889 
f 1890/627/1890 1883/620/1883 1886/621/1886 1891/628/1891 
f 1892/629/1892 1893/631/1893 1894/630/1894 1881/618/1881 
f 1884/623/1884 1895/633/1895 1896/632/1896 1885/622/1885 
f 1897/634/1897 1898/637/1898 1899/636/1899 1900/635/1900 
f 1901/638/1901 1888/626/1888 1877/640/1877 1876/639/1876 
f 1902/641/1902 1899/636/1899 1894/630/1894 1903/642/1903 
f 1904/643/1904 1905/644/1905 1896/632/1896 1873/611/1873 
f 1870/607/1870 1872/608/1872 1898/637/1898 1897/634/1897 
f 1906/645/1906 1907/648/1907 1908/647/1908 1909/646/1909 
f 1910/649/1910 1911/652/1911 1912/651/1912 1913/650/1913 
f 1914/653/1914 1915/654/1915 1907/648/1907 1906/645/1906 
f 1878/613/1878 1911/652/1911 1916/656/1916 1917/655/1917 
f 1909/646/1909 1908/647/1908 1918/658/1918 1919/657/1919 
f 1920/659/1920 1912/651/1912 1921/661/1921 1922/660/1922 
f 1923/662/1923 1924/665/1924 1925/664/1925 1926/663/1926 
f 1927/666/1927 1928/668/1928 1929/667/1929 1915/654/1915 
f 1918/658/1918 1930/669/1930 1924/665/1924 1923/662/1923 
f 1921/661/1921 1931/671/1931 1932/670/1932 1872/608/1872 
f 1904/643/1904 1926/663/1926 1925/664/1925 1932/670/1932 
f 1877/614/1877 1928/673/1928 1933/672/1933 1878/613/1878 
f 1881/618/1881 1934/675/1934 1935/674/1935 1882/617/1882 
f 1936/676/1936 1937/679/1937 1938/678/1938 1939/677/1939 
f 1882/617/1882 1935/674/1935 1929/667/1929 1888/626/1888 
f 1940/680/1940 1936/676/1936 1939/677/1939 1933/672/1933 
f 1894/630/1894 1930/669/1930 1934/675/1934 1881/618/1881 
f 1937/679/1937 1905/644/1905 1931/671/1931 1938/678/1938 
f 1865/604/1865 1864/601/1864 1777/682/1777 1776/681/1776 
f 1868/606/1868 1865/604/1865 1776/681/1776 1775/683/1775 
f 1941/684/1941 1868/606/1868 1775/683/1775 1774/685/1774 
f 1941/684/1941 1774/685/1774 1773/687/1773 1942/686/1942 
f 1942/686/1942 1773/687/1773 1772/689/1772 1943/688/1943 
f 1944/690/1944 1943/688/1943 1772/689/1772 1771/691/1771 
f 1944/692/1944 1771/694/1771 1770/693/1770 1890/627/1890 
f 1883/620/1883 1890/627/1890 1770/693/1770 1769/695/1769 
f 1884/623/1884 1883/620/1883 1769/695/1769 1768/696/1768 
f 1895/633/1895 1884/623/1884 1768/696/1768 1779/697/1779 
f 1895/633/1895 1779/697/1779 1778/698/1778 1874/610/1874 
f 1864/601/1864 1874/610/1874 1778/698/1778 1777/682/1777 
f 1945/699/1945 1943/688/1943 1946/701/1946 1947/700/1947 
f 1915/654/1915 1948/703/1948 1949/702/1949 1927/666/1927 
f 1927/704/1927 1949/706/1949 1950/705/1950 1940/680/1940 
f 1940/680/1940 1950/705/1950 1951/707/1951 1891/628/1891 
f 1944/692/1944 1890/627/1890 1952/709/1952 1953/708/1953 
f 1943/688/1943 1944/690/1944 1953/710/1953 1946/701/1946 
f 1887/624/1887 1954/711/1954 1882/617/1882 
f 1955/712/1955 1916/656/1916 1911/652/1911 
f 1954/711/1954 1887/624/1887 1956/714/1956 1957/713/1957 
f 1957/715/1957 1956/716/1956 1916/656/1916 1955/712/1955 
f 1958/717/1958 1922/660/1922 1921/661/1921 
f 1880/619/1880 1959/718/1959 1881/618/1881 
f 1893/631/1893 1903/642/1903 1894/630/1894 
f 1960/719/1960 1913/650/1913 1912/651/1912 
f 1903/642/1903 1893/631/1893 1961/721/1961 1962/720/1962 
f 1962/722/1962 1961/723/1961 1922/660/1922 1958/717/1958 
f 1880/619/1880 1963/725/1963 1964/724/1964 1959/718/1959 
f 1913/650/1913 1960/719/1960 1964/727/1964 1963/726/1963 
f 1926/663/1926 1867/602/1867 1866/603/1866 1923/662/1923 
f 1866/603/1866 1869/605/1869 1919/657/1919 
f 1904/643/1904 1873/611/1873 1867/602/1867 1926/663/1926 
f 1886/621/1886 1885/622/1885 1937/679/1937 1936/676/1936 
f 1891/628/1891 1886/621/1886 1936/676/1936 1940/680/1940 
f 1885/622/1885 1896/632/1896 1905/644/1905 1937/679/1937 
f 1874/610/1874 1873/611/1873 1896/632/1896 1895/633/1895 
f 1942/686/1942 1965/729/1965 1966/728/1966 1941/684/1941 
f 1943/688/1943 1945/699/1945 1965/729/1965 1942/686/1942 
f 1966/728/1966 1869/605/1869 1868/606/1868 1941/684/1941 
f 1914/653/1914 1945/699/1945 1947/700/1947 1967/730/1967 
f 1891/628/1891 1951/707/1951 1952/709/1952 1890/627/1890 
f 1947/700/1947 1946/701/1946 1968/732/1968 1969/731/1969 
f 1947/700/1947 1969/731/1969 1967/730/1967 
f 1948/703/1948 1970/734/1970 1971/733/1971 1949/702/1949 
f 1949/706/1949 1971/736/1971 1972/735/1972 1950/705/1950 
f 1950/705/1950 1972/735/1972 1973/737/1973 1951/707/1951 
f 1951/707/1951 1973/737/1973 1974/738/1974 1952/709/1952 
f 1952/709/1952 1974/738/1974 1975/739/1975 1953/708/1953 
f 1946/701/1946 1953/710/1953 1975/740/1975 1968/732/1968 
f 1878/613/1878 1917/655/1917 1875/612/1875 
f 1889/625/1889 1888/626/1888 1901/638/1901 
f 1901/638/1901 1976/742/1976 1977/741/1977 1889/625/1889 
f 1917/655/1917 1916/656/1916 1978/744/1978 1979/743/1979 
f 1980/745/1980 1981/746/1981 1876/615/1876 1875/612/1875 
f 1876/639/1876 1981/747/1981 1976/742/1976 1901/638/1901 
f 1889/625/1889 1977/741/1977 1982/748/1982 1887/624/1887 
f 1982/748/1982 1983/749/1983 1956/714/1956 1887/624/1887 
f 1956/716/1956 1983/750/1983 1978/744/1978 1916/656/1916 
f 1979/743/1979 1980/745/1980 1875/612/1875 1917/655/1917 
f 1911/652/1911 1910/649/1910 1955/712/1955 
f 1879/616/1879 1882/617/1882 1954/711/1954 
f 1879/616/1879 1984/752/1984 1985/751/1985 1880/619/1880 
f 1963/725/1963 1880/619/1880 1985/751/1985 1986/753/1986 
f 1963/726/1963 1986/755/1986 1987/754/1987 1913/650/1913 
f 1910/649/1910 1988/757/1988 1989/756/1989 1955/712/1955 
f 1957/715/1957 1955/712/1955 1989/756/1989 1990/758/1990 
f 1957/713/1957 1990/760/1990 1991/759/1991 1954/711/1954 
f 1954/711/1954 1991/759/1991 1984/752/1984 1879/616/1879 
f 1910/649/1910 1913/650/1913 1987/754/1987 1988/757/1988 
f 1912/651/1912 1920/659/1920 1960/719/1960 
f 1892/629/1892 1881/618/1881 1959/718/1959 
f 1892/629/1892 1992/762/1992 1993/761/1993 1893/631/1893 
f 1961/721/1961 1893/631/1893 1993/761/1993 1994/763/1994 
f 1961/723/1961 1994/765/1994 1995/764/1995 1922/660/1922 
f 1960/719/1960 1920/659/1920 1996/767/1996 1997/766/1997 
f 1964/727/1964 1960/719/1960 1997/766/1997 1998/768/1998 
f 1964/724/1964 1998/770/1998 1999/769/1999 1959/718/1959 
f 1892/629/1892 1959/718/1959 1999/769/1999 1992/762/1992 
f 1920/659/1920 1922/660/1922 1995/764/1995 1996/767/1996 
f 2000/771/2000 2001/774/2001 2002/773/2002 2003/772/2003 
f 2004/775/2004 2003/778/2003 2002/777/2002 2005/776/2005 
f 2003/772/2003 2006/779/2006 2000/771/2000 
f 2004/775/2004 2007/780/2007 2006/779/2006 2003/778/2003 
f 2008/781/2008 2009/784/2009 2010/783/2010 2011/782/2011 
f 2008/781/2008 2012/786/2012 2013/785/2013 2009/784/2009 
f 2012/787/2012 2014/789/2014 2013/788/2013 
f 2012/787/2012 2015/790/2015 2001/774/2001 2014/789/2014 
f 2011/782/2011 2015/791/2015 2012/786/2012 2008/781/2008 
f 2004/775/2004 2005/776/2005 2016/792/2016 2007/780/2007 
f 1921/661/1921 1872/608/1872 1871/609/1871 1958/717/1958 
f 1899/636/1899 1902/641/1902 1900/635/1900 
f 1900/635/1900 2017/794/2017 2018/793/2018 1897/634/1897 
f 1870/607/1870 1897/634/1897 2018/793/2018 2019/795/2019 
f 1958/717/1958 1871/609/1871 2020/797/2020 2021/796/2021 
f 1962/722/1962 1958/717/1958 2021/796/2021 2022/798/2022 
f 1962/720/1962 2022/800/2022 2023/799/2023 1903/642/1903 
f 1902/641/1902 2024/801/2024 2017/794/2017 1900/635/1900 
f 1871/609/1871 1870/607/1870 2019/795/2019 2020/797/2020 
f 1902/641/1902 1903/642/1903 2023/799/2023 2024/801/2024 
f 2025/802/2025 2026/805/2026 2027/804/2027 2028/803/2028 
f 2028/803/2028 2027/804/2027 2029/807/2029 2030/806/2030 
f 2031/808/2031 2032/811/2032 2033/810/2033 2034/809/2034 
f 2035/812/2035 2031/808/2031 2034/809/2034 2036/813/2036 
f 2037/814/2037 2035/817/2035 2036/816/2036 2038/815/2038 
f 2039/818/2039 2040/819/2040 2026/805/2026 2025/802/2025 
f 2030/806/2030 2029/807/2029 2033/810/2033 2032/811/2032 
f 2039/818/2039 2037/814/2037 2038/815/2038 2040/819/2040 
f 2041/820/2041 2042/821/2042 2027/804/2027 2026/805/2026 
f 2042/821/2042 2043/822/2043 2029/807/2029 2027/804/2027 
f 2044/823/2044 2034/809/2034 2033/810/2033 2045/824/2045 
f 2044/823/2044 2046/825/2046 2036/813/2036 2034/809/2034 
f 2046/826/2046 2047/827/2047 2038/815/2038 2036/816/2036 
f 2048/828/2048 2041/820/2041 2026/805/2026 2040/819/2040 
f 2043/822/2043 2045/824/2045 2033/810/2033 2029/807/2029 
f 2047/827/2047 2048/828/2048 2040/819/2040 2038/815/2038 
f 2049/829/2049 2018/793/2018 2017/794/2017 2050/830/2050 
f 2019/795/2019 2018/793/2018 2049/829/2049 2051/831/2051 
f 2021/796/2021 2020/797/2020 2052/833/2052 2053/832/2053 
f 2022/798/2022 2021/796/2021 2053/832/2053 2054/834/2054 
f 2055/835/2055 2023/799/2023 2022/800/2022 2054/836/2054 
f 2050/830/2050 2017/794/2017 2024/801/2024 2056/837/2056 
f 2020/797/2020 2019/795/2019 2051/831/2051 2052/833/2052 
f 2056/837/2056 2024/801/2024 2023/799/2023 2055/835/2055 
f 2057/838/2057 2000/771/2000 2006/779/2006 2058/839/2058 
f 2058/839/2058 2006/779/2006 2007/780/2007 2059/840/2059 
f 2010/783/2010 2009/784/2009 2060/842/2060 2061/841/2061 
f 2009/784/2009 2013/785/2013 2062/843/2062 2060/842/2060 
f 2013/788/2013 2014/789/2014 2063/845/2063 2062/844/2062 
f 2064/846/2064 2001/774/2001 2000/771/2000 2057/838/2057 
f 2059/840/2059 2007/780/2007 2016/792/2016 2061/841/2061 
f 2014/789/2014 2001/774/2001 2064/846/2064 2063/845/2063 
f 2065/847/2065 2057/838/2057 2058/839/2058 2066/848/2066 
f 2066/848/2066 2058/839/2058 2059/840/2059 2067/849/2067 
f 2068/850/2068 2061/841/2061 2060/842/2060 2069/851/2069 
f 2060/842/2060 2062/843/2062 2070/852/2070 2069/851/2069 
f 2062/844/2062 2063/845/2063 2071/854/2071 2070/853/2070 
f 2072/855/2072 2064/846/2064 2057/838/2057 2065/847/2065 
f 2059/840/2059 2061/841/2061 2068/850/2068 2067/849/2067 
f 2063/845/2063 2064/846/2064 2072/855/2072 2071/854/2071 
f 2028/803/2028 2073/857/2073 2074/856/2074 2025/802/2025 
f 2030/806/2030 2075/858/2075 2073/857/2073 2028/803/2028 
f 2032/811/2032 2031/808/2031 2076/860/2076 2077/859/2077 
f 2031/808/2031 2035/812/2035 2078/861/2078 2076/860/2076 
f 2035/817/2035 2037/814/2037 2079/863/2079 2078/862/2078 
f 2025/802/2025 2074/856/2074 2080/864/2080 2039/818/2039 
f 2032/811/2032 2077/859/2077 2075/858/2075 2030/806/2030 
f 2037/814/2037 2039/818/2039 2080/864/2080 2079/863/2079 
f 2050/830/2050 2074/856/2074 2073/857/2073 2049/829/2049 
f 2049/829/2049 2073/857/2073 2075/858/2075 2051/831/2051 
f 2053/832/2053 2052/833/2052 2077/859/2077 2076/860/2076 
f 2054/834/2054 2053/832/2053 2076/860/2076 2078/861/2078 
f 2055/835/2055 2054/836/2054 2078/862/2078 2079/863/2079 
f 2050/830/2050 2056/837/2056 2080/864/2080 2074/856/2074 
f 2052/833/2052 2051/831/2051 2075/858/2075 2077/859/2077 
f 2056/837/2056 2055/835/2055 2079/863/2079 2080/864/2080 
f 2042/821/2042 2041/820/2041 2081/866/2081 2082/865/2082 
f 2043/822/2043 2042/821/2042 2082/865/2082 2083/867/2083 
f 2045/824/2045 2084/869/2084 2085/868/2085 2044/823/2044 
f 2044/823/2044 2085/868/2085 2086/870/2086 2046/825/2046 
f 2047/827/2047 2046/826/2046 2086/872/2086 2087/871/2087 
f 2041/820/2041 2048/828/2048 2088/873/2088 2081/866/2081 
f 2043/822/2043 2083/867/2083 2084/869/2084 2045/824/2045 
f 2048/828/2048 2047/827/2047 2087/871/2087 2088/873/2088 
f 2066/848/2066 2082/865/2082 2081/866/2081 2065/847/2065 
f 2067/849/2067 2083/867/2083 2082/865/2082 2066/848/2066 
f 2068/850/2068 2069/851/2069 2085/868/2085 2084/869/2084 
f 2069/851/2069 2070/852/2070 2086/870/2086 2085/868/2085 
f 2070/853/2070 2071/854/2071 2087/871/2087 2086/872/2086 
f 2065/847/2065 2081/866/2081 2088/873/2088 2072/855/2072 
f 2068/850/2068 2084/869/2084 2083/867/2083 2067/849/2067 
f 2071/854/2071 2072/855/2072 2088/873/2088 2087/871/2087 
f 2016/792/2016 2010/783/2010 2061/841/2061 
f 2001/774/2001 2015/790/2015 2002/773/2002 
f 2005/776/2005 2002/777/2002 2015/791/2015 2011/782/2011 
f 2011/782/2011 2010/783/2010 2016/792/2016 2005/776/2005 
f 2089/874/2089 2090/877/2090 2091/876/2091 2092/875/2092 
f 2093/878/2093 2094/881/2094 2095/880/2095 2096/879/2096 
f 2091/882/2091 2097/885/2097 2098/884/2098 2092/883/2092 
f 2091/882/2091 2099/886/2099 2097/885/2097 
f 2090/877/2090 2100/888/2100 2099/887/2099 2091/876/2091 
f 2101/889/2101 2102/892/2102 2103/891/2103 2104/890/2104 
f 2101/889/2101 2105/894/2105 2106/893/2106 2102/892/2102 
f 2105/895/2105 2107/897/2107 2106/896/2106 
f 2108/898/2108 1981/746/1981 1980/745/1980 2109/899/2109 
f 2110/900/2110 1976/742/1976 1981/747/1981 2108/901/2108 
f 2111/902/2111 1982/748/1982 1977/741/1977 2112/903/2112 
f 2113/904/2113 1983/749/1983 1982/748/1982 2111/902/2111 
f 2114/905/2114 1978/744/1978 1983/750/1983 2113/906/2113 
f 2115/907/2115 2109/899/2109 1980/745/1980 1979/743/1979 
f 2116/908/2116 2117/911/2117 2118/910/2118 2119/909/2119 
f 2117/912/2117 2120/915/2120 2121/914/2121 2122/913/2122 
f 2121/914/2121 2095/918/2095 2094/917/2094 2123/916/2123 
f 2094/917/2094 2124/919/2124 2123/916/2123 
f 2093/878/2093 2125/921/2125 2124/920/2124 2094/881/2094 
f 2116/908/2116 2119/909/2119 2126/923/2126 2127/922/2127 
f 2116/908/2116 2127/922/2127 2120/924/2120 2117/911/2117 
f 2128/925/2128 2129/928/2129 2130/927/2130 2131/926/2131 
f 2132/929/2132 2133/932/2133 2134/931/2134 2135/930/2135 
f 2136/933/2136 2137/936/2137 2138/935/2138 2139/934/2139 
f 2131/926/2131 2130/927/2130 2137/938/2137 2136/937/2136 
f 2140/939/2140 2141/940/2141 2129/928/2129 2128/925/2128 
f 2142/941/2142 2143/942/2143 2141/940/2141 2140/939/2140 
f 2132/929/2132 2135/930/2135 2143/944/2143 2142/943/2142 
f 2139/934/2139 2138/935/2138 2134/931/2134 2133/932/2133 
f 2144/945/2144 2145/946/2145 2122/913/2122 2121/914/2121 
f 2146/947/2146 2147/949/2147 2148/948/2148 2125/921/2125 
f 2149/950/2149 2150/953/2150 2151/952/2151 2152/951/2152 
f 2150/954/2150 2153/957/2153 2154/956/2154 2151/955/2151 
f 2155/958/2155 2156/961/2156 2157/960/2157 2158/959/2158 
f 2159/962/2159 2160/963/2160 2156/961/2156 2155/958/2155 
f 2161/964/2161 2162/967/2162 2160/966/2160 2159/965/2159 
f 2163/968/2163 2149/950/2149 2152/951/2152 2164/969/2164 
f 2131/926/2131 2154/956/2154 2157/960/2157 2128/925/2128 
f 2133/932/2133 2132/929/2132 2162/967/2162 2164/969/2164 
f 2139/934/2139 2152/951/2152 2151/952/2151 2136/933/2136 
f 2136/937/2136 2151/955/2151 2154/956/2154 2131/926/2131 
f 2128/925/2128 2157/960/2157 2156/961/2156 2140/939/2140 
f 2142/941/2142 2140/939/2140 2156/961/2156 2160/963/2160 
f 2132/929/2132 2142/943/2142 2160/966/2160 2162/967/2162 
f 2133/932/2133 2164/969/2164 2152/951/2152 2139/934/2139 
f 2158/959/2158 2157/960/2157 2154/956/2154 2153/957/2153 
f 2163/968/2163 2164/969/2164 2162/967/2162 2161/964/2161 
f 2130/927/2130 2129/928/2129 2165/971/2165 2166/970/2166 
f 2167/972/2167 2135/930/2135 2134/931/2134 2168/973/2168 
f 2138/935/2138 2137/936/2137 2169/975/2169 2170/974/2170 
f 2137/938/2137 2130/927/2130 2166/970/2166 2169/976/2169 
f 2165/971/2165 2129/928/2129 2141/940/2141 2171/977/2171 
f 2171/977/2171 2141/940/2141 2143/942/2143 2172/978/2172 
f 2172/979/2172 2143/944/2143 2135/930/2135 2167/972/2167 
f 2134/931/2134 2138/935/2138 2170/974/2170 2168/973/2168 
f 2109/899/2109 2173/981/2173 2174/980/2174 2108/898/2108 
f 2108/901/2108 2174/983/2174 2175/982/2175 2110/900/2110 
f 2112/903/2112 2176/985/2176 2177/984/2177 2111/902/2111 
f 2111/902/2111 2177/984/2177 2178/986/2178 2113/904/2113 
f 2114/905/2114 2113/906/2113 2178/988/2178 2179/987/2179 
f 2115/907/2115 2180/989/2180 2173/981/2173 2109/899/2109 
f 2110/900/2110 2175/982/2175 2176/985/2176 2112/903/2112 
f 2115/907/2115 2114/905/2114 2179/987/2179 2180/989/2180 
f 2166/970/2166 2165/971/2165 2176/985/2176 2175/982/2175 
f 2168/973/2168 2180/989/2180 2179/987/2179 2167/972/2167 
f 2170/974/2170 2169/975/2169 2174/980/2174 2173/981/2173 
f 2169/976/2169 2166/970/2166 2175/982/2175 2174/983/2174 
f 2171/977/2171 2177/984/2177 2176/985/2176 2165/971/2165 
f 2172/978/2172 2178/986/2178 2177/984/2177 2171/977/2171 
f 2167/972/2167 2179/987/2179 2178/988/2178 2172/979/2172 
f 2168/973/2168 2170/974/2170 2173/981/2173 2180/989/2180 
f 2150/953/2150 2149/950/2149 2181/991/2181 2182/990/2182 
f 2153/957/2153 2150/954/2150 2182/992/2182 2145/946/2145 
f 2158/959/2158 2144/945/2144 2183/993/2183 2155/958/2155 
f 2155/958/2155 2183/993/2183 2184/994/2184 2159/962/2159 
f 2159/965/2159 2184/995/2184 2148/948/2148 2161/964/2161 
f 2163/968/2163 2147/949/2147 2181/991/2181 2149/950/2149 
f 2158/959/2158 2153/957/2153 2145/946/2145 2144/945/2144 
f 2163/968/2163 2161/964/2161 2148/948/2148 2147/949/2147 
f 2146/947/2146 2096/879/2096 2127/922/2127 2126/923/2126 
f 2121/914/2121 2120/915/2120 2095/918/2095 
f 2096/879/2096 2095/880/2095 2120/924/2120 2127/922/2127 
f 2181/991/2181 2119/909/2119 2118/910/2118 2182/990/2182 
f 2182/992/2182 2118/996/2118 2122/913/2122 2145/946/2145 
f 2144/945/2144 2121/914/2121 2123/916/2123 2183/993/2183 
f 2123/916/2123 2124/919/2124 2184/994/2184 2183/993/2183 
f 2184/995/2184 2124/920/2124 2125/921/2125 2148/948/2148 
f 2126/923/2126 2119/909/2119 2181/991/2181 2147/949/2147 
f 2146/947/2146 2125/921/2125 2093/878/2093 2096/879/2096 
f 2146/947/2146 2126/923/2126 2147/949/2147 
f 2117/912/2117 2122/913/2122 2118/996/2118 
f 2112/903/2112 1977/741/1977 1976/742/1976 2110/900/2110 
f 1979/743/1979 1978/744/1978 2114/905/2114 2115/907/2115 
f 2104/890/2104 2185/997/2185 2105/894/2105 2101/889/2101 
f 2098/884/2098 2107/897/2107 2105/895/2105 2185/998/2185 
f 2090/877/2090 2089/874/2089 2186/999/2186 2100/888/2100 
f 2187/1000/2187 2188/1003/2188 2189/1002/2189 2190/1001/2190 
f 2190/1001/2190 2189/1002/2189 2191/1005/2191 2192/1004/2192 
f 2192/1006/2192 2191/1009/2191 2193/1008/2193 2194/1007/2194 
f 2195/1010/2195 2196/1013/2196 2197/1012/2197 2198/1011/2198 
f 2199/1014/2199 2195/1010/2195 2198/1011/2198 2200/1015/2200 
f 2199/1016/2199 2200/1019/2200 2201/1018/2201 2202/1017/2202 
f 2202/1017/2202 2201/1018/2201 2188/1003/2188 2187/1000/2187 
f 2194/1007/2194 2193/1008/2193 2197/1012/2197 2196/1013/2196 
f 2203/1020/2203 2204/1023/2204 2205/1022/2205 2206/1021/2206 
f 2207/1024/2207 2208/1025/2208 2204/1023/2204 2203/1020/2203 
f 2209/1026/2209 2210/1029/2210 2208/1028/2208 2207/1027/2207 
f 2211/1030/2211 2212/1033/2212 2213/1032/2213 2214/1031/2214 
f 2215/1034/2215 2216/1035/2216 2213/1032/2213 2212/1033/2212 
f 2217/1036/2217 2218/1039/2218 2216/1038/2216 2215/1037/2215 
f 2206/1021/2206 2205/1022/2205 2218/1039/2218 2217/1036/2217 
f 2211/1030/2211 2214/1031/2214 2210/1029/2210 2209/1026/2209 
f 2190/1001/2190 2219/1041/2219 2220/1040/2220 2187/1000/2187 
f 1986/753/1986 1985/751/1985 2219/1041/2219 2221/1042/2221 
f 1987/754/1987 1986/755/1986 2221/1044/2221 2222/1043/2222 
f 1989/756/1989 1988/757/1988 2223/1046/2223 2224/1045/2224 
f 2199/1014/2199 2225/1047/2225 2224/1045/2224 2195/1010/2195 
f 2202/1017/2202 2226/1049/2226 2225/1048/2225 2199/1016/2199 
f 2187/1000/2187 2220/1040/2220 2226/1049/2226 2202/1017/2202 
f 1988/757/1988 1987/754/1987 2222/1043/2222 2223/1046/2223 
f 2206/1021/2206 2227/1051/2227 2228/1050/2228 2203/1020/2203 
f 2203/1020/2203 2228/1050/2228 2229/1052/2229 2207/1024/2207 
f 2207/1027/2207 2229/1054/2229 2230/1053/2230 2209/1026/2209 
f 2211/1030/2211 2231/1056/2231 2232/1055/2232 2212/1033/2212 
f 2215/1034/2215 2212/1033/2212 2232/1055/2232 2233/1057/2233 
f 2217/1036/2217 2215/1037/2215 2233/1059/2233 2234/1058/2234 
f 2206/1021/2206 2217/1036/2217 2234/1058/2234 2227/1051/2227 
f 2211/1030/2211 2209/1026/2209 2230/1053/2230 2231/1056/2231 
f 2235/1060/2235 2098/884/2098 2097/885/2097 2236/1061/2236 
f 2236/1061/2236 2097/885/2097 2099/886/2099 2237/1062/2237 
f 2237/1063/2237 2099/887/2099 2100/888/2100 2238/1064/2238 
f 2103/891/2103 2102/892/2102 2239/1066/2239 2240/1065/2240 
f 2102/892/2102 2106/893/2106 2241/1067/2241 2239/1066/2239 
f 2106/896/2106 2107/897/2107 2242/1069/2242 2241/1068/2241 
f 2107/897/2107 2098/884/2098 2235/1060/2235 2242/1069/2242 
f 2238/1064/2238 2100/888/2100 2186/999/2186 2240/1065/2240 
f 2185/998/2185 2092/883/2092 2098/884/2098 
f 2186/999/2186 2103/891/2103 2240/1065/2240 
f 2089/874/2089 2092/875/2092 2185/997/2185 2104/890/2104 
f 2104/890/2104 2103/891/2103 2186/999/2186 2089/874/2089 
f 2243/1070/2243 2244/1073/2244 2245/1072/2245 2246/1071/2246 
f 2247/1074/2247 2248/1077/2248 2243/1076/2243 2246/1075/2246 
f 2243/1070/2243 2249/1078/2249 2244/1073/2244 
f 2248/1077/2248 2250/1080/2250 2249/1079/2249 2243/1076/2243 
f 2251/1081/2251 2252/1084/2252 2253/1083/2253 2254/1082/2254 
f 2251/1081/2251 2255/1086/2255 2256/1085/2256 2252/1084/2252 
f 2255/1087/2255 2257/1089/2257 2256/1088/2256 
f 2255/1087/2255 2258/1091/2258 2259/1090/2259 2257/1089/2257 
f 2254/1082/2254 2258/1092/2258 2255/1086/2255 2251/1081/2251 
f 2248/1077/2248 2247/1074/2247 2260/1093/2260 2250/1080/2250 
f 2261/1094/2261 2262/1097/2262 2263/1096/2263 2264/1095/2264 
f 2264/1095/2264 2263/1096/2263 2265/1099/2265 2266/1098/2266 
f 2266/1100/2266 2265/1103/2265 2267/1102/2267 2268/1101/2268 
f 2269/1104/2269 2270/1107/2270 2271/1106/2271 2272/1105/2272 
f 2273/1108/2273 2269/1104/2269 2272/1105/2272 2274/1109/2274 
f 2275/1110/2275 2273/1113/2273 2274/1112/2274 2276/1111/2276 
f 2261/1094/2261 2275/1110/2275 2276/1111/2276 2262/1097/2262 
f 2268/1101/2268 2267/1102/2267 2271/1106/2271 2270/1107/2270 
f 2277/1114/2277 2278/1117/2278 2279/1116/2279 2280/1115/2280 
f 2280/1115/2280 2279/1116/2279 2281/1119/2281 2282/1118/2282 
f 2282/1120/2282 2281/1123/2281 2283/1122/2283 2284/1121/2284 
f 2285/1124/2285 2286/1127/2286 2287/1126/2287 2288/1125/2288 
f 2287/1126/2287 2289/1129/2289 2290/1128/2290 2288/1125/2288 
f 2289/1130/2289 2291/1133/2291 2292/1132/2292 2290/1131/2290 
f 2291/1133/2291 2278/1117/2278 2277/1114/2277 2292/1132/2292 
f 2283/1122/2283 2286/1127/2286 2285/1124/2285 2284/1121/2284 
f 2293/1134/2293 1993/761/1993 1992/762/1992 2294/1135/2294 
f 2295/1136/2295 1994/763/1994 1993/761/1993 2293/1134/2293 
f 2296/1137/2296 1995/764/1995 1994/765/1994 2295/1138/2295 
f 1997/766/1997 1996/767/1996 2297/1140/2297 2298/1139/2298 
f 1998/768/1998 1997/766/1997 2298/1139/2298 2299/1141/2299 
f 2300/1142/2300 1999/769/1999 1998/770/1998 2299/1143/2299 
f 2294/1135/2294 1992/762/1992 1999/769/1999 2300/1142/2300 
f 1996/767/1996 1995/764/1995 2296/1137/2296 2297/1140/2297 
f 2301/1144/2301 2263/1096/2263 2262/1097/2262 2302/1145/2302 
f 2303/1146/2303 2265/1099/2265 2263/1096/2263 2301/1144/2301 
f 2304/1147/2304 2267/1102/2267 2265/1103/2265 2303/1148/2303 
f 2272/1105/2272 2271/1106/2271 2305/1150/2305 2306/1149/2306 
f 2274/1109/2274 2272/1105/2272 2306/1149/2306 2307/1151/2307 
f 2276/1111/2276 2274/1112/2274 2307/1153/2307 2308/1152/2308 
f 2262/1097/2262 2276/1111/2276 2308/1152/2308 2302/1145/2302 
f 2271/1106/2271 2267/1102/2267 2304/1147/2304 2305/1150/2305 
f 2264/1095/2264 2309/1155/2309 2310/1154/2310 2261/1094/2261 
f 2266/1098/2266 2311/1156/2311 2309/1155/2309 2264/1095/2264 
f 2268/1101/2268 2312/1158/2312 2311/1157/2311 2266/1100/2266 
f 2270/1107/2270 2269/1104/2269 2313/1160/2313 2314/1159/2314 
f 2269/1104/2269 2273/1108/2273 2315/1161/2315 2313/1160/2313 
f 2273/1113/2273 2275/1110/2275 2316/1163/2316 2315/1162/2315 
f 2275/1110/2275 2261/1094/2261 2310/1154/2310 2316/1163/2316 
f 2270/1107/2270 2314/1159/2314 2312/1158/2312 2268/1101/2268 
f 2280/1115/2280 2317/1165/2317 2318/1164/2318 2277/1114/2277 
f 2282/1118/2282 2319/1166/2319 2317/1165/2317 2280/1115/2280 
f 2284/1121/2284 2320/1168/2320 2319/1167/2319 2282/1120/2282 
f 2285/1124/2285 2288/1125/2288 2321/1170/2321 2322/1169/2322 
f 2288/1125/2288 2290/1128/2290 2323/1171/2323 2321/1170/2321 
f 2290/1131/2290 2292/1132/2292 2324/1173/2324 2323/1172/2323 
f 2292/1132/2292 2277/1114/2277 2318/1164/2318 2324/1173/2324 
f 2285/1124/2285 2322/1169/2322 2320/1168/2320 2284/1121/2284 
f 2294/1135/2294 2310/1154/2310 2309/1155/2309 2293/1134/2293 
f 2293/1134/2293 2309/1155/2309 2311/1156/2311 2295/1136/2295 
f 2296/1137/2296 2295/1138/2295 2311/1157/2311 2312/1158/2312 
f 2298/1139/2298 2297/1140/2297 2314/1159/2314 2313/1160/2313 
f 2298/1139/2298 2313/1160/2313 2315/1161/2315 2299/1141/2299 
f 2299/1143/2299 2315/1162/2315 2316/1163/2316 2300/1142/2300 
f 2300/1142/2300 2316/1163/2316 2310/1154/2310 2294/1135/2294 
f 2297/1140/2297 2296/1137/2296 2312/1158/2312 2314/1159/2314 
f 2302/1145/2302 2318/1164/2318 2317/1165/2317 2301/1144/2301 
f 2301/1144/2301 2317/1165/2317 2319/1166/2319 2303/1146/2303 
f 2303/1148/2303 2319/1167/2319 2320/1168/2320 2304/1147/2304 
f 2306/1149/2306 2305/1150/2305 2322/1169/2322 2321/1170/2321 
f 2307/1151/2307 2306/1149/2306 2321/1170/2321 2323/1171/2323 
f 2308/1152/2308 2307/1153/2307 2323/1172/2323 2324/1173/2324 
f 2302/1145/2302 2308/1152/2308 2324/1173/2324 2318/1164/2318 
f 2305/1150/2305 2304/1147/2304 2320/1168/2320 2322/1169/2322 
f 2278/1117/2278 2245/1072/2245 2244/1073/2244 2279/1116/2279 
f 2279/1116/2279 2244/1073/2244 2249/1078/2249 2281/1119/2281 
f 2281/1123/2281 2249/1079/2249 2250/1080/2250 2283/1122/2283 
f 2253/1083/2253 2252/1084/2252 2287/1126/2287 2286/1127/2286 
f 2252/1084/2252 2256/1085/2256 2289/1129/2289 2287/1126/2287 
f 2256/1088/2256 2257/1089/2257 2291/1133/2291 2289/1130/2289 
f 2257/1089/2257 2259/1090/2259 2278/1117/2278 2291/1133/2291 
f 2283/1122/2283 2250/1080/2250 2260/1093/2260 2286/1127/2286 
f 2259/1090/2259 2245/1072/2245 2278/1117/2278 
f 2260/1093/2260 2253/1083/2253 2286/1127/2286 
f 2246/1071/2246 2245/1072/2245 2259/1090/2259 2258/1091/2258 
f 2247/1074/2247 2246/1075/2246 2258/1092/2258 2254/1082/2254 
f 2253/1083/2253 2260/1093/2260 2247/1074/2247 2254/1082/2254 
f 2325/1174/2325 2326/1177/2326 2327/1176/2327 2328/1175/2328 
f 2325/1178/2325 2329/1181/2329 2330/1180/2330 2326/1179/2326 
f 2331/1182/2331 2327/1176/2327 2326/1177/2326 2332/1183/2332 
f 2332/1184/2332 2326/1179/2326 2330/1180/2330 2333/1185/2333 
f 2328/1175/2328 2327/1176/2327 2334/1187/2334 2335/1186/2335 
f 2331/1182/2331 2336/1188/2336 2334/1187/2334 2327/1176/2327 
f 2331/1182/2331 2332/1183/2332 2337/1189/2337 2336/1188/2336 
f 2333/1185/2333 2338/1191/2338 2337/1190/2337 2332/1184/2332 
f 2333/1185/2333 2330/1180/2330 2339/1192/2339 2338/1191/2338 
f 2329/1181/2329 2340/1193/2340 2339/1192/2339 2330/1180/2330 
f 2329/1181/2329 2325/1178/2325 2341/1194/2341 2340/1193/2340 
f 2328/1175/2328 2335/1186/2335 2341/1195/2341 2325/1174/2325 
f 2342/1196/2342 2343/1197/2343 1969/731/1969 1968/732/1968 
f 2343/1197/2343 2344/1198/2344 1970/734/1970 1969/731/1969 
f 2345/1199/2345 1971/733/1971 1970/734/1970 2344/1198/2344 
f 2346/1200/2346 1972/735/1972 1971/736/1971 2345/1201/2345 
f 2347/1202/2347 1973/737/1973 1972/735/1972 2346/1200/2346 
f 2348/1203/2348 1974/738/1974 1973/737/1973 2347/1202/2347 
f 2349/1204/2349 1975/739/1975 1974/738/1974 2348/1203/2348 
f 2349/1205/2349 2342/1196/2342 1968/732/1968 1975/740/1975 
f 2335/1186/2335 2334/1187/2334 2350/1207/2350 2351/1206/2351 
f 2350/1207/2350 2334/1187/2334 2336/1188/2336 2352/1208/2352 
f 2352/1208/2352 2336/1188/2336 2337/1189/2337 2353/1209/2353 
f 2353/1210/2353 2337/1190/2337 2338/1191/2338 2354/1211/2354 
f 2354/1211/2354 2338/1191/2338 2339/1192/2339 2355/1212/2355 
f 2355/1212/2355 2339/1192/2339 2340/1193/2340 2356/1213/2356 
f 2356/1213/2356 2340/1193/2340 2341/1194/2341 2357/1214/2357 
f 2341/1195/2341 2335/1186/2335 2351/1206/2351 2357/1215/2357 
f 1965/729/1965 1906/645/1906 1909/646/1909 1966/728/1966 
f 1945/699/1945 1914/653/1914 1906/645/1906 1965/729/1965 
f 1966/728/1966 1909/646/1909 1919/657/1919 1869/605/1869 
f 1915/654/1915 1914/653/1914 1967/730/1967 1948/703/1948 
f 1923/662/1923 1866/603/1866 1919/657/1919 1918/658/1918 
f 1948/703/1948 1967/730/1967 1969/731/1969 1970/734/1970 
f 2343/1197/2343 2342/1196/2342 2358/1217/2358 2359/1216/2359 
f 2343/1197/2343 2359/1216/2359 2360/1218/2360 2344/1198/2344 
f 2344/1198/2344 2360/1218/2360 2361/1219/2361 2345/1199/2345 
f 2345/1201/2345 2361/1221/2361 2362/1220/2362 2346/1200/2346 
f 2346/1200/2346 2362/1220/2362 2363/1222/2363 2347/1202/2347 
f 2348/1203/2348 2347/1202/2347 2363/1222/2363 2364/1223/2364 
f 2349/1204/2349 2348/1203/2348 2364/1223/2364 2365/1224/2365 
f 2342/1196/2342 2349/1205/2349 2365/1225/2365 2358/1217/2358 
f 2351/1206/2351 2350/1207/2350 2359/1216/2359 2358/1217/2358 
f 2352/1208/2352 2360/1218/2360 2359/1216/2359 2350/1207/2350 
f 2353/1209/2353 2361/1219/2361 2360/1218/2360 2352/1208/2352 
f 2354/1211/2354 2362/1220/2362 2361/1221/2361 2353/1210/2353 
f 2355/1212/2355 2363/1222/2363 2362/1220/2362 2354/1211/2354 
f 2356/1213/2356 2364/1223/2364 2363/1222/2363 2355/1212/2355 
f 2356/1213/2356 2357/1214/2357 2365/1224/2365 2364/1223/2364 
f 2357/1215/2357 2351/1206/2351 2358/1217/2358 2365/1225/2365 
f 1898/637/1898 1925/664/1925 1924/665/1924 1899/636/1899 
f 1888/626/1888 1929/667/1929 1928/668/1928 1877/640/1877 
f 1899/636/1899 1924/665/1924 1930/669/1930 1894/630/1894 
f 1932/670/1932 1931/671/1931 1905/644/1905 1904/643/1904 
f 1932/670/1932 1925/664/1925 1898/637/1898 1872/608/1872 
f 1933/672/1933 1928/673/1928 1927/704/1927 1940/680/1940 
f 1907/648/1907 1935/674/1935 1934/675/1934 1908/647/1908 
f 1939/677/1939 1938/678/1938 1912/651/1912 1911/652/1911 
f 1915/654/1915 1929/667/1929 1935/674/1935 1907/648/1907 
f 1933/672/1933 1939/677/1939 1911/652/1911 1878/613/1878 
f 1908/647/1908 1934/675/1934 1930/669/1930 1918/658/1918 
f 1938/678/1938 1931/671/1931 1921/661/1921 1912/651/1912 
f 1841/1226/1841 1840/1229/1840 2366/1228/2366 2367/1227/2367 
f 1840/1229/1840 1842/1231/1842 2368/1230/2368 2366/1228/2366 
f 1843/1232/1843 2369/1233/2369 2368/1230/2368 1842/1231/1842 
f 1843/1234/1843 1844/1237/1844 2370/1236/2370 2369/1235/2369 
f 1844/1237/1844 1845/1239/1845 2371/1238/2371 2370/1236/2370 
f 1846/1240/1846 2372/1241/2372 2371/1238/2371 1845/1239/1845 
f 1847/1242/1847 2373/1243/2373 2372/1241/2372 1846/1240/1846 
f 2374/1244/2374 2375/1247/2375 2376/1246/2376 2377/1245/2377 
f 2378/1248/2378 2379/1251/2379 2380/1250/2380 2381/1249/2381 
f 2382/1252/2382 2383/1255/2383 2384/1254/2384 2385/1253/2385 
f 2386/1256/2386 2387/1259/2387 2388/1258/2388 2389/1257/2389 
f 1851/1260/1851 1841/1226/1841 2367/1227/2367 2390/1261/2390 
f 1848/1262/1848 2391/1263/2391 2373/1243/2373 1847/1242/1847 
f 2392/1264/2392 2393/1267/2393 2394/1266/2394 2395/1265/2395 
f 2396/1268/2396 2392/1264/2392 2395/1265/2395 2397/1269/2397 
f 2396/1268/2396 2397/1269/2397 2398/1271/2398 2399/1270/2399 
f 2399/1270/2399 2398/1271/2398 2400/1273/2400 2401/1272/2401 
f 2401/1272/2401 2400/1273/2400 2402/1275/2402 2403/1274/2403 
f 1851/1260/1851 2390/1261/2390 2404/1277/2404 1850/1276/1850 
f 1850/1276/1850 2404/1277/2404 2405/1279/2405 1849/1278/1849 
f 1849/1278/1849 2405/1279/2405 2391/1263/2391 1848/1262/1848 
f 2396/1268/2396 2406/1281/2406 2407/1280/2407 2392/1264/2392 
f 2396/1268/2396 2399/1270/2399 2408/1282/2408 2406/1281/2406 
f 2409/1283/2409 2407/1280/2407 2406/1281/2406 2410/1284/2410 
f 2406/1281/2406 2408/1282/2408 2411/1285/2411 2410/1284/2410 
f 2408/1282/2408 2399/1270/2399 2401/1272/2401 2412/1286/2412 
f 2408/1282/2408 2412/1286/2412 2413/1287/2413 2411/1285/2411 
f 2407/1280/2407 2409/1283/2409 2414/1289/2414 2415/1288/2415 
f 2407/1280/2407 2415/1288/2415 2393/1267/2393 2392/1264/2392 
f 2416/1290/2416 2417/1293/2417 2418/1292/2418 2419/1291/2419 
f 2394/1266/2394 2420/1296/2420 2421/1295/2421 2422/1294/2422 
f 2395/1265/2395 2394/1266/2394 2422/1294/2422 2423/1297/2423 
f 2424/1298/2424 2397/1269/2397 2395/1265/2395 2423/1297/2423 
f 2425/1299/2425 2398/1271/2398 2397/1269/2397 2424/1298/2424 
f 2426/1300/2426 2400/1273/2400 2398/1271/2398 2425/1299/2425 
f 2427/1301/2427 2428/1303/2428 2402/1275/2402 2429/1302/2429 
f 2430/1304/2430 2431/1305/2431 2428/1303/2428 2427/1301/2427 
f 2432/1306/2432 2433/1307/2433 2431/1305/2431 2430/1304/2430 
f 2417/1293/2417 2433/1307/2433 2432/1306/2432 2418/1292/2418 
f 2434/1308/2434 2435/1311/2435 2436/1310/2436 2437/1309/2437 
f 2437/1309/2437 2436/1310/2436 2438/1313/2438 2439/1312/2439 
f 2439/1312/2439 2438/1313/2438 2440/1315/2440 2441/1314/2441 
f 2440/1316/2440 2442/1319/2442 2443/1318/2443 2441/1317/2441 
f 2442/1319/2442 2444/1321/2444 2445/1320/2445 2443/1318/2443 
f 2444/1321/2444 2446/1323/2446 2447/1322/2447 2445/1320/2445 
f 2446/1323/2446 2448/1324/2448 2447/1322/2447 
f 2449/1325/2449 2450/1328/2450 2451/1327/2451 2452/1326/2452 
f 2453/1329/2453 2454/1332/2454 2455/1331/2455 2456/1330/2456 
f 2457/1333/2457 2458/1336/2458 2459/1335/2459 2460/1334/2460 
f 2461/1337/2461 2462/1340/2462 2463/1339/2463 2464/1338/2464 
f 2403/1274/2403 2435/1311/2435 2434/1308/2434 
f 2393/1267/2393 2448/1341/2448 2420/1296/2420 2394/1266/2394 
f 2403/1274/2403 2402/1275/2402 2428/1303/2428 2390/1261/2390 
f 2465/1342/2465 2466/1345/2466 2467/1344/2467 2468/1343/2468 
f 2469/1346/2469 2470/1349/2470 2471/1348/2471 2472/1347/2472 
f 2473/1350/2473 2474/1353/2474 2475/1352/2475 2476/1351/2476 
f 2477/1354/2477 2478/1357/2478 2479/1356/2479 2480/1355/2480 
f 2481/1358/2481 2482/1360/2482 2483/1359/2483 
f 2419/1291/2419 2418/1292/2418 2484/1361/2484 2468/1343/2468 
f 2422/1294/2422 2421/1295/2421 2467/1362/2467 2482/1360/2482 
f 2485/1363/2485 2423/1297/2423 2422/1294/2422 2482/1360/2482 
f 2424/1298/2424 2423/1297/2423 2485/1363/2485 2486/1364/2486 
f 2487/1365/2487 2425/1299/2425 2424/1298/2424 2486/1364/2486 
f 2471/1348/2471 2426/1300/2426 2425/1299/2425 2487/1365/2487 
f 2488/1366/2488 2427/1301/2427 2429/1302/2429 2470/1349/2470 
f 2489/1367/2489 2430/1304/2430 2427/1301/2427 2490/1368/2490 
f 2491/1369/2491 2432/1306/2432 2430/1304/2430 2492/1370/2492 
f 2484/1361/2484 2418/1292/2418 2432/1306/2432 2491/1369/2491 
f 2419/1291/2419 2421/1372/2421 2420/1371/2420 2416/1290/2416 
f 2400/1273/2400 2426/1300/2426 2429/1302/2429 2402/1275/2402 
f 2412/1286/2412 2434/1308/2434 2437/1309/2437 2413/1287/2413 
f 2413/1287/2413 2437/1309/2437 2439/1312/2439 2493/1373/2493 
f 2493/1373/2493 2439/1312/2439 2441/1314/2441 2494/1374/2494 
f 2494/1374/2494 2441/1314/2441 2443/1376/2443 2495/1375/2495 
f 2443/1376/2443 2445/1377/2445 2414/1289/2414 2495/1375/2495 
f 2445/1377/2445 2447/1378/2447 2415/1288/2415 2414/1289/2414 
f 2401/1272/2401 2403/1274/2403 2434/1308/2434 2412/1286/2412 
f 2415/1288/2415 2447/1378/2447 2448/1341/2448 2393/1267/2393 
f 2367/1227/2367 2366/1228/2366 2436/1310/2436 2435/1311/2435 
f 2436/1310/2436 2366/1228/2366 2368/1230/2368 2438/1313/2438 
f 2438/1313/2438 2368/1230/2368 2369/1233/2369 2440/1315/2440 
f 2369/1235/2369 2370/1236/2370 2442/1319/2442 2440/1316/2440 
f 2370/1236/2370 2371/1238/2371 2444/1321/2444 2442/1319/2442 
f 2444/1321/2444 2371/1238/2371 2372/1241/2372 2446/1323/2446 
f 2446/1323/2446 2372/1241/2372 2373/1243/2373 2448/1324/2448 
f 2390/1261/2390 2367/1227/2367 2435/1311/2435 2403/1274/2403 
f 2373/1243/2373 2391/1263/2391 2417/1293/2417 2416/1290/2416 
f 2448/1324/2448 2373/1243/2373 2416/1290/2416 2420/1371/2420 
f 2431/1305/2431 2404/1277/2404 2390/1261/2390 2428/1303/2428 
f 2433/1307/2433 2405/1279/2405 2404/1277/2404 2431/1305/2431 
f 2391/1263/2391 2405/1279/2405 2433/1307/2433 2417/1293/2417 
f 2466/1345/2466 2465/1342/2465 2496/1380/2496 2497/1379/2497 
f 2498/1381/2498 2466/1384/2466 2497/1383/2497 2499/1382/2499 
f 2483/1359/2483 2498/1381/2498 2499/1382/2499 2500/1385/2500 
f 2501/1386/2501 2481/1358/2481 2502/1388/2502 2503/1387/2503 
f 2501/1389/2501 2503/1392/2503 2504/1391/2504 2505/1390/2505 
f 2505/1390/2505 2504/1391/2504 2506/1394/2506 2507/1393/2507 
f 2508/1395/2508 2476/1398/2476 2475/1397/2475 2509/1396/2509 
f 2510/1399/2510 2450/1402/2450 2449/1401/2449 2511/1400/2511 
f 2483/1359/2483 2500/1385/2500 2502/1388/2502 2481/1358/2481 
f 2465/1342/2465 2507/1393/2507 2506/1394/2506 2496/1380/2496 
f 2483/1359/2483 2482/1360/2482 2498/1381/2498 
f 2497/1379/2497 2496/1380/2496 2512/1404/2512 2513/1403/2513 
f 2499/1382/2499 2497/1383/2497 2513/1406/2513 2514/1405/2514 
f 2500/1385/2500 2499/1382/2499 2514/1405/2514 2515/1407/2515 
f 2516/1408/2516 2503/1387/2503 2502/1388/2502 2517/1409/2517 
f 2518/1410/2518 2504/1391/2504 2503/1392/2503 2516/1411/2516 
f 2519/1412/2519 2506/1394/2506 2504/1391/2504 2518/1410/2518 
f 2517/1409/2517 2502/1388/2502 2500/1385/2500 2515/1407/2515 
f 2512/1404/2512 2496/1380/2496 2506/1394/2506 2519/1412/2519 
f 2513/1403/2513 2512/1404/2512 2511/1400/2511 2449/1401/2449 
f 2452/1326/2452 2514/1405/2514 2513/1406/2513 2449/1325/2449 
f 2515/1407/2515 2514/1405/2514 2452/1326/2452 2451/1327/2451 
f 2516/1408/2516 2517/1409/2517 2509/1396/2509 2475/1397/2475 
f 2474/1353/2474 2518/1410/2518 2516/1411/2516 2475/1352/2475 
f 2519/1412/2519 2518/1410/2518 2474/1353/2474 2473/1350/2473 
f 2509/1396/2509 2517/1409/2517 2515/1407/2515 2508/1395/2508 
f 2511/1400/2511 2512/1404/2512 2519/1412/2519 2510/1399/2510 
f 2520/1413/2520 2521/1416/2521 2522/1415/2522 2523/1414/2523 
f 2523/1414/2523 2522/1415/2522 2524/1418/2524 2525/1417/2525 
f 2501/1389/2501 2505/1390/2505 2526/1420/2526 2527/1419/2527 
f 2501/1386/2501 2527/1422/2527 2528/1421/2528 2481/1358/2481 
f 2529/1423/2529 2481/1358/2481 2528/1421/2528 2530/1424/2530 
f 2520/1425/2520 2531/1428/2531 2532/1427/2532 2521/1426/2521 
f 2533/1429/2533 2480/1432/2480 2479/1431/2479 2534/1430/2534 
f 2535/1433/2535 2377/1436/2377 2376/1435/2376 2536/1434/2536 
f 2525/1417/2525 2524/1418/2524 2526/1420/2526 2505/1390/2505 
f 2531/1428/2531 2529/1423/2529 2530/1424/2530 2532/1427/2532 
f 2525/1417/2525 2484/1361/2484 2523/1414/2523 
f 2537/1437/2537 2538/1440/2538 2539/1439/2539 2540/1438/2540 
f 2541/1441/2541 2542/1442/2542 2538/1440/2538 2537/1437/2537 
f 2543/1443/2543 2544/1446/2544 2545/1445/2545 2546/1444/2546 
f 2547/1447/2547 2543/1450/2543 2546/1449/2546 2548/1448/2548 
f 2549/1451/2549 2547/1447/2547 2548/1448/2548 2550/1452/2550 
f 2540/1453/2540 2539/1456/2539 2551/1455/2551 2552/1454/2552 
f 2544/1446/2544 2542/1442/2542 2541/1441/2541 2545/1445/2545 
f 2551/1455/2551 2549/1451/2549 2550/1452/2550 2552/1454/2552 
f 2451/1327/2451 2508/1395/2508 2515/1407/2515 
f 2473/1350/2473 2510/1399/2510 2519/1412/2519 
f 2451/1327/2451 2450/1328/2450 2476/1398/2476 2508/1395/2508 
f 2476/1351/2476 2450/1402/2450 2510/1399/2510 2473/1350/2473 
f 2538/1440/2538 2522/1415/2522 2521/1416/2521 2539/1439/2539 
f 2542/1442/2542 2524/1418/2524 2522/1415/2522 2538/1440/2538 
f 2527/1419/2527 2526/1420/2526 2544/1446/2544 2543/1443/2543 
f 2547/1447/2547 2528/1421/2528 2527/1422/2527 2543/1450/2543 
f 2530/1424/2530 2528/1421/2528 2547/1447/2547 2549/1451/2549 
f 2539/1456/2539 2521/1426/2521 2532/1427/2532 2551/1455/2551 
f 2526/1420/2526 2524/1418/2524 2542/1442/2542 2544/1446/2544 
f 2532/1427/2532 2530/1424/2530 2549/1451/2549 2551/1455/2551 
f 2375/1247/2375 2537/1437/2537 2540/1438/2540 2376/1246/2376 
f 2541/1441/2541 2537/1437/2537 2375/1247/2375 2374/1244/2374 
f 2546/1444/2546 2545/1445/2545 2534/1430/2534 2479/1431/2479 
f 2478/1357/2478 2548/1448/2548 2546/1449/2546 2479/1356/2479 
f 2550/1452/2550 2548/1448/2548 2478/1357/2478 2477/1354/2477 
f 2540/1453/2540 2552/1454/2552 2536/1434/2536 2376/1435/2376 
f 2534/1430/2534 2545/1445/2545 2541/1441/2541 2533/1429/2533 
f 2536/1434/2536 2552/1454/2552 2550/1452/2550 2535/1433/2535 
f 2374/1244/2374 2533/1429/2533 2541/1441/2541 
f 2477/1354/2477 2535/1433/2535 2550/1452/2550 
f 2374/1244/2374 2377/1245/2377 2480/1432/2480 2533/1429/2533 
f 2477/1354/2477 2480/1355/2480 2377/1436/2377 2535/1433/2535 
f 2553/1457/2553 2554/1460/2554 2555/1459/2555 2556/1458/2556 
f 2520/1413/2520 2523/1414/2523 2557/1462/2557 2558/1461/2558 
f 2520/1425/2520 2558/1464/2558 2559/1463/2559 2531/1428/2531 
f 2531/1428/2531 2559/1463/2559 2560/1466/2560 2561/1465/2561 
f 2562/1467/2562 2563/1470/2563 2564/1469/2564 2565/1468/2565 
f 2562/1471/2562 2565/1472/2565 2554/1460/2554 2553/1457/2553 
f 2566/1473/2566 2454/1476/2454 2453/1475/2453 2567/1474/2567 
f 2568/1477/2568 2569/1480/2569 2381/1479/2381 2380/1478/2380 
f 2523/1414/2523 2556/1458/2556 2555/1459/2555 2557/1462/2557 
f 2561/1465/2561 2560/1466/2560 2564/1469/2564 2563/1470/2563 
f 2556/1458/2556 2491/1369/2491 2553/1457/2553 
f 2570/1481/2570 2571/1484/2571 2572/1483/2572 2573/1482/2573 
f 2574/1485/2574 2575/1488/2575 2576/1487/2576 2577/1486/2577 
f 2578/1489/2578 2574/1492/2574 2577/1491/2577 2579/1490/2579 
f 2580/1493/2580 2578/1489/2578 2579/1490/2579 2581/1494/2581 
f 2582/1495/2582 2583/1498/2583 2584/1497/2584 2585/1496/2585 
f 2573/1482/2573 2572/1483/2572 2583/1500/2583 2582/1499/2582 
f 2575/1488/2575 2571/1484/2571 2570/1481/2570 2576/1487/2576 
f 2585/1496/2585 2584/1497/2584 2580/1493/2580 2581/1494/2581 
f 2571/1484/2571 2555/1459/2555 2554/1460/2554 2572/1483/2572 
f 2558/1461/2558 2557/1462/2557 2575/1488/2575 2574/1485/2574 
f 2578/1489/2578 2559/1463/2559 2558/1464/2558 2574/1492/2574 
f 2560/1466/2560 2559/1463/2559 2578/1489/2578 2580/1493/2580 
f 2583/1498/2583 2565/1468/2565 2564/1469/2564 2584/1497/2584 
f 2572/1483/2572 2554/1460/2554 2565/1472/2565 2583/1500/2583 
f 2557/1462/2557 2555/1459/2555 2571/1484/2571 2575/1488/2575 
f 2584/1497/2584 2564/1469/2564 2560/1466/2560 2580/1493/2580 
f 2570/1481/2570 2573/1482/2573 2379/1251/2379 2378/1248/2378 
f 2577/1486/2577 2576/1487/2576 2567/1474/2567 2453/1475/2453 
f 2456/1330/2456 2579/1490/2579 2577/1491/2577 2453/1329/2453 
f 2581/1494/2581 2579/1490/2579 2456/1330/2456 2455/1331/2455 
f 2582/1495/2582 2585/1496/2585 2568/1477/2568 2380/1478/2380 
f 2379/1251/2379 2573/1482/2573 2582/1499/2582 2380/1250/2380 
f 2567/1474/2567 2576/1487/2576 2570/1481/2570 2566/1473/2566 
f 2568/1477/2568 2585/1496/2585 2581/1494/2581 2569/1480/2569 
f 2378/1248/2378 2566/1473/2566 2570/1481/2570 
f 2455/1331/2455 2569/1480/2569 2581/1494/2581 
f 2378/1248/2378 2381/1249/2381 2454/1476/2454 2566/1473/2566 
f 2454/1332/2454 2381/1479/2381 2569/1480/2569 2455/1331/2455 
f 2586/1501/2586 2587/1504/2587 2588/1503/2588 2589/1502/2589 
f 2562/1471/2562 2553/1457/2553 2590/1506/2590 2591/1505/2591 
f 2562/1467/2562 2591/1508/2591 2592/1507/2592 2563/1470/2563 
f 2563/1470/2563 2592/1507/2592 2593/1510/2593 2594/1509/2594 
f 2595/1511/2595 2596/1514/2596 2597/1513/2597 2598/1512/2598 
f 2595/1515/2595 2598/1516/2598 2588/1503/2588 2587/1504/2587 
f 2599/1517/2599 2459/1520/2459 2458/1519/2458 2600/1518/2600 
f 2601/1521/2601 2602/1524/2602 2385/1523/2385 2384/1522/2384 
f 2553/1457/2553 2586/1501/2586 2589/1502/2589 2590/1506/2590 
f 2594/1509/2594 2593/1510/2593 2597/1513/2597 2596/1514/2596 
f 2586/1501/2586 2492/1370/2492 2489/1367/2489 2587/1504/2587 
f 2603/1525/2603 2604/1528/2604 2605/1527/2605 2606/1526/2606 
f 2607/1529/2607 2608/1532/2608 2609/1531/2609 2610/1530/2610 
f 2611/1533/2611 2607/1536/2607 2610/1535/2610 2612/1534/2612 
f 2613/1537/2613 2611/1533/2611 2612/1534/2612 2614/1538/2614 
f 2615/1539/2615 2616/1542/2616 2617/1541/2617 2618/1540/2618 
f 2605/1527/2605 2604/1528/2604 2616/1544/2616 2615/1543/2615 
f 2608/1532/2608 2603/1525/2603 2606/1526/2606 2609/1531/2609 
f 2618/1540/2618 2617/1541/2617 2613/1537/2613 2614/1538/2614 
f 2589/1502/2589 2588/1503/2588 2604/1528/2604 2603/1525/2603 
f 2591/1505/2591 2590/1506/2590 2608/1532/2608 2607/1529/2607 
f 2592/1507/2592 2591/1508/2591 2607/1536/2607 2611/1533/2611 
f 2613/1537/2613 2593/1510/2593 2592/1507/2592 2611/1533/2611 
f 2616/1542/2616 2598/1512/2598 2597/1513/2597 2617/1541/2617 
f 2604/1528/2604 2588/1503/2588 2598/1516/2598 2616/1544/2616 
f 2590/1506/2590 2589/1502/2589 2603/1525/2603 2608/1532/2608 
f 2617/1541/2617 2597/1513/2597 2593/1510/2593 2613/1537/2613 
f 2606/1526/2606 2605/1527/2605 2383/1255/2383 2382/1252/2382 
f 2610/1530/2610 2609/1531/2609 2600/1518/2600 2458/1519/2458 
f 2612/1534/2612 2610/1535/2610 2458/1336/2458 2457/1333/2457 
f 2614/1538/2614 2612/1534/2612 2457/1333/2457 2460/1334/2460 
f 2384/1522/2384 2615/1539/2615 2618/1540/2618 2601/1521/2601 
f 2383/1255/2383 2605/1527/2605 2615/1543/2615 2384/1254/2384 
f 2600/1518/2600 2609/1531/2609 2606/1526/2606 2599/1517/2599 
f 2601/1521/2601 2618/1540/2618 2614/1538/2614 2602/1524/2602 
f 2382/1252/2382 2599/1517/2599 2606/1526/2606 
f 2460/1334/2460 2602/1524/2602 2614/1538/2614 
f 2382/1252/2382 2385/1253/2385 2459/1520/2459 2599/1517/2599 
f 2460/1334/2460 2459/1335/2459 2385/1523/2385 2602/1524/2602 
f 2619/1545/2619 2620/1548/2620 2621/1547/2621 2622/1546/2622 
f 2595/1515/2595 2587/1504/2587 2623/1550/2623 2624/1549/2624 
f 2595/1511/2595 2624/1552/2624 2625/1551/2625 2596/1514/2596 
f 2596/1514/2596 2625/1551/2625 2626/1554/2626 2627/1553/2627 
f 2472/1347/2472 2628/1556/2628 2629/1555/2629 2469/1346/2469 
f 2469/1346/2469 2629/1555/2629 2621/1547/2621 2620/1548/2620 
f 2630/1557/2630 2463/1560/2463 2462/1559/2462 2631/1558/2631 
f 2632/1561/2632 2633/1563/2633 2389/1562/2389 2388/1258/2388 
f 2587/1504/2587 2619/1545/2619 2622/1546/2622 2623/1550/2623 
f 2627/1553/2627 2626/1554/2626 2628/1556/2628 2472/1347/2472 
f 2620/1548/2620 2619/1545/2619 2490/1368/2490 2488/1366/2488 
f 2634/1564/2634 2635/1567/2635 2636/1566/2636 2637/1565/2637 
f 2638/1568/2638 2639/1571/2639 2640/1570/2640 2641/1569/2641 
f 2642/1572/2642 2638/1575/2638 2641/1574/2641 2643/1573/2643 
f 2644/1576/2644 2642/1572/2642 2643/1573/2643 2645/1577/2645 
f 2646/1578/2646 2647/1581/2647 2648/1580/2648 2649/1579/2649 
f 2636/1566/2636 2635/1567/2635 2647/1581/2647 2646/1578/2646 
f 2639/1571/2639 2634/1564/2634 2637/1565/2637 2640/1570/2640 
f 2649/1579/2649 2648/1580/2648 2644/1576/2644 2645/1577/2645 
f 2468/1343/2468 2467/1344/2467 2421/1372/2421 2419/1291/2419 
f 2426/1300/2426 2471/1348/2471 2470/1349/2470 2429/1302/2429 
f 2489/1367/2489 2492/1370/2492 2430/1304/2430 
f 2488/1366/2488 2490/1368/2490 2427/1301/2427 
f 2505/1390/2505 2468/1343/2468 2484/1361/2484 2525/1417/2525 
f 2498/1381/2498 2482/1360/2482 2467/1362/2467 2466/1384/2466 
f 2485/1363/2485 2482/1360/2482 2481/1358/2481 2529/1423/2529 
f 2561/1465/2561 2486/1364/2486 2485/1363/2485 2531/1428/2531 
f 2594/1509/2594 2487/1365/2487 2486/1364/2486 2563/1470/2563 
f 2627/1553/2627 2471/1348/2471 2487/1365/2487 2596/1514/2596 
f 2620/1548/2620 2488/1366/2488 2470/1349/2470 2469/1346/2469 
f 2489/1367/2489 2490/1368/2490 2619/1545/2619 2587/1504/2587 
f 2491/1369/2491 2492/1370/2492 2586/1501/2586 2553/1457/2553 
f 2484/1361/2484 2491/1369/2491 2556/1458/2556 2523/1414/2523 
f 2468/1343/2468 2505/1390/2505 2507/1393/2507 
f 2468/1343/2468 2507/1393/2507 2465/1342/2465 
f 2485/1363/2485 2529/1423/2529 2531/1428/2531 
f 2486/1364/2486 2561/1465/2561 2563/1470/2563 
f 2487/1365/2487 2594/1509/2594 2596/1514/2596 
f 2471/1348/2471 2627/1553/2627 2472/1347/2472 
f 2637/1565/2637 2636/1566/2636 2387/1259/2387 2386/1256/2386 
f 2641/1569/2641 2640/1570/2640 2631/1558/2631 2462/1559/2462 
f 2643/1573/2643 2641/1574/2641 2462/1340/2462 2461/1337/2461 
f 2645/1577/2645 2643/1573/2643 2461/1337/2461 2464/1338/2464 
f 2388/1258/2388 2646/1578/2646 2649/1579/2649 2632/1561/2632 
f 2387/1259/2387 2636/1566/2636 2646/1578/2646 2388/1258/2388 
f 2640/1570/2640 2637/1565/2637 2630/1557/2630 2631/1558/2631 
f 2632/1561/2632 2649/1579/2649 2645/1577/2645 2633/1563/2633 
f 2622/1546/2622 2621/1547/2621 2635/1567/2635 2634/1564/2634 
f 2624/1549/2624 2623/1550/2623 2639/1571/2639 2638/1568/2638 
f 2625/1551/2625 2624/1552/2624 2638/1575/2638 2642/1572/2642 
f 2644/1576/2644 2626/1554/2626 2625/1551/2625 2642/1572/2642 
f 2647/1581/2647 2629/1555/2629 2628/1556/2628 2648/1580/2648 
f 2635/1567/2635 2621/1547/2621 2629/1555/2629 2647/1581/2647 
f 2623/1550/2623 2622/1546/2622 2634/1564/2634 2639/1571/2639 
f 2648/1580/2648 2628/1556/2628 2626/1554/2626 2644/1576/2644 
f 2386/1256/2386 2630/1557/2630 2637/1565/2637 
f 2464/1338/2464 2633/1563/2633 2645/1577/2645 
f 2386/1256/2386 2389/1257/2389 2463/1560/2463 2630/1557/2630 
f 2464/1338/2464 2463/1339/2463 2389/1562/2389 2633/1563/2633 
f 2409/1283/2409 2495/1375/2495 2414/1289/2414 
f 2493/1373/2493 2411/1285/2411 2413/1287/2413 
f 2410/1284/2410 2494/1374/2494 2495/1375/2495 2409/1283/2409 
f 2410/1284/2410 2411/1285/2411 2493/1373/2493 2494/1374/2494 
f 1314/1582/1314 2650/1585/2650 2651/1584/2651 1315/1583/1315 
f 2652/1586/2652 2653/1589/2653 2654/1588/2654 2655/1587/2655 
f 2653/1589/2653 2656/1591/2656 2657/1590/2657 2654/1588/2654 
f 2656/1591/2656 2658/1593/2658 2659/1592/2659 2657/1590/2657 
f 2658/1593/2658 2660/1595/2660 2661/1594/2661 2659/1592/2659 
f 2660/1595/2660 2662/1597/2662 2663/1596/2663 2661/1594/2661 
f 2662/1597/2662 2664/1599/2664 2665/1598/2665 2663/1596/2663 
f 2664/1599/2664 2666/1601/2666 2667/1600/2667 2665/1598/2665 
f 2666/1601/2666 2668/1603/2668 2669/1602/2669 2667/1600/2667 
f 2668/1603/2668 2670/1605/2670 2671/1604/2671 2669/1602/2669 
f 2671/1604/2671 2670/1605/2670 2672/1607/2672 2673/1606/2673 
f 2673/1606/2673 2672/1607/2672 2674/1609/2674 2675/1608/2675 
f 2675/1608/2675 2674/1609/2674 2676/1611/2676 2677/1610/2677 
f 2676/1611/2676 1345/1613/1345 1344/1612/1344 2677/1610/2677 
f 2650/1585/2650 2652/1586/2652 2655/1587/2655 2651/1584/2651 
f 1315/1583/1315 2651/1584/2651 2678/1615/2678 1346/1614/1346 
f 2655/1587/2655 2654/1588/2654 2679/1617/2679 2680/1616/2680 
f 2654/1588/2654 2657/1590/2657 2681/1618/2681 2679/1617/2679 
f 2657/1590/2657 2659/1592/2659 2681/1618/2681 
f 2659/1592/2659 2661/1594/2661 2682/1619/2682 2681/1618/2681 
f 2661/1594/2661 2663/1596/2663 2682/1619/2682 
f 2663/1596/2663 2665/1598/2665 2683/1620/2683 2682/1619/2682 
f 2665/1598/2665 2667/1600/2667 2683/1620/2683 
f 2667/1600/2667 2669/1602/2669 2684/1621/2684 2683/1620/2683 
f 2669/1602/2669 2671/1604/2671 2684/1621/2684 
f 2684/1621/2684 2671/1604/2671 2673/1606/2673 2685/1622/2685 
f 2673/1606/2673 2675/1608/2675 2685/1622/2685 
f 2675/1608/2675 2677/1610/2677 1355/1623/1355 2685/1622/2685 
f 2677/1610/2677 1344/1612/1344 1355/1623/1355 
f 2651/1584/2651 2655/1587/2655 2680/1616/2680 2678/1615/2678 
f 2680/1616/2680 2679/1617/2679 1412/63/1412 1411/61/1411 
f 2679/1617/2679 2681/1618/2681 1413/65/1413 1412/63/1412 
f 2681/1618/2681 2682/1619/2682 1406/50/1406 1413/65/1413 
f 2682/1619/2682 2683/1620/2683 1407/49/1407 1406/50/1406 
f 2683/1620/2683 2684/1621/2684 1408/52/1408 1407/49/1407 
f 2684/1621/2684 2685/1622/2685 1409/55/1409 1408/52/1408 
f 2685/1622/2685 1355/1623/1355 139/150/139 1409/55/1409 
f 2678/1615/2678 2680/1616/2680 1411/61/1411 1410/57/1410 
f 208/241/208 1356/1624/1356 1381/19/1381 1384/20/1384 
f 82/93/82 85/96/85 1437/95/1437 1436/92/1436 
f 73/84/73 83/94/83 1374/14/1374 1373/11/1373 
f 330/384/330 333/1626/333 1596/1625/1596 1598/383/1598 
f 527/600/527 331/385/331 1647/386/1647 1558/245/1558 
f 1356/1624/1356 10/10/10 1371/8/1371 1381/19/1381 
f 9/9/9 526/599/526 1429/83/1429 1372/7/1372 
f 51/58/51 1346/1614/1346 2678/1615/2678 1410/57/1410 
f 2220/1040/2220 2219/1041/2219 1985/751/1985 1984/752/1984 
f 2221/1042/2221 2219/1041/2219 2190/1001/2190 2192/1004/2192 
f 2222/1043/2222 2221/1044/2221 2192/1006/2192 2194/1007/2194 
f 2224/1045/2224 2223/1046/2223 2196/1013/2196 2195/1010/2195 
f 2224/1045/2224 2225/1047/2225 1990/758/1990 1989/756/1989 
f 2225/1048/2225 2226/1049/2226 1991/759/1991 1990/760/1990 
f 2226/1049/2226 2220/1040/2220 1984/752/1984 1991/759/1991 
f 2223/1046/2223 2222/1043/2222 2194/1007/2194 2196/1013/2196 
f 2189/1002/2189 2188/1003/2188 2686/1628/2686 2687/1627/2687 
f 2191/1005/2191 2189/1002/2189 2687/1627/2687 2688/1629/2688 
f 2193/1008/2193 2191/1009/2191 2688/1631/2688 2689/1630/2689 
f 2198/1011/2198 2197/1012/2197 2690/1633/2690 2691/1632/2691 
f 2200/1015/2200 2198/1011/2198 2691/1632/2691 2692/1634/2692 
f 2201/1018/2201 2200/1019/2200 2692/1636/2692 2693/1635/2693 
f 2188/1003/2188 2201/1018/2201 2693/1635/2693 2686/1628/2686 
f 2197/1012/2197 2193/1008/2193 2689/1630/2689 2690/1633/2690 
f 2205/1022/2205 2204/1023/2204 2687/1627/2687 2686/1628/2686 
f 2204/1023/2204 2208/1025/2208 2688/1629/2688 2687/1627/2687 
f 2208/1028/2208 2210/1029/2210 2689/1630/2689 2688/1631/2688 
f 2214/1031/2214 2213/1032/2213 2691/1632/2691 2690/1633/2690 
f 2213/1032/2213 2216/1035/2216 2692/1634/2692 2691/1632/2691 
f 2216/1038/2216 2218/1039/2218 2693/1635/2693 2692/1636/2692 
f 2218/1039/2218 2205/1022/2205 2686/1628/2686 2693/1635/2693 
f 2210/1029/2210 2214/1031/2214 2690/1633/2690 2689/1630/2689 
f 2228/1050/2228 2227/1051/2227 2235/1060/2235 2236/1061/2236 
f 2229/1052/2229 2228/1050/2228 2236/1061/2236 2237/1062/2237 
f 2230/1053/2230 2229/1054/2229 2237/1063/2237 2238/1064/2238 
f 2232/1055/2232 2231/1056/2231 2240/1065/2240 2239/1066/2239 
f 2233/1057/2233 2232/1055/2232 2239/1066/2239 2241/1067/2241 
f 2234/1058/2234 2233/1059/2233 2241/1068/2241 2242/1069/2242 
f 2227/1051/2227 2234/1058/2234 2242/1069/2242 2235/1060/2235 
f 2231/1056/2231 2230/1053/2230 2238/1064/2238 2240/1065/2240 
# 2588 polygons - 178 triangles

#
# object Bip001
#

v  0.0000 1109.1537 7.9165
v  0.0001 1057.2592 44.2534
v  44.7962 1065.0380 0.1376
v  -0.0001 1072.8168 -43.9780
v  -44.7962 1065.0380 0.1377
v  -0.0000 1020.9223 -7.6411
# 6 vertices

vn 0.0000 0.9848 0.1736
vn 0.0000 -0.1736 0.9848
vn 1.0000 -0.0000 -0.0000
vn -0.0000 0.1736 -0.9848
vn -1.0000 0.0000 0.0000
vn -0.0000 -0.9848 -0.1736
# 6 vertex normals

o Bip001
g Bip001
usemtl wire_166202240
s 1
f 2694//2694 2695//2695 2696//2696 
f 2694//2694 2696//2696 2697//2697 
f 2694//2694 2697//2697 2698//2698 
f 2694//2694 2698//2698 2695//2695 
f 2699//2699 2698//2698 2697//2697 
f 2699//2699 2697//2697 2696//2696 
f 2699//2699 2696//2696 2695//2695 
f 2699//2699 2695//2695 2698//2698 
# 0 polygons - 8 triangles

#
# object Bip001_Footsteps
#

v  -0.0000 0.2464 0.1377
v  23.7568 0.2464 23.8945
v  33.5972 0.2464 0.1377
v  23.7568 0.2464 -23.6191
v  -0.0000 0.2464 -33.4595
v  -23.7568 0.2464 -23.6191
v  -33.5972 0.2464 0.1377
v  -23.7568 0.2464 23.8945
v  -0.0000 0.2464 33.7349
# 9 vertices

vn 0.0000 1.0000 -0.0000
# 1 vertex normals

o Bip001_Footsteps
g Bip001_Footsteps
usemtl wire_166202240
s 2
f 2700//2700 2701//2700 2702//2700 2703//2700 
f 2700//2700 2703//2700 2704//2700 2705//2700 
f 2700//2700 2705//2700 2706//2700 2707//2700 
f 2700//2700 2707//2700 2708//2700 2701//2700 
# 4 polygons

#
# object Bip001_Pelvis
#

v  -112.3630 1105.0237 51.8828
v  -0.2524 1081.1636 88.5379
v  -0.2525 1107.5984 93.1991
v  -112.3630 1118.0352 54.1771
v  -0.2525 1110.2367 -76.3443
v  -112.3630 1120.1211 -33.7391
v  -112.3630 1133.1326 -31.4448
v  -0.2525 1136.6715 -71.6832
v  -40.7061 1052.3035 -17.5863
v  -40.7063 1046.8204 13.5094
v  -61.9547 1065.8563 16.8660
v  -61.9548 1071.3394 -14.2298
v  -20.8179 1000.6729 -11.2355
v  -20.8177 1020.1075 57.6567
v  -20.8179 1042.3008 -68.2077
v  20.4124 1042.3008 -68.2076
v  20.4124 1000.6727 -11.2357
v  20.4123 1020.1075 57.6566
v  111.8581 1105.0237 51.8827
v  111.8583 1118.0349 54.1770
v  111.8583 1133.1323 -31.4449
v  111.8581 1120.1211 -33.7391
v  40.2012 1052.3036 -17.5863
v  61.4499 1071.3392 -14.2298
v  61.4497 1065.8562 16.8659
v  40.2011 1046.8203 13.5094
v  0.0002 1122.1112 10.0836
# 27 vertices

vn -0.7940 -0.4006 0.4572
vn -0.0001 -0.2569 0.9664
vn 0.0000 0.4586 0.8887
vn -0.6331 0.5119 0.5806
vn -0.0001 0.0891 -0.9960
vn -0.7940 -0.2200 -0.5667
vn -0.6334 0.6793 -0.3707
vn 0.0000 0.7660 -0.6428
vn -0.7947 -0.5879 -0.1508
vn -0.6866 -0.7153 -0.1299
vn -0.6792 -0.7194 -0.1453
vn -0.6792 -0.7257 -0.1095
vn -0.4914 -0.8588 -0.1450
vn -0.3820 -0.7032 0.5996
vn -0.3828 -0.4528 -0.8053
vn 0.3834 -0.4528 -0.8050
vn 0.4920 -0.8585 -0.1449
vn 0.3826 -0.7031 0.5994
vn 0.7941 -0.4005 0.4572
vn 0.6331 0.5119 0.5806
vn 0.6334 0.6793 -0.3707
vn 0.7941 -0.2200 -0.5666
vn 0.7952 -0.5875 -0.1500
vn 0.6792 -0.7257 -0.1095
vn 0.6792 -0.7194 -0.1453
vn 0.6874 -0.7145 -0.1304
vn -0.0001 0.9911 0.1334
# 27 vertex normals

o Bip001_Pelvis
g Bip001_Pelvis
usemtl wire_224198087
s off
f 2709//2701 2710//2702 2711//2703 2712//2704 
f 2713//2705 2714//2706 2715//2707 2716//2708 
s 2
f 2717//2709 2718//2710 2719//2711 2720//2712 
s off
f 2714//2706 2709//2701 2712//2704 2715//2707 
f 2721//2713 2722//2714 2718//2710 2717//2709 
f 2721//2713 2717//2709 2723//2715 
s 2
f 2722//2714 2709//2701 2719//2711 2718//2710 
f 2714//2706 2723//2715 2717//2709 2720//2712 
f 2709//2701 2714//2706 2720//2712 2719//2711 
s off
f 2721//2713 2723//2715 2724//2716 2725//2717 
f 2721//2713 2725//2717 2726//2718 2722//2714 
f 2727//2719 2728//2720 2711//2703 2710//2702 
f 2713//2705 2716//2708 2729//2721 2730//2722 
s 4
f 2731//2723 2732//2724 2733//2725 2734//2726 
s off
f 2730//2722 2729//2721 2728//2720 2727//2719 
f 2725//2717 2731//2723 2734//2726 2726//2718 
f 2725//2717 2724//2716 2731//2723 
s 4
f 2726//2718 2734//2726 2733//2725 2727//2719 
f 2730//2722 2732//2724 2731//2723 2724//2716 
f 2727//2719 2733//2725 2732//2724 2730//2722 
s off
f 2709//2701 2722//2714 2710//2702 
f 2710//2702 2726//2718 2727//2719 
f 2710//2702 2722//2714 2726//2718 
f 2730//2722 2724//2716 2713//2705 
f 2713//2705 2723//2715 2714//2706 
f 2713//2705 2724//2716 2723//2715 
f 2712//2704 2711//2703 2728//2720 2735//2727 
f 2735//2727 2716//2708 2715//2707 2712//2704 
f 2729//2721 2716//2708 2735//2727 2728//2720 
# 21 polygons - 8 triangles

#
# object Bip001_Spine
#

v  0.0016 1161.9698 -13.6304
v  -4.1650 1161.0278 -4.0317
v  -10.6660 1190.4733 -33.1176
v  0.0036 1191.6285 -44.8876
v  -18.9756 1160.1907 4.4976
v  -60.2758 1187.2848 -0.6317
v  -19.2235 1158.5520 21.1937
v  -61.0635 1184.3492 29.2759
v  -7.8203 1157.5786 31.1099
v  -20.0266 1180.9583 63.8244
v  0.0015 1158.0006 26.8107
v  0.0036 1182.1223 51.9645
v  7.8234 1157.5786 31.1099
v  20.0338 1180.9583 63.8245
v  19.2267 1158.5520 21.1937
v  61.0625 1184.3492 29.2759
v  18.9788 1160.1906 4.4976
v  60.2746 1187.2847 -0.6317
v  4.1681 1161.0278 -4.0317
v  10.6730 1190.4733 -33.1176
v  -10.6660 1217.0393 -30.5194
v  0.0036 1218.1943 -42.2894
v  -60.2758 1213.8506 1.9664
v  -61.0635 1210.9152 31.8741
v  -20.0266 1207.5242 66.4226
v  0.0036 1208.6882 54.5627
v  20.0338 1207.5242 66.4225
v  61.0650 1210.9150 31.8741
v  60.2772 1213.8505 1.9664
v  10.6730 1217.0392 -30.5194
v  -10.6680 1228.1473 -13.8234
v  0.0016 1229.7810 -30.4672
v  -40.4472 1226.4763 3.2012
v  -40.9759 1223.5409 33.1089
v  -20.0287 1221.6302 52.5753
v  0.0015 1222.4276 44.4520
v  20.0319 1221.6302 52.5752
v  40.9717 1223.5410 33.1089
v  40.4430 1226.4763 3.2013
v  10.6711 1228.1473 -13.8234
v  0.0000 1118.9838 -0.0944
v  -6.3426 1118.7272 2.5202
v  -8.9697 1118.1077 8.8324
v  -6.3426 1117.4882 15.1447
v  0.0000 1117.2316 17.7593
v  6.3426 1117.4882 15.1447
v  8.9698 1118.1077 8.8324
v  6.3426 1118.7272 2.5202
v  0.0000 1112.1566 -4.4953
v  -8.9699 1111.7936 -0.7977
v  -12.6852 1110.9174 8.1292
v  -8.9697 1110.0411 17.0560
v  0.0000 1109.6782 20.7537
v  8.9698 1110.0411 17.0561
v  12.6852 1110.9174 8.1292
v  8.9698 1111.7936 -0.7977
v  0.0000 1104.6033 -1.5009
v  -6.3426 1104.3467 1.1137
v  -8.9697 1103.7271 7.4259
v  -6.3426 1103.1077 13.7382
v  0.0000 1102.8510 16.3528
v  6.3426 1103.1077 13.7382
v  8.9698 1103.7271 7.4260
v  6.3426 1104.3467 1.1137
v  0.0000 1100.7488 7.1347
# 65 vertices

vn -0.0000 -0.5338 -0.8456
vn -0.6724 -0.3339 -0.6606
vn -0.6188 -0.2839 -0.7324
vn 0.0000 -0.2429 -0.9700
vn -0.6901 -0.5161 -0.5072
vn -0.8140 -0.3436 -0.4683
vn -0.7318 -0.6056 0.3127
vn -0.8455 -0.4256 0.3224
vn -0.0551 -0.5736 0.8173
vn -0.0974 -0.4234 0.9007
vn -0.0000 -0.4119 0.9112
vn -0.0000 -0.4199 0.9076
vn 0.0590 -0.5832 0.8102
vn 0.0975 -0.4234 0.9007
vn 0.7421 -0.5940 0.3106
vn 0.8456 -0.4256 0.3224
vn 0.6902 -0.5161 -0.5072
vn 0.8140 -0.3436 -0.4683
vn 0.6724 -0.3340 -0.6606
vn 0.6188 -0.2840 -0.7324
vn -0.6318 0.3826 -0.6742
vn 0.0000 0.3528 -0.9357
vn -0.8237 0.4145 -0.3869
vn -0.8512 0.3480 0.3928
vn -0.0726 0.2392 0.9683
vn -0.0000 0.2491 0.9685
vn 0.0726 0.2392 0.9682
vn 0.8512 0.3480 0.3928
vn 0.8237 0.4145 -0.3869
vn 0.6318 0.3826 -0.6742
vn -0.5869 -0.3270 -0.7407
vn -0.0001 0.8316 -0.5554
vn -0.3709 0.8968 -0.2413
vn -0.3795 0.8749 0.3010
vn -0.1242 0.8112 0.5715
vn 0.0000 0.8946 0.4469
vn 0.1243 0.8112 0.5715
vn 0.3794 0.8749 0.3009
vn 0.3708 0.8968 -0.2412
vn 0.5869 -0.3270 -0.7406
vn -0.0000 0.2035 -0.9791
vn -0.6899 0.1762 -0.7022
vn -0.9938 0.1105 -0.0099
vn -0.7152 0.0476 0.6973
vn -0.0000 -0.0080 1.0000
vn 0.6896 0.0353 0.7233
vn 0.9938 0.1104 -0.0099
vn 0.6899 0.1762 -0.7022
vn 0.0000 0.0975 -0.9952
vn -0.7071 0.0690 -0.7037
vn -1.0000 -0.0000 0.0000
vn -0.7071 -0.0690 0.7037
vn -0.0000 -0.0975 0.9952
vn 0.7071 -0.0690 0.7037
vn 1.0000 -0.0000 0.0000
vn 0.7071 0.0690 -0.7037
vn 0.0000 -0.5868 -0.8097
vn -0.5293 -0.6082 -0.5915
vn -0.7486 -0.6598 -0.0647
vn -0.5294 -0.7115 0.4622
vn -0.0000 -0.7329 0.6804
vn 0.5294 -0.7115 0.4622
vn 0.7486 -0.6598 -0.0647
vn 0.5294 -0.6082 -0.5915
vn -0.0000 -0.9952 -0.0975
# 65 vertex normals

o Bip001_Spine
g Bip001_Spine
usemtl wire_008110134
s 128
f 2736//2728 2737//2729 2738//2730 2739//2731 
s 64
f 2737//2729 2740//2732 2741//2733 2738//2730 
s 128
f 2740//2732 2742//2734 2743//2735 2741//2733 
s 64
f 2742//2734 2744//2736 2745//2737 2743//2735 
s 128
f 2744//2736 2746//2738 2747//2739 2745//2737 
s 64
f 2746//2738 2748//2740 2749//2741 2747//2739 
s 128
f 2748//2740 2750//2742 2751//2743 2749//2741 
s 64
f 2750//2742 2752//2744 2753//2745 2751//2743 
s 128
f 2752//2744 2754//2746 2755//2747 2753//2745 
s 64
f 2754//2746 2736//2728 2739//2731 2755//2747 
s 32
f 2739//2731 2738//2730 2756//2748 2757//2749 
s 16
f 2738//2730 2741//2733 2758//2750 2756//2748 
s 32
f 2741//2733 2743//2735 2759//2751 2758//2750 
s 16
f 2743//2735 2745//2737 2760//2752 2759//2751 
s 32
f 2745//2737 2747//2739 2761//2753 2760//2752 
s 16
f 2747//2739 2749//2741 2762//2754 2761//2753 
s 32
f 2749//2741 2751//2743 2763//2755 2762//2754 
s 16
f 2751//2743 2753//2745 2764//2756 2763//2755 
s 32
f 2753//2745 2755//2747 2765//2757 2764//2756 
s 16
f 2755//2747 2739//2731 2757//2749 2765//2757 
s 8
f 2757//2749 2756//2748 2766//2758 2767//2759 
s 4
f 2756//2748 2758//2750 2768//2760 2766//2758 
s 8
f 2758//2750 2759//2751 2769//2761 2768//2760 
s 4
f 2759//2751 2760//2752 2770//2762 2769//2761 
s 8
f 2760//2752 2761//2753 2771//2763 2770//2762 
s 4
f 2761//2753 2762//2754 2772//2764 2771//2763 
s 8
f 2762//2754 2763//2755 2773//2765 2772//2764 
s 4
f 2763//2755 2764//2756 2774//2766 2773//2765 
s 8
f 2764//2756 2765//2757 2775//2767 2774//2766 
s 4
f 2765//2757 2757//2749 2767//2759 2775//2767 
s off
f 2771//2763 2774//2766 2775//2767 2767//2759 
f 2771//2763 2767//2759 2766//2758 2768//2760 
f 2771//2763 2768//2760 2769//2761 2770//2762 
f 2773//2765 2774//2766 2771//2763 2772//2764 
s 256
f 2737//2729 2736//2728 2776//2768 
s 512
f 2740//2732 2737//2729 2776//2768 2777//2769 
s 256
f 2742//2734 2740//2732 2777//2769 2778//2770 
s 512
f 2779//2771 2744//2736 2742//2734 2778//2770 
f 2779//2771 2780//2772 2744//2736 
s 256
f 2746//2738 2744//2736 2780//2772 
s 512
f 2748//2740 2746//2738 2780//2772 
s 256
f 2781//2773 2750//2742 2748//2740 2780//2772 
f 2781//2773 2782//2774 2750//2742 
s 512
f 2752//2744 2750//2742 2782//2774 2783//2775 
s 256
f 2754//2746 2752//2744 2783//2775 2776//2768 
s 512
f 2736//2728 2754//2746 2776//2768 
s off
f 2776//2768 2784//2776 2785//2777 2777//2769 
f 2777//2769 2785//2777 2786//2778 2778//2770 
f 2778//2770 2786//2778 2787//2779 2779//2771 
f 2779//2771 2787//2779 2788//2780 2780//2772 
f 2780//2772 2788//2780 2789//2781 2781//2773 
f 2781//2773 2789//2781 2790//2782 2782//2774 
f 2782//2774 2790//2782 2791//2783 2783//2775 
f 2783//2775 2791//2783 2784//2776 2776//2768 
f 2784//2776 2792//2784 2793//2785 2785//2777 
f 2785//2777 2793//2785 2794//2786 2786//2778 
f 2786//2778 2794//2786 2795//2787 2787//2779 
f 2787//2779 2795//2787 2796//2788 2788//2780 
f 2788//2780 2796//2788 2797//2789 2789//2781 
f 2789//2781 2797//2789 2798//2790 2790//2782 
f 2790//2782 2798//2790 2799//2791 2791//2783 
f 2791//2783 2799//2791 2792//2784 2784//2776 
f 2800//2792 2793//2785 2792//2784 
f 2800//2792 2794//2786 2793//2785 
f 2800//2792 2795//2787 2794//2786 
f 2800//2792 2796//2788 2795//2787 
f 2800//2792 2797//2789 2796//2788 
f 2800//2792 2798//2790 2797//2789 
f 2800//2792 2799//2791 2798//2790 
f 2800//2792 2792//2784 2799//2791 
# 56 polygons - 14 triangles

#
# object Bip001_Spine1
#

v  0.0040 1273.6104 -8.4326
v  -4.8290 1274.0273 1.2033
v  -12.3756 1295.9797 -31.6036
v  0.0010 1295.4684 -43.4191
v  -22.0094 1274.3978 9.7657
v  -69.9246 1297.3909 1.0080
v  -22.2970 1275.1230 26.5262
v  -70.8384 1298.6902 31.0311
v  -9.0693 1275.5540 36.4808
v  -23.2340 1300.1909 65.7132
v  0.0041 1275.3671 32.1649
v  0.0011 1299.6758 53.8075
v  9.0774 1275.5540 36.4808
v  23.2361 1300.1910 65.7133
v  22.3052 1275.1230 26.5263
v  70.8516 1298.6902 31.0312
v  22.0176 1274.3978 9.7656
v  69.9378 1297.3910 1.0080
v  4.8372 1274.0273 1.2033
v  12.3777 1295.9797 -31.6035
v  -12.3756 1319.3671 -32.6288
v  0.0010 1318.8557 -44.4443
v  -69.9246 1320.7782 -0.0173
v  -70.8384 1322.0774 30.0059
v  -23.2340 1323.5782 64.6880
v  0.0011 1323.0630 52.7822
v  23.2361 1323.5782 64.6879
v  70.8516 1322.0774 30.0059
v  69.9378 1320.7782 -0.0174
v  12.3777 1319.3671 -32.6288
v  -12.3726 1331.1538 -17.5951
v  0.0041 1330.4307 -34.3033
v  -46.9359 1331.8933 -0.5047
v  -47.5492 1333.1926 29.5186
v  -23.2309 1334.0381 49.0602
v  0.0041 1333.6853 40.9056
v  23.2434 1334.0381 49.0602
v  47.5494 1333.1926 29.5186
v  46.9361 1331.8934 -0.5046
v  12.3807 1331.1538 -17.5951
v  0.0001 1238.1904 10.7930
v  -6.3425 1238.3041 13.4177
v  -8.9697 1238.5784 19.7544
v  -6.3425 1238.8525 26.0911
v  0.0000 1238.9661 28.7158
v  6.3426 1238.8525 26.0911
v  8.9698 1238.5784 19.7544
v  6.3427 1238.3041 13.4178
v  0.0001 1231.7000 7.3586
v  -8.9698 1231.8605 11.0705
v  -12.6851 1232.2483 20.0319
v  -8.9697 1232.6361 28.9932
v  0.0000 1232.7968 32.7052
v  8.9698 1232.6361 28.9933
v  12.6852 1232.2483 20.0319
v  8.9698 1231.8605 11.0705
v  0.0001 1225.5305 11.3480
v  -6.3425 1225.6442 13.9727
v  -8.9697 1225.9183 20.3094
v  -6.3425 1226.1926 26.6460
v  0.0001 1226.3062 29.2707
v  6.3426 1226.1926 26.6460
v  8.9698 1225.9183 20.3094
v  6.3427 1225.6442 13.9727
v  0.0001 1223.2964 20.4244
# 65 vertices

vn 0.0000 -0.6433 -0.7656
vn -0.6308 -0.4405 -0.6388
vn -0.5626 -0.3996 -0.7237
vn -0.0000 -0.3790 -0.9254
vn -0.6426 -0.6245 -0.4439
vn -0.7925 -0.4271 -0.4353
vn -0.6821 -0.6026 0.4142
vn -0.8260 -0.3954 0.4018
vn -0.0514 -0.4483 0.8924
vn -0.0954 -0.2966 0.9502
vn -0.0000 -0.2810 0.9597
vn 0.0000 -0.2825 0.9593
vn 0.0546 -0.4566 0.8880
vn 0.0954 -0.2966 0.9502
vn 0.6939 -0.5913 0.4110
vn 0.8259 -0.3954 0.4018
vn 0.6426 -0.6245 -0.4439
vn 0.7925 -0.4271 -0.4353
vn 0.6307 -0.4405 -0.6388
vn 0.5626 -0.3996 -0.7237
vn -0.5756 0.2974 -0.7617
vn -0.0000 0.2197 -0.9756
vn -0.8010 0.3782 -0.4641
vn -0.8307 0.4234 0.3614
vn -0.0688 0.3765 0.9239
vn 0.0000 0.3787 0.9255
vn 0.0687 0.3765 0.9239
vn 0.8307 0.4235 0.3614
vn 0.8009 0.3783 -0.4642
vn 0.5756 0.2973 -0.7618
vn -0.5464 -0.4208 -0.7241
vn 0.0001 0.7509 -0.6604
vn -0.3351 0.8609 -0.3829
vn -0.3459 0.9190 0.1893
vn -0.1091 0.8898 0.4432
vn -0.0000 0.9440 0.3300
vn 0.1093 0.8897 0.4432
vn 0.3458 0.9191 0.1891
vn 0.3350 0.8610 -0.3827
vn 0.5464 -0.4209 -0.7241
vn -0.0000 0.0601 -0.9982
vn -0.6872 0.0560 -0.7243
vn -0.9967 0.0776 -0.0244
vn -0.7146 0.1358 0.6863
vn -0.0000 0.1289 0.9917
vn 0.6869 0.1172 0.7172
vn 0.9967 0.0776 -0.0244
vn 0.6872 0.0559 -0.7243
vn 0.0000 -0.0435 -0.9991
vn -0.7071 -0.0307 -0.7064
vn -1.0000 -0.0000 0.0000
vn -0.7071 0.0307 0.7064
vn -0.0000 0.0435 0.9991
vn 0.7071 0.0307 0.7064
vn 1.0000 -0.0000 0.0000
vn 0.7071 -0.0307 -0.7064
vn 0.0000 -0.6949 -0.7191
vn -0.5293 -0.6854 -0.5000
vn -0.7486 -0.6624 0.0288
vn -0.5294 -0.6394 0.5577
vn -0.0000 -0.6298 0.7767
vn 0.5294 -0.6394 0.5577
vn 0.7486 -0.6624 0.0288
vn 0.5294 -0.6854 -0.5000
vn 0.0000 -0.9991 0.0435
# 65 vertex normals

o Bip001_Spine1
g Bip001_Spine1
usemtl wire_008110134
s 128
f 2801//2793 2802//2794 2803//2795 2804//2796 
s 64
f 2802//2794 2805//2797 2806//2798 2803//2795 
s 128
f 2805//2797 2807//2799 2808//2800 2806//2798 
s 64
f 2807//2799 2809//2801 2810//2802 2808//2800 
s 128
f 2809//2801 2811//2803 2812//2804 2810//2802 
s 64
f 2811//2803 2813//2805 2814//2806 2812//2804 
s 128
f 2813//2805 2815//2807 2816//2808 2814//2806 
s 64
f 2815//2807 2817//2809 2818//2810 2816//2808 
s 128
f 2817//2809 2819//2811 2820//2812 2818//2810 
s 64
f 2819//2811 2801//2793 2804//2796 2820//2812 
s 32
f 2804//2796 2803//2795 2821//2813 2822//2814 
s 16
f 2803//2795 2806//2798 2823//2815 2821//2813 
s 32
f 2806//2798 2808//2800 2824//2816 2823//2815 
s 16
f 2808//2800 2810//2802 2825//2817 2824//2816 
s 32
f 2810//2802 2812//2804 2826//2818 2825//2817 
s 16
f 2812//2804 2814//2806 2827//2819 2826//2818 
s 32
f 2814//2806 2816//2808 2828//2820 2827//2819 
s 16
f 2816//2808 2818//2810 2829//2821 2828//2820 
s 32
f 2818//2810 2820//2812 2830//2822 2829//2821 
s 16
f 2820//2812 2804//2796 2822//2814 2830//2822 
s 8
f 2822//2814 2821//2813 2831//2823 2832//2824 
s 4
f 2821//2813 2823//2815 2833//2825 2831//2823 
s 8
f 2823//2815 2824//2816 2834//2826 2833//2825 
s 4
f 2824//2816 2825//2817 2835//2827 2834//2826 
s 8
f 2825//2817 2826//2818 2836//2828 2835//2827 
s 4
f 2826//2818 2827//2819 2837//2829 2836//2828 
s 8
f 2827//2819 2828//2820 2838//2830 2837//2829 
s 4
f 2828//2820 2829//2821 2839//2831 2838//2830 
s 8
f 2829//2821 2830//2822 2840//2832 2839//2831 
s 4
f 2830//2822 2822//2814 2832//2824 2840//2832 
s off
f 2836//2828 2839//2831 2840//2832 2832//2824 
f 2836//2828 2832//2824 2831//2823 2833//2825 
f 2836//2828 2833//2825 2834//2826 2835//2827 
f 2838//2830 2839//2831 2836//2828 2837//2829 
s 512
f 2802//2794 2801//2793 2841//2833 
s 256
f 2805//2797 2802//2794 2841//2833 2842//2834 
s 512
f 2807//2799 2805//2797 2842//2834 2843//2835 
s 256
f 2844//2836 2809//2801 2807//2799 2843//2835 
f 2844//2836 2845//2837 2809//2801 
s 512
f 2811//2803 2809//2801 2845//2837 
s 256
f 2813//2805 2811//2803 2845//2837 
s 512
f 2846//2838 2815//2807 2813//2805 2845//2837 
f 2846//2838 2847//2839 2815//2807 
s 256
f 2817//2809 2815//2807 2847//2839 2848//2840 
s 512
f 2819//2811 2817//2809 2848//2840 2841//2833 
s 256
f 2801//2793 2819//2811 2841//2833 
s off
f 2841//2833 2849//2841 2850//2842 2842//2834 
f 2842//2834 2850//2842 2851//2843 2843//2835 
f 2843//2835 2851//2843 2852//2844 2844//2836 
f 2844//2836 2852//2844 2853//2845 2845//2837 
f 2845//2837 2853//2845 2854//2846 2846//2838 
f 2846//2838 2854//2846 2855//2847 2847//2839 
f 2847//2839 2855//2847 2856//2848 2848//2840 
f 2848//2840 2856//2848 2849//2841 2841//2833 
f 2849//2841 2857//2849 2858//2850 2850//2842 
f 2850//2842 2858//2850 2859//2851 2851//2843 
f 2851//2843 2859//2851 2860//2852 2852//2844 
f 2852//2844 2860//2852 2861//2853 2853//2845 
f 2853//2845 2861//2853 2862//2854 2854//2846 
f 2854//2846 2862//2854 2863//2855 2855//2847 
f 2855//2847 2863//2855 2864//2856 2856//2848 
f 2856//2848 2864//2856 2857//2849 2849//2841 
f 2865//2857 2858//2850 2857//2849 
f 2865//2857 2859//2851 2858//2850 
f 2865//2857 2860//2852 2859//2851 
f 2865//2857 2861//2853 2860//2852 
f 2865//2857 2862//2854 2861//2853 
f 2865//2857 2863//2855 2862//2854 
f 2865//2857 2864//2856 2863//2855 
f 2865//2857 2857//2849 2864//2856 
# 56 polygons - 14 triangles

#
# object Bip001_Spine2
#

v  0.0040 1393.3888 -21.8827
v  -4.8291 1395.1597 -12.4018
v  -12.3757 1421.8131 -49.7440
v  0.0010 1419.6418 -61.3695
v  -22.0094 1396.7330 -3.9771
v  -69.9247 1427.8060 -17.6568
v  -22.2971 1399.8131 12.5140
v  -70.8384 1433.3234 11.8837
v  -9.0694 1401.6425 22.3084
v  -23.2340 1439.6969 46.0081
v  0.0041 1400.8494 18.0620
v  0.0010 1437.5090 34.2938
v  9.0774 1401.6426 22.3085
v  23.2360 1439.6970 46.0082
v  22.3051 1399.8131 12.5140
v  70.8516 1433.3235 11.8837
v  22.0175 1396.7330 -3.9772
v  69.9377 1427.8062 -17.6568
v  4.8372 1395.1597 -12.4018
v  12.3776 1421.8131 -49.7439
v  -12.3757 1454.3905 -55.8285
v  0.0010 1452.2191 -67.4540
v  -69.9247 1460.3834 -23.7412
v  -70.8385 1465.9006 5.7992
v  -23.2340 1472.2742 39.9237
v  0.0010 1470.0863 28.2093
v  23.2360 1472.2742 39.9236
v  70.8516 1465.9008 5.7992
v  69.9377 1460.3834 -23.7414
v  12.3776 1454.3905 -55.8284
v  -12.3727 1472.7256 -43.4488
v  0.0040 1469.6550 -59.8883
v  -46.9360 1475.8662 -26.6331
v  -47.5493 1481.3835 2.9075
v  -23.2310 1484.9746 22.1349
v  0.0040 1483.4761 14.1113
v  23.2390 1484.9746 22.1348
v  47.5493 1481.3835 2.9074
v  46.9360 1475.8663 -26.6330
v  12.3806 1472.7256 -43.4488
v  0.0001 1346.2291 4.8865
v  -6.3425 1346.7114 7.4690
v  -8.9697 1347.8760 13.7038
v  -6.3426 1349.0404 19.9386
v  0.0000 1349.5228 22.5211
v  6.3426 1349.0404 19.9386
v  8.9698 1347.8761 13.7038
v  6.3426 1346.7114 7.4690
v  0.0001 1336.7297 2.8810
v  -8.9698 1337.4117 6.5333
v  -12.6851 1339.0586 15.3506
v  -8.9697 1340.7056 24.1679
v  0.0000 1341.3876 27.8202
v  8.9698 1340.7056 24.1679
v  12.6852 1339.0586 15.3506
v  8.9698 1337.4119 6.5333
v  0.0001 1328.5945 8.1801
v  -6.3425 1329.0769 10.7626
v  -8.9697 1330.2413 16.9974
v  -6.3425 1331.4059 23.2322
v  0.0000 1331.8881 25.8147
v  6.3426 1331.4059 23.2322
v  8.9698 1330.2413 16.9974
v  6.3427 1329.0769 10.7626
v  0.0001 1326.5890 17.6796
# 65 vertices

vn 0.0000 -0.7446 -0.6675
vn -0.6308 -0.5260 -0.5705
vn -0.5626 -0.4974 -0.6603
vn -0.0000 -0.5054 -0.8629
vn -0.6426 -0.6807 -0.3517
vn -0.7925 -0.4841 -0.3709
vn -0.6821 -0.5384 0.4949
vn -0.8260 -0.3349 0.4534
vn -0.0514 -0.3183 0.9466
vn -0.0954 -0.1599 0.9825
vn -0.0000 -0.1432 0.9897
vn 0.0000 -0.1447 0.9895
vn 0.0546 -0.3271 0.9434
vn 0.0954 -0.1599 0.9825
vn 0.6939 -0.5276 0.4901
vn 0.8259 -0.3349 0.4535
vn 0.6426 -0.6808 -0.3516
vn 0.7925 -0.4841 -0.3709
vn 0.6307 -0.5260 -0.5705
vn 0.5626 -0.4974 -0.6603
vn -0.5756 0.1873 -0.7960
vn -0.0000 0.0802 -0.9968
vn -0.8010 0.3091 -0.5127
vn -0.8307 0.4700 0.2982
vn -0.0688 0.5027 0.8617
vn 0.0000 0.5052 0.8630
vn 0.0687 0.5027 0.8617
vn 0.8307 0.4701 0.2983
vn 0.8009 0.3092 -0.5128
vn 0.5756 0.1872 -0.7960
vn -0.5464 -0.5185 -0.6577
vn 0.0001 0.6505 -0.7595
vn -0.3351 0.7985 -0.5002
vn -0.3459 0.9365 0.0581
vn -0.1091 0.9433 0.3136
vn -0.0000 0.9810 0.1939
vn 0.1092 0.9433 0.3136
vn 0.3458 0.9365 0.0579
vn 0.3350 0.7986 -0.5001
vn 0.5464 -0.5186 -0.6577
vn -0.0000 -0.0809 -0.9967
vn -0.6872 -0.0465 -0.7249
vn -0.9967 0.0734 -0.0351
vn -0.7146 0.2310 0.6603
vn -0.0000 0.2671 0.9637
vn 0.6869 0.2169 0.6936
vn 0.9967 0.0734 -0.0350
vn 0.6872 -0.0466 -0.7249
vn 0.0000 -0.1836 -0.9830
vn -0.7071 -0.1298 -0.6951
vn -1.0000 -0.0000 0.0000
vn -0.7071 0.1298 0.6951
vn -0.0000 0.1836 0.9830
vn 0.7071 0.1298 0.6951
vn 1.0000 -0.0000 0.0000
vn 0.7071 -0.1298 -0.6951
vn 0.0000 -0.7892 -0.6142
vn -0.5293 -0.7489 -0.3986
vn -0.7486 -0.6517 0.1217
vn -0.5294 -0.5545 0.6421
vn -0.0000 -0.5143 0.8576
vn 0.5294 -0.5545 0.6421
vn 0.7486 -0.6517 0.1217
vn 0.5294 -0.7489 -0.3986
vn 0.0000 -0.9830 0.1836
# 65 vertex normals

o Bip001_Spine2
g Bip001_Spine2
usemtl wire_008110134
s 64
f 2866//2858 2867//2859 2868//2860 2869//2861 
s 128
f 2867//2859 2870//2862 2871//2863 2868//2860 
s 64
f 2870//2862 2872//2864 2873//2865 2871//2863 
s 128
f 2872//2864 2874//2866 2875//2867 2873//2865 
s 64
f 2874//2866 2876//2868 2877//2869 2875//2867 
s 128
f 2876//2868 2878//2870 2879//2871 2877//2869 
s 64
f 2878//2870 2880//2872 2881//2873 2879//2871 
s 128
f 2880//2872 2882//2874 2883//2875 2881//2873 
s 64
f 2882//2874 2884//2876 2885//2877 2883//2875 
s 128
f 2884//2876 2866//2858 2869//2861 2885//2877 
s 16
f 2869//2861 2868//2860 2886//2878 2887//2879 
s 32
f 2868//2860 2871//2863 2888//2880 2886//2878 
s 16
f 2871//2863 2873//2865 2889//2881 2888//2880 
s 32
f 2873//2865 2875//2867 2890//2882 2889//2881 
s 16
f 2875//2867 2877//2869 2891//2883 2890//2882 
s 32
f 2877//2869 2879//2871 2892//2884 2891//2883 
s 16
f 2879//2871 2881//2873 2893//2885 2892//2884 
s 32
f 2881//2873 2883//2875 2894//2886 2893//2885 
s 16
f 2883//2875 2885//2877 2895//2887 2894//2886 
s 32
f 2885//2877 2869//2861 2887//2879 2895//2887 
s 4
f 2887//2879 2886//2878 2896//2888 2897//2889 
s 8
f 2886//2878 2888//2880 2898//2890 2896//2888 
s 4
f 2888//2880 2889//2881 2899//2891 2898//2890 
s 8
f 2889//2881 2890//2882 2900//2892 2899//2891 
s 4
f 2890//2882 2891//2883 2901//2893 2900//2892 
s 8
f 2891//2883 2892//2884 2902//2894 2901//2893 
s 4
f 2892//2884 2893//2885 2903//2895 2902//2894 
s 8
f 2893//2885 2894//2886 2904//2896 2903//2895 
s 4
f 2894//2886 2895//2887 2905//2897 2904//2896 
s 8
f 2895//2887 2887//2879 2897//2889 2905//2897 
s off
f 2901//2893 2904//2896 2905//2897 2897//2889 
f 2901//2893 2897//2889 2896//2888 2898//2890 
f 2901//2893 2898//2890 2899//2891 2900//2892 
f 2903//2895 2904//2896 2901//2893 2902//2894 
s 256
f 2867//2859 2866//2858 2906//2898 
s 512
f 2870//2862 2867//2859 2906//2898 2907//2899 
s 256
f 2872//2864 2870//2862 2907//2899 2908//2900 
s 512
f 2909//2901 2874//2866 2872//2864 2908//2900 
f 2909//2901 2910//2902 2874//2866 
s 256
f 2876//2868 2874//2866 2910//2902 
s 512
f 2878//2870 2876//2868 2910//2902 
s 256
f 2911//2903 2880//2872 2878//2870 2910//2902 
f 2911//2903 2912//2904 2880//2872 
s 512
f 2882//2874 2880//2872 2912//2904 2913//2905 
s 256
f 2884//2876 2882//2874 2913//2905 2906//2898 
s 512
f 2866//2858 2884//2876 2906//2898 
s off
f 2906//2898 2914//2906 2915//2907 2907//2899 
f 2907//2899 2915//2907 2916//2908 2908//2900 
f 2908//2900 2916//2908 2917//2909 2909//2901 
f 2909//2901 2917//2909 2918//2910 2910//2902 
f 2910//2902 2918//2910 2919//2911 2911//2903 
f 2911//2903 2919//2911 2920//2912 2912//2904 
f 2912//2904 2920//2912 2921//2913 2913//2905 
f 2913//2905 2921//2913 2914//2906 2906//2898 
f 2914//2906 2922//2914 2923//2915 2915//2907 
f 2915//2907 2923//2915 2924//2916 2916//2908 
f 2916//2908 2924//2916 2925//2917 2917//2909 
f 2917//2909 2925//2917 2926//2918 2918//2910 
f 2918//2910 2926//2918 2927//2919 2919//2911 
f 2919//2911 2927//2919 2928//2920 2920//2912 
f 2920//2912 2928//2920 2929//2921 2921//2913 
f 2921//2913 2929//2921 2922//2914 2914//2906 
f 2930//2922 2923//2915 2922//2914 
f 2930//2922 2924//2916 2923//2915 
f 2930//2922 2925//2917 2924//2916 
f 2930//2922 2926//2918 2925//2917 
f 2930//2922 2927//2919 2926//2918 
f 2930//2922 2928//2920 2927//2919 
f 2930//2922 2929//2921 2928//2920 
f 2930//2922 2922//2914 2929//2921 
# 56 polygons - 14 triangles

#
# object Bip001_Neck
#

v  17.3587 1502.2633 -24.8422
v  12.2746 1502.8145 -31.3458
v  29.5349 1574.8219 -35.9298
v  41.1900 1572.5386 -17.2319
v  -0.0000 1503.0427 -34.0396
v  -28.9462 1574.8219 -35.9299
v  -12.2746 1502.8145 -31.3458
v  -17.3587 1502.2633 -24.8422
v  -40.6014 1572.5387 -17.2319
v  -0.0000 1501.4839 -15.6447
v  -8.1489 1532.7271 -0.0722
v  8.5838 1533.8289 0.2616
v  13.4021 1569.8177 5.0510
v  -12.8131 1569.8177 5.0510
v  -0.0000 1492.0292 -38.8138
v  -17.3587 1491.7064 -35.0042
v  -24.5490 1490.9270 -25.8066
v  -17.3588 1490.1476 -16.6092
v  -0.0001 1489.8248 -12.7994
v  17.3587 1490.1476 -16.6092
v  24.5489 1490.9270 -25.8067
v  17.3587 1491.7063 -35.0041
v  -0.0000 1480.3700 -35.9685
v  -12.2746 1480.1417 -33.2746
v  -17.3588 1479.5907 -26.7711
v  -12.2744 1479.0396 -20.2675
v  -0.0001 1478.8113 -17.5737
v  12.2745 1479.0396 -20.2675
v  17.3587 1479.5907 -26.7711
v  12.2745 1480.1417 -33.2746
v  -0.0000 1474.8950 -27.1706
# 31 vertices

vn 0.9835 0.0030 0.1809
vn 0.7071 0.1099 -0.6985
vn 0.4938 0.6169 -0.6129
vn 0.8125 0.5564 0.1740
vn 0.0188 0.1680 -0.9856
vn -0.4961 0.6225 -0.6053
vn -0.7073 0.1110 -0.6982
vn -0.9771 0.0384 0.2093
vn -0.8082 0.5660 0.1625
vn 0.0004 -0.0384 0.9993
vn -0.2764 -0.3270 0.9037
vn -0.0719 -0.1455 0.9867
vn 0.3862 0.5106 0.7682
vn -0.3860 0.5106 0.7683
vn 0.0000 0.0849 -0.9964
vn -0.7071 0.0600 -0.7046
vn -1.0000 0.0000 0.0000
vn -0.7302 0.0254 0.6828
vn 0.0000 -0.0849 0.9964
vn 0.7302 0.0254 0.6828
vn 1.0000 -0.0000 0.0000
vn 0.7071 0.0600 -0.7046
vn 0.0000 -0.4470 -0.8945
vn -0.6036 -0.4682 -0.6453
vn -0.8535 -0.5192 -0.0439
vn -0.6034 -0.5703 0.5573
vn -0.0000 -0.5915 0.8063
vn 0.6034 -0.5703 0.5574
vn 0.8535 -0.5192 -0.0439
vn 0.6036 -0.4682 -0.6453
vn -0.0000 -0.9964 -0.0844
# 31 vertex normals

o Bip001_Neck
g Bip001_Neck
usemtl wire_008110134
s 64
f 2931//2923 2932//2924 2933//2925 2934//2926 
s 2
f 2932//2924 2935//2927 2936//2928 2933//2925 
f 2935//2927 2937//2929 2936//2928 
s 4
f 2937//2929 2938//2930 2939//2931 2936//2928 
s 8
f 2938//2930 2940//2932 2941//2933 2939//2931 
s 32
f 2942//2934 2931//2923 2934//2926 2943//2935 
s off
f 2936//2928 2939//2931 2934//2926 2933//2925 
f 2943//2935 2934//2926 2939//2931 2944//2936 
f 2935//2927 2945//2937 2946//2938 2937//2929 
f 2937//2929 2946//2938 2947//2939 2938//2930 
f 2938//2930 2947//2939 2948//2940 2940//2932 
f 2940//2932 2948//2940 2949//2941 
f 2940//2932 2949//2941 2950//2942 
f 2931//2923 2940//2932 2950//2942 2951//2943 
f 2931//2923 2951//2943 2952//2944 2932//2924 
f 2932//2924 2952//2944 2945//2937 2935//2927 
f 2945//2937 2953//2945 2954//2946 2946//2938 
f 2946//2938 2954//2946 2955//2947 2947//2939 
f 2947//2939 2955//2947 2956//2948 2948//2940 
f 2948//2940 2956//2948 2957//2949 2949//2941 
f 2949//2941 2957//2949 2958//2950 2950//2942 
f 2950//2942 2958//2950 2959//2951 2951//2943 
f 2951//2943 2959//2951 2960//2952 2952//2944 
f 2952//2944 2960//2952 2953//2945 2945//2937 
f 2961//2953 2954//2946 2953//2945 
f 2961//2953 2955//2947 2954//2946 
f 2961//2953 2956//2948 2955//2947 
f 2961//2953 2957//2949 2956//2948 
f 2961//2953 2958//2950 2957//2949 
f 2961//2953 2959//2951 2958//2950 
f 2961//2953 2960//2952 2959//2951 
f 2961//2953 2953//2945 2960//2952 
s 144
f 2941//2933 2940//2932 2942//2934 2943//2935 
s 128
f 2944//2936 2941//2933 2943//2935 
s 8
f 2939//2931 2941//2933 2944//2936 
s 32
f 2940//2932 2931//2923 2942//2934 
# 22 polygons - 14 triangles

#
# object Bip001_L_Clavicle
#

v  64.2306 1455.0431 13.7748
v  65.5600 1494.5712 -13.8249
v  75.1077 1509.7551 -61.5876
v  73.7760 1459.8204 -52.2613
v  65.5599 1478.3549 -100.6498
v  64.2305 1431.5293 -112.1211
v  152.2764 1445.1512 -36.9910
v  149.8912 1459.4421 -52.1907
v  149.8978 1479.1694 -55.8752
v  152.2834 1465.8767 -40.8619
v  152.2764 1440.6284 -61.2071
v  152.2834 1461.3539 -65.0780
v  115.7568 1459.0006 -52.1082
v  115.7512 1448.6260 -15.9624
v  115.7512 1436.2786 -82.0725
v  115.7619 1468.1851 -88.0318
v  115.7670 1489.4928 -57.8033
v  115.7620 1480.5325 -21.9216
# 18 vertices

vn -0.6848 -0.3780 0.6230
vn -0.8321 0.5483 0.0837
vn -0.3048 0.9362 -0.1749
vn -0.6433 -0.7526 0.1406
vn -0.8321 0.4811 -0.2759
vn -0.6848 -0.5774 -0.4446
vn 0.6566 -0.7034 0.2722
vn 0.8474 -0.5219 0.0975
vn 0.4700 0.8677 -0.1621
vn 0.8792 0.3557 0.3170
vn 0.6566 -0.7542 0.0001
vn 0.8792 0.2173 -0.4241
vn -0.0008 -0.9830 0.1836
vn 0.0676 -0.7503 0.6577
vn 0.0676 -0.9371 -0.3425
vn 0.1094 0.3591 -0.9269
vn 0.0984 0.9782 -0.1827
vn 0.1094 0.6694 0.7348
# 18 vertex normals

o Bip001_L_Clavicle
g Bip001_L_Clavicle
usemtl wire_028028177
s 32
f 2962//2954 2963//2955 2964//2956 2965//2957 
s 64
f 2965//2957 2964//2956 2966//2958 2967//2959 
s off
f 2968//2960 2969//2961 2970//2962 2971//2963 
f 2969//2961 2972//2964 2973//2965 2970//2962 
s 256
f 2962//2954 2965//2957 2974//2966 2975//2967 
s 128
f 2974//2966 2965//2957 2967//2959 2976//2968 
s 256
f 2975//2967 2974//2966 2969//2961 2968//2960 
s 128
f 2969//2961 2974//2966 2976//2968 2972//2964 
s 8
f 2967//2959 2966//2958 2977//2969 2976//2968 
f 2976//2968 2977//2969 2973//2965 2972//2964 
s 2
f 2966//2958 2964//2956 2978//2970 2977//2969 
s 4
f 2978//2970 2964//2956 2963//2955 2979//2971 
s 2
f 2977//2969 2978//2970 2970//2962 2973//2965 
s 4
f 2970//2962 2978//2970 2979//2971 2971//2963 
s 16
f 2963//2955 2962//2954 2975//2967 2979//2971 
f 2979//2971 2975//2967 2968//2960 2971//2963 
# 16 polygons

#
# object Bip001_L_UpperArm
#

v  179.4261 1420.8883 -53.9644
v  241.8398 1429.5127 -114.0073
v  233.4967 1423.5822 -56.9362
v  235.6898 1438.9993 -19.3078
v  180.6531 1430.6342 -32.9681
v  235.8652 1472.8290 -17.9468
v  181.2711 1455.8302 -23.4195
v  180.9180 1481.7169 -30.9129
v  179.8008 1493.1300 -51.0580
v  233.8475 1491.2415 -54.2141
v  301.9189 1491.5166 -58.0817
v  242.1537 1490.0676 -111.5710
v  178.5738 1483.3843 -72.0543
v  177.9558 1458.1882 -81.6029
v  178.3089 1432.3015 -74.1094
v  301.5707 1424.3203 -60.7852
v  375.0182 1429.5573 -50.0990
v  303.7142 1430.2147 -23.5399
v  375.0075 1485.7626 -53.1256
v  303.9861 1482.6274 -21.4313
v  373.6458 1487.8073 -77.0820
v  287.9450 1475.7833 -86.6089
v  373.5878 1430.7622 -75.2107
v  287.7708 1442.1849 -87.9611
v  145.7807 1456.7576 -50.5936
v  150.5459 1483.1757 -70.4657
v  149.9279 1457.9796 -80.0143
v  151.7728 1492.9215 -49.4694
v  152.8901 1481.5083 -29.3243
v  153.2432 1455.6216 -21.8309
v  152.6252 1430.4255 -31.3795
v  151.3982 1420.6798 -52.3758
v  150.2809 1432.0929 -72.5208
v  164.1291 1494.2048 -79.3553
v  163.2552 1458.5723 -92.8587
v  165.8644 1507.9877 -49.6617
v  167.4444 1491.8468 -21.1720
v  167.9438 1455.2375 -10.5751
v  167.0699 1419.6050 -24.0784
v  165.3345 1405.8221 -53.7721
v  163.7545 1421.9630 -82.2618
# 41 vertices

vn 0.1888 -0.9815 -0.0315
vn -0.0064 -0.6052 -0.7960
vn 0.9984 -0.0047 -0.0571
vn 0.0011 -0.5847 0.8112
vn 0.2152 -0.7353 0.6427
vn 0.0241 0.5280 0.8489
vn 0.2278 -0.0546 0.9722
vn 0.2184 0.6800 0.6999
vn 0.1876 0.9809 0.0504
vn 0.0530 0.5401 0.8399
vn 0.0220 0.9828 0.1832
vn -0.0221 0.6572 -0.7534
vn 0.0678 0.7453 -0.6633
vn 0.0518 0.0629 -0.9967
vn 0.0645 -0.6896 -0.7213
vn 0.0047 -0.9970 0.0774
vn 0.6464 -0.5713 0.5057
vn 0.0265 -0.6556 0.7546
vn 0.6572 0.5722 0.4906
vn 0.1781 0.5175 0.8370
vn 0.5661 0.5840 -0.5818
vn 0.2316 0.1395 -0.9628
vn 0.5762 -0.5722 -0.5835
vn 0.0732 0.2149 -0.9739
vn -0.9984 0.0000 0.0569
vn -0.6908 0.5503 -0.4690
vn -0.7045 0.0303 -0.7091
vn -0.6602 0.7480 0.0679
vn -0.6306 0.5075 0.5871
vn -0.6194 -0.0303 0.7845
vn -0.6331 -0.5503 0.5444
vn -0.6637 -0.7480 0.0075
vn -0.6932 -0.5075 -0.5117
vn -0.0386 0.7351 -0.6768
vn -0.0568 0.0404 -0.9976
vn 0.0023 0.9992 0.0404
vn 0.0418 0.6779 0.7339
vn 0.0568 -0.0404 0.9976
vn 0.0386 -0.7351 0.6768
vn -0.0023 -0.9992 -0.0404
vn -0.0418 -0.6779 -0.7339
# 41 vertex normals

o Bip001_L_UpperArm
g Bip001_L_UpperArm
usemtl wire_028028177
s 6144
f 2980//2972 2981//2973 2982//2974 2983//2975 
s 4096
f 2980//2972 2983//2975 2984//2976 
s 16
f 2984//2976 2983//2975 2985//2977 2986//2978 
f 2986//2978 2985//2977 2987//2979 
s 256
f 2988//2980 2987//2979 2985//2977 2989//2981 
s 128
f 2988//2980 2989//2981 2990//2982 2991//2983 
f 2988//2980 2991//2983 2992//2984 
s 2
f 2992//2984 2991//2983 2981//2973 2993//2985 
f 2993//2985 2981//2973 2994//2986 
s 2048
f 2994//2986 2981//2973 2980//2972 
s 6144
f 2982//2974 2981//2973 2995//2987 2983//2975 
s 16384
f 2995//2987 2996//2988 2997//2989 2983//2975 
s 96
f 2983//2975 2997//2989 2998//2990 2999//2991 
s 32
f 2983//2975 2999//2991 2985//2977 
s 1024
f 2985//2977 2999//2991 2998//2990 2990//2982 
s 256
f 2985//2977 2990//2982 2989//2981 
s 1536
f 2991//2983 2990//2982 3000//2992 3001//2993 
s 12
f 2991//2983 3001//2993 3002//2994 3003//2995 
s 4
f 2991//2983 3003//2995 2981//2973 
s 24576
f 2981//2973 3003//2995 3002//2994 2995//2987 
s 64
f 2996//2988 2998//2990 2997//2989 
s 1024
f 2998//2990 3000//2992 2990//2982 
s 8
f 3001//2993 3000//2992 3002//2994 
s 16384
f 2995//2987 3002//2994 2996//2988 
s off
f 2996//2988 3002//2994 3000//2992 2998//2990 
f 3004//2996 3005//2997 3006//2998 
f 3004//2996 3007//2999 3005//2997 
f 3004//2996 3008//3000 3007//2999 
f 3004//2996 3009//3001 3008//3000 
f 3004//2996 3010//3002 3009//3001 
f 3004//2996 3011//3003 3010//3002 
f 3004//2996 3012//3004 3011//3003 
f 3004//2996 3006//2998 3012//3004 
f 3006//2998 3005//2997 3013//3005 3014//3006 
f 3005//2997 3007//2999 3015//3007 3013//3005 
f 3007//2999 3008//3000 3016//3008 3015//3007 
f 3008//3000 3009//3001 3017//3009 3016//3008 
f 3009//3001 3010//3002 3018//3010 3017//3009 
f 3010//3002 3011//3003 3019//3011 3018//3010 
f 3011//3003 3012//3004 3020//3012 3019//3011 
f 3012//3004 3006//2998 3014//3006 3020//3012 
f 3014//3006 3013//3005 2992//2984 2993//2985 
f 3013//3005 3015//3007 2988//2980 2992//2984 
f 3015//3007 3016//3008 2987//2979 2988//2980 
f 3016//3008 3017//3009 2986//2978 2987//2979 
f 3017//3009 3018//3010 2984//2976 2986//2978 
f 3018//3010 3019//3011 2980//2972 2984//2976 
f 3019//3011 3020//3012 2994//2986 2980//2972 
f 3020//3012 3014//3006 2993//2985 2994//2986 
# 29 polygons - 20 triangles

#
# object Bip001_L_Forearm
#

v  400.5882 1429.8597 -38.3870
v  400.8172 1421.2185 -64.2065
v  434.1517 1409.4791 -63.2242
v  431.6189 1425.9719 -4.4023
v  473.2971 1403.5001 -62.3263
v  472.2869 1420.3921 -3.5757
v  519.3335 1423.2039 -95.5342
v  517.5451 1422.1676 -26.6781
v  515.8375 1481.2455 -26.3017
v  517.6262 1482.2817 -95.1577
v  470.9010 1502.9680 -61.6803
v  468.8660 1484.3082 -3.2108
v  435.0547 1500.4691 -62.5588
v  434.5557 1481.9910 -4.1632
v  404.5875 1484.0469 -63.0377
v  403.2541 1474.2860 -37.5606
v  402.1505 1430.9795 -89.6837
v  434.6508 1427.9573 -121.6198
v  475.3320 1422.1599 -120.7959
v  646.8448 1434.3417 -78.6141
v  646.1099 1420.9514 -38.2769
v  645.1492 1463.1489 -78.5466
v  643.7847 1475.3011 -38.0424
v  471.9111 1486.0759 -120.4309
v  437.5875 1483.9767 -121.3807
v  404.8165 1475.4058 -88.8572
v  401.5977 1451.8411 -27.3500
v  403.8070 1453.4244 -99.8942
v  362.3679 1460.4351 -65.3008
v  371.4024 1481.8693 -90.2476
v  370.3929 1459.8879 -101.2846
v  371.1734 1490.5105 -64.4282
v  369.8400 1480.7496 -38.9510
v  368.1836 1458.3046 -28.7404
v  367.1741 1436.3232 -39.7774
v  367.4031 1427.6821 -65.5969
v  368.7362 1437.4430 -91.0741
v  388.9853 1488.0707 -100.0056
v  387.5576 1456.9840 -115.6140
v  388.6615 1500.2910 -63.4909
v  386.7758 1486.4867 -27.4609
v  384.4329 1454.7445 -13.0207
v  383.0052 1423.6583 -28.6291
v  383.3291 1411.4380 -65.1438
v  385.2148 1425.2418 -101.1738
# 45 vertices

vn -0.0283 -0.7532 0.6572
vn 0.0590 -0.9981 -0.0165
vn -0.1423 -0.9879 -0.0608
vn -0.2432 -0.5360 0.8084
vn 0.0540 -0.9880 -0.1448
vn 0.0664 -0.5736 0.8165
vn 0.1971 -0.6891 -0.6974
vn 0.0851 -0.7315 0.6765
vn 0.1121 0.7200 0.6849
vn 0.2205 0.7069 -0.6720
vn 0.0949 0.9896 -0.1079
vn 0.0701 0.5627 0.8237
vn -0.1622 0.9853 -0.0543
vn -0.1951 0.5586 0.8062
vn 0.1108 0.9935 0.0252
vn 0.0137 0.7073 0.7068
vn 0.0274 -0.7363 -0.6762
vn -0.1600 -0.6407 -0.7509
vn 0.1232 -0.6099 -0.7828
vn 0.6726 -0.4013 -0.6218
vn 0.5863 -0.6684 0.4578
vn 0.6103 0.4797 -0.6304
vn 0.5402 0.6892 0.4830
vn 0.1294 0.6230 -0.7715
vn -0.1699 0.7420 -0.6485
vn 0.0600 0.7404 -0.6695
vn 0.0521 -0.1003 0.9936
vn 0.0924 0.0556 -0.9942
vn -0.9938 0.1060 -0.0327
vn -0.5847 0.6067 -0.5386
vn -0.6328 0.0846 -0.7697
vn -0.5801 0.8145 -0.0047
vn -0.6217 0.5865 0.5192
vn -0.6851 0.0560 0.7263
vn -0.7332 -0.4661 0.4952
vn -0.7377 -0.6740 -0.0387
vn -0.6962 -0.4459 -0.5626
vn 0.0992 0.7165 -0.6905
vn 0.0349 0.0191 -0.9992
vn 0.1053 0.9942 0.0227
vn 0.0498 0.6895 0.7226
vn -0.0349 -0.0191 0.9992
vn -0.0992 -0.7165 0.6905
vn -0.1053 -0.9942 -0.0227
vn -0.0498 -0.6895 -0.7226
# 45 vertex normals

o Bip001_L_Forearm
g Bip001_L_Forearm
usemtl wire_028028177
s 8192
f 3021//3013 3022//3014 3023//3015 3024//3016 
f 3024//3016 3023//3015 3025//3017 3026//3018 
s 40960
f 3026//3018 3025//3017 3027//3019 3028//3020 
s 12
f 3029//3021 3030//3022 3031//3023 3032//3024 
s 8
f 3032//3024 3031//3023 3033//3025 3034//3026 
f 3034//3026 3033//3025 3035//3027 3036//3028 
s 16384
f 3037//3029 3038//3030 3039//3031 3023//3015 
f 3023//3015 3039//3031 3027//3019 3025//3017 
s 65536
f 3028//3020 3027//3019 3040//3032 3041//3033 
s off
f 3041//3033 3040//3032 3042//3034 3043//3035 
s 2
f 3043//3035 3042//3034 3030//3022 3029//3021 
s 16
f 3030//3022 3044//3036 3033//3025 3031//3023 
f 3044//3036 3045//3037 3046//3038 3033//3025 
f 3033//3025 3046//3038 3035//3027 
s 4096
f 3028//3020 3041//3033 3043//3035 3029//3021 
s 2048
f 3026//3018 3028//3020 3029//3021 3032//3024 
s 1024
f 3024//3016 3026//3018 3032//3024 3034//3026 
s 512
f 3024//3016 3034//3026 3047//3039 3021//3013 
f 3047//3039 3034//3026 3036//3028 
s 256
f 3027//3019 3030//3022 3042//3034 3040//3032 
s 128
f 3039//3031 3044//3036 3030//3022 3027//3019 
s 64
f 3038//3030 3045//3037 3044//3036 3039//3031 
s 32
f 3048//3040 3046//3038 3045//3037 3038//3030 
f 3037//3029 3048//3040 3038//3030 
s off
f 3049//3041 3050//3042 3051//3043 
f 3049//3041 3052//3044 3050//3042 
f 3049//3041 3053//3045 3052//3044 
f 3049//3041 3054//3046 3053//3045 
f 3049//3041 3055//3047 3054//3046 
f 3049//3041 3056//3048 3055//3047 
f 3049//3041 3057//3049 3056//3048 
f 3049//3041 3051//3043 3057//3049 
f 3051//3043 3050//3042 3058//3050 3059//3051 
f 3050//3042 3052//3044 3060//3052 3058//3050 
f 3052//3044 3053//3045 3061//3053 3060//3052 
f 3053//3045 3054//3046 3062//3054 3061//3053 
f 3054//3046 3055//3047 3063//3055 3062//3054 
f 3055//3047 3056//3048 3064//3056 3063//3055 
f 3056//3048 3057//3049 3065//3057 3064//3056 
f 3057//3049 3051//3043 3059//3051 3065//3057 
f 3059//3051 3058//3050 3046//3038 3048//3040 
f 3058//3050 3060//3052 3035//3027 3046//3038 
f 3060//3052 3061//3053 3036//3028 3035//3027 
f 3061//3053 3062//3054 3047//3039 3036//3028 
f 3062//3054 3063//3055 3021//3013 3047//3039 
f 3063//3055 3064//3056 3022//3014 3021//3013 
f 3064//3056 3065//3057 3037//3029 3022//3014 
f 3065//3057 3059//3051 3048//3040 3037//3029 
s 16384
f 3022//3014 3037//3029 3023//3015 
# 37 polygons - 12 triangles

#
# object Bip001_L_Hand
#

v  646.4217 1434.3245 -37.9885
v  645.4060 1467.7346 -38.7750
v  647.1752 1465.4771 -80.2934
v  641.5201 1432.7939 -58.6911
v  706.6784 1438.6002 -4.7156
v  697.0822 1473.2040 -4.8912
v  735.7875 1443.3065 1.2200
v  729.3645 1462.6924 1.9438
v  672.4718 1417.7109 -49.5419
v  688.8865 1425.6185 -22.5437
v  677.2864 1434.6097 -59.2993
v  648.1908 1432.0669 -79.5071
v  744.2937 1462.8197 -98.0447
v  744.4552 1471.2769 -79.7954
v  750.1491 1433.7953 -19.8532
v  750.4882 1435.0425 -99.1257
v  744.1445 1464.6132 -16.8871
v  690.5410 1467.7966 -100.5608
v  691.6888 1432.8132 -99.6704
v  709.2797 1433.6038 -101.1584
v  733.0145 1456.6676 -112.5699
v  739.4376 1437.2816 -113.2937
v  686.1178 1426.8877 -92.4170
v  673.3356 1427.3721 -74.3732
v  725.8434 1428.8929 -11.2123
v  727.6111 1424.6055 -95.5833
v  693.4366 1486.3684 -43.8823
v  691.8572 1484.1637 -77.9339
# 28 vertices

vn -0.6063 -0.5654 0.5592
vn -0.7151 0.5878 0.3783
vn -0.6295 0.5483 -0.5505
vn -0.8971 -0.4406 0.0337
vn -0.1804 -0.6673 0.7226
vn -0.2371 0.5600 0.7938
vn 0.4519 -0.2658 0.8515
vn 0.1447 0.5289 0.8363
vn 0.0888 -0.9760 -0.1990
vn 0.1210 -0.9553 0.2698
vn 0.2082 -0.9700 -0.1254
vn -0.5515 -0.6188 -0.5594
vn 0.5561 0.7127 -0.4276
vn 0.6574 0.7459 -0.1068
vn 0.7518 -0.5671 0.3364
vn 0.7984 -0.5084 -0.3227
vn 0.6519 0.6647 0.3649
vn -0.1933 0.5117 -0.8372
vn -0.0710 -0.6857 -0.7244
vn -0.1911 -0.7725 -0.6055
vn 0.0929 0.5115 -0.8543
vn 0.3552 -0.3440 -0.8692
vn 0.4611 -0.8827 0.0911
vn 0.0136 -0.9855 0.1691
vn 0.1450 -0.9567 0.2524
vn 0.0489 -0.9824 -0.1803
vn -0.0726 0.9930 0.0932
vn -0.6156 0.7765 -0.1346
# 28 vertex normals

o Bip001_L_Hand
g Bip001_L_Hand
usemtl wire_028028177
s 8
f 3066//3058 3067//3059 3068//3060 3069//3061 
s 16
f 3066//3058 3070//3062 3071//3063 3067//3059 
s 32
f 3070//3062 3072//3064 3073//3065 3071//3063 
s 8192
f 3069//3061 3074//3066 3075//3067 3066//3058 
f 3066//3058 3075//3067 3070//3062 
f 3069//3061 3076//3068 3074//3066 
f 3075//3067 3074//3066 3076//3068 3070//3062 
s 8
f 3077//3069 3069//3061 3068//3060 
s 128
f 3078//3070 3079//3071 3080//3072 3081//3073 
s 64
f 3073//3065 3072//3064 3080//3072 3082//3074 
s 2048
f 3077//3069 3068//3060 3083//3075 3084//3076 
s 1024
f 3084//3076 3083//3075 3085//3077 
s 512
f 3085//3077 3083//3075 3086//3078 3087//3079 
s 4096
f 3088//3080 3089//3081 3077//3069 
s 16384
f 3076//3068 3084//3076 3085//3077 3070//3062 
s 65536
f 3090//3082 3091//3083 3080//3072 3072//3064 
f 3087//3079 3081//3073 3080//3072 3091//3083 
s 2
f 3068//3060 3067//3059 3071//3063 3092//3084 
f 3092//3084 3093//3085 3083//3075 3068//3060 
s 4
f 3093//3085 3079//3071 3078//3070 3086//3078 
f 3073//3065 3082//3074 3092//3084 3071//3063 
s 4096
f 3077//3069 3084//3076 3088//3080 
f 3076//3068 3069//3061 3077//3069 3089//3081 
f 3088//3080 3084//3076 3076//3068 3089//3081 
s 32768
f 3072//3064 3070//3062 3090//3082 
f 3087//3079 3091//3083 3085//3077 
f 3085//3077 3091//3083 3090//3082 3070//3062 
s 4
f 3083//3075 3093//3085 3086//3078 
f 3092//3084 3082//3074 3079//3071 3093//3085 
s 256
f 3078//3070 3081//3073 3087//3079 3086//3078 
s 128
f 3082//3074 3080//3072 3079//3071 
# 21 polygons - 10 triangles

#
# object Bip001_L_Finger0
#

v  706.3039 1414.8252 -4.1313
v  707.4586 1423.1490 0.5791
v  698.7198 1420.7450 6.9693
v  697.5652 1412.4211 2.2589
v  703.2351 1410.2396 -10.0529
v  710.6552 1418.2855 -11.3128
v  694.4964 1407.8357 -3.6627
v  688.8084 1412.2756 4.6628
v  689.9631 1420.5995 9.3732
v  697.3830 1428.6453 8.1133
v  706.1218 1431.0493 1.7230
v  711.8098 1426.6094 -6.6024
v  695.9802 1415.6982 -17.9206
v  703.0134 1420.9557 -20.7585
v  687.8830 1417.9187 -8.9135
v  681.8101 1419.5840 -2.1581
v  682.4515 1424.2083 0.4587
v  689.4867 1429.4796 -2.3713
v  698.8669 1436.5079 -6.1446
v  704.9418 1434.8566 -12.8921
v  691.6060 1418.1302 -24.8132
v  699.9290 1427.1553 -26.2264
v  681.2092 1415.2701 -17.2106
v  674.8290 1420.2504 -7.8720
v  676.2027 1430.1536 -2.2679
v  684.5256 1439.1786 -3.6810
v  694.9224 1442.0386 -11.2837
v  701.3027 1437.0583 -20.6223
v  691.1378 1415.2266 -31.2878
v  702.9083 1427.9899 -33.2863
v  676.4346 1411.1819 -20.5359
v  667.4116 1418.2250 -7.3292
v  669.3543 1432.2301 0.5962
v  681.1248 1444.9933 -1.4024
v  695.8280 1449.0381 -12.1542
v  704.8511 1441.9950 -25.3609
v  687.7369 1421.0414 -29.0091
v  696.0599 1430.0664 -30.4223
v  677.3401 1418.1813 -21.4064
v  670.9599 1423.1615 -12.0678
v  672.3337 1433.0647 -6.4637
v  680.6566 1442.0896 -7.8769
v  691.0534 1444.9497 -15.4796
v  697.4336 1439.9695 -24.8182
v  683.3955 1432.1685 -19.3120
# 45 vertices

vn 0.7662 -0.6365 0.0878
vn 0.8658 0.0810 0.4938
vn 0.2114 -0.0990 0.9724
vn 0.1118 -0.8166 0.5663
vn 0.3216 -0.8154 -0.4814
vn 0.8290 -0.2208 -0.5138
vn -0.2749 -0.9536 -0.1231
vn -0.6094 -0.6161 0.4990
vn -0.5228 0.0084 0.8524
vn -0.0550 0.6311 0.7737
vn 0.5376 0.7422 0.4001
vn 0.9111 0.3714 -0.1787
vn -0.1040 -0.8807 -0.4622
vn 0.6190 -0.2899 -0.7299
vn -0.4475 -0.8881 -0.1050
vn -0.7171 -0.6328 0.2921
vn -0.5997 0.2138 0.7711
vn -0.2384 0.6194 0.7480
vn 0.1356 0.8463 0.5151
vn 0.7468 0.6315 -0.2086
vn 0.3790 -0.8245 -0.4202
vn 0.8399 -0.2528 -0.4802
vn -0.1235 -0.9909 0.0529
vn -0.5178 -0.6610 0.5431
vn -0.4297 -0.0257 0.9026
vn 0.0791 0.4696 0.8794
vn 0.5882 0.6831 0.4329
vn 0.9244 0.3564 -0.1355
vn 0.1908 -0.7153 -0.6722
vn 0.6822 -0.1304 -0.7195
vn -0.4123 -0.8812 -0.2312
vn -0.7739 -0.5309 0.3453
vn -0.6822 0.1304 0.7195
vn -0.1908 0.7153 0.6722
vn 0.4123 0.8812 0.2312
vn 0.7739 0.5309 -0.3453
vn -0.3330 -0.1226 -0.9349
vn -0.0123 0.2592 -0.9658
vn -0.7266 -0.2309 -0.6471
vn -0.9626 -0.0022 -0.2709
vn -0.9027 0.4293 -0.0266
vn -0.5821 0.8111 -0.0575
vn -0.1885 0.9194 -0.3453
vn 0.0475 0.6908 -0.7215
vn -0.6039 0.4544 -0.6549
# 45 vertex normals

o Bip001_L_Finger0
g Bip001_L_Finger0
usemtl wire_134006006
s off
f 3094//3086 3095//3087 3096//3088 3097//3089 
f 3094//3086 3098//3090 3099//3091 
f 3094//3086 3097//3089 3100//3092 3098//3090 
f 3097//3089 3101//3093 3100//3092 
f 3097//3089 3096//3088 3102//3094 3101//3093 
f 3096//3088 3103//3095 3102//3094 
f 3096//3088 3095//3087 3104//3096 3103//3095 
f 3095//3087 3105//3097 3104//3096 
f 3095//3087 3094//3086 3099//3091 3105//3097 
s 8
f 3099//3091 3098//3090 3106//3098 3107//3099 
s 16
f 3098//3090 3100//3092 3108//3100 3106//3098 
s 8
f 3100//3092 3101//3093 3109//3101 3108//3100 
s 16
f 3101//3093 3102//3094 3110//3102 3109//3101 
s 8
f 3102//3094 3103//3095 3111//3103 3110//3102 
s 16
f 3103//3095 3104//3096 3112//3104 3111//3103 
s 8
f 3104//3096 3105//3097 3113//3105 3112//3104 
s 16
f 3105//3097 3099//3091 3107//3099 3113//3105 
s 2
f 3107//3099 3106//3098 3114//3106 3115//3107 
s 4
f 3106//3098 3108//3100 3116//3108 3114//3106 
s 2
f 3108//3100 3109//3101 3117//3109 3116//3108 
s 4
f 3109//3101 3110//3102 3118//3110 3117//3109 
s 2
f 3110//3102 3111//3103 3119//3111 3118//3110 
s 4
f 3111//3103 3112//3104 3120//3112 3119//3111 
s 2
f 3112//3104 3113//3105 3121//3113 3120//3112 
s 4
f 3113//3105 3107//3099 3115//3107 3121//3113 
s off
f 3115//3107 3114//3106 3122//3114 3123//3115 
f 3114//3106 3116//3108 3124//3116 3122//3114 
f 3116//3108 3117//3109 3125//3117 3124//3116 
f 3117//3109 3118//3110 3126//3118 3125//3117 
f 3118//3110 3119//3111 3127//3119 3126//3118 
f 3119//3111 3120//3112 3128//3120 3127//3119 
f 3120//3112 3121//3113 3129//3121 3128//3120 
f 3121//3113 3115//3107 3123//3115 3129//3121 
f 3123//3115 3122//3114 3130//3122 3131//3123 
f 3122//3114 3124//3116 3132//3124 3130//3122 
f 3124//3116 3125//3117 3133//3125 3132//3124 
f 3125//3117 3126//3118 3134//3126 3133//3125 
f 3126//3118 3127//3119 3135//3127 3134//3126 
f 3127//3119 3128//3120 3136//3128 3135//3127 
f 3128//3120 3129//3121 3137//3129 3136//3128 
f 3129//3121 3123//3115 3131//3123 3137//3129 
f 3138//3130 3131//3123 3130//3122 
f 3138//3130 3130//3122 3132//3124 
f 3138//3130 3132//3124 3133//3125 
f 3138//3130 3133//3125 3134//3126 
f 3138//3130 3134//3126 3135//3127 
f 3138//3130 3135//3127 3136//3128 
f 3138//3130 3136//3128 3137//3129 
f 3138//3130 3137//3129 3131//3123 
# 37 polygons - 12 triangles

#
# object Bip001_L_Finger01
#

v  730.5364 1400.7474 18.5638
v  731.2507 1405.8960 21.4773
v  726.4271 1403.9718 26.0599
v  725.7130 1398.8232 23.1464
v  726.5220 1398.9502 13.5837
v  730.6753 1404.2548 12.3319
v  721.6985 1397.0260 18.1664
v  718.6165 1399.4443 23.7885
v  719.3307 1404.5928 26.7020
v  723.4839 1409.8973 25.4502
v  728.3075 1411.8215 20.8675
v  731.3895 1409.4033 15.2454
v  715.0645 1405.7487 4.3786
v  718.9785 1409.3284 2.1507
v  710.6378 1406.6848 10.5799
v  707.3177 1407.3868 15.2308
v  707.7145 1410.2472 16.8494
v  711.6297 1413.8356 14.6264
v  716.8500 1418.6200 11.6624
v  720.1713 1417.9265 7.0163
v  707.5112 1409.6473 -2.9277
v  712.1699 1415.5974 -4.3319
v  701.7725 1407.3580 2.5244
v  698.3154 1410.0707 8.8307
v  699.1652 1416.1960 12.2970
v  703.8238 1422.1461 10.8928
v  709.5625 1424.4354 5.4407
v  713.0196 1421.7228 -0.8656
v  705.2197 1408.8716 -8.2446
v  711.8081 1417.2863 -10.2304
v  697.1040 1405.6342 -0.5341
v  692.2150 1409.4702 8.3843
v  693.4166 1418.1328 13.2864
v  700.0050 1426.5475 11.3006
v  708.1207 1429.7850 3.5901
v  713.0098 1425.9489 -5.3284
v  701.4009 1413.2731 -7.8369
v  706.0596 1419.2230 -9.2410
v  695.6622 1410.9838 -2.3847
v  692.2051 1413.6963 3.9216
v  693.0548 1419.8217 7.3879
v  697.7135 1425.7717 5.9837
v  703.4522 1428.0610 0.5315
v  706.9092 1425.3484 -5.7748
v  698.2917 1420.2733 -1.9433
# 45 vertices

vn 0.8121 -0.5832 -0.0177
vn 0.9116 0.1343 0.3884
vn 0.3333 -0.0964 0.9379
vn 0.2337 -0.8140 0.5318
vn 0.3150 -0.7852 -0.5332
vn 0.7738 -0.1567 -0.6137
vn -0.2232 -0.9686 -0.1091
vn -0.5022 -0.6629 0.5554
vn -0.4155 -0.0384 0.9088
vn -0.0034 0.6161 0.7877
vn 0.5311 0.7724 0.3483
vn 0.8560 0.4355 -0.2786
vn -0.0998 -0.8799 -0.4646
vn 0.5445 -0.2373 -0.8045
vn -0.3964 -0.9155 -0.0692
vn -0.6327 -0.6843 0.3625
vn -0.5152 0.1622 0.8416
vn -0.1873 0.5920 0.7839
vn 0.1398 0.8471 0.5127
vn 0.6723 0.6840 -0.2832
vn 0.3799 -0.7910 -0.4795
vn 0.7909 -0.1882 -0.5823
vn -0.0496 -0.9977 0.0467
vn -0.4031 -0.7019 0.5872
vn -0.3149 -0.0666 0.9468
vn 0.1530 0.4628 0.8732
vn 0.5890 0.7166 0.3736
vn 0.8754 0.4210 -0.2375
vn 0.1558 -0.6920 -0.7049
vn 0.5976 -0.0740 -0.7984
vn -0.3772 -0.9046 -0.1985
vn -0.6893 -0.5873 0.4242
vn -0.5976 0.0740 0.7984
vn -0.1558 0.6919 0.7049
vn 0.3772 0.9046 0.1985
vn 0.6893 0.5873 -0.4242
vn -0.4344 -0.1335 -0.8908
vn -0.1461 0.2698 -0.9518
vn -0.7823 -0.2723 -0.5603
vn -0.9859 -0.0652 -0.1539
vn -0.9261 0.3664 0.0904
vn -0.6378 0.7697 0.0294
vn -0.2899 0.9085 -0.3011
vn -0.0862 0.7014 -0.7075
vn -0.7075 0.4198 -0.5684
# 45 vertex normals

o Bip001_L_Finger01
g Bip001_L_Finger01
usemtl wire_134006006
s off
f 3139//3131 3140//3132 3141//3133 3142//3134 
f 3139//3131 3143//3135 3144//3136 
f 3139//3131 3142//3134 3145//3137 3143//3135 
f 3142//3134 3146//3138 3145//3137 
f 3142//3134 3141//3133 3147//3139 3146//3138 
f 3141//3133 3148//3140 3147//3139 
f 3141//3133 3140//3132 3149//3141 3148//3140 
f 3140//3132 3150//3142 3149//3141 
f 3140//3132 3139//3131 3144//3136 3150//3142 
s 8
f 3144//3136 3143//3135 3151//3143 3152//3144 
s 16
f 3143//3135 3145//3137 3153//3145 3151//3143 
s 8
f 3145//3137 3146//3138 3154//3146 3153//3145 
s 16
f 3146//3138 3147//3139 3155//3147 3154//3146 
s 8
f 3147//3139 3148//3140 3156//3148 3155//3147 
s 16
f 3148//3140 3149//3141 3157//3149 3156//3148 
s 8
f 3149//3141 3150//3142 3158//3150 3157//3149 
s 16
f 3150//3142 3144//3136 3152//3144 3158//3150 
s 2
f 3152//3144 3151//3143 3159//3151 3160//3152 
s 4
f 3151//3143 3153//3145 3161//3153 3159//3151 
s 2
f 3153//3145 3154//3146 3162//3154 3161//3153 
s 4
f 3154//3146 3155//3147 3163//3155 3162//3154 
s 2
f 3155//3147 3156//3148 3164//3156 3163//3155 
s 4
f 3156//3148 3157//3149 3165//3157 3164//3156 
s 2
f 3157//3149 3158//3150 3166//3158 3165//3157 
s 4
f 3158//3150 3152//3144 3160//3152 3166//3158 
s off
f 3160//3152 3159//3151 3167//3159 3168//3160 
f 3159//3151 3161//3153 3169//3161 3167//3159 
f 3161//3153 3162//3154 3170//3162 3169//3161 
f 3162//3154 3163//3155 3171//3163 3170//3162 
f 3163//3155 3164//3156 3172//3164 3171//3163 
f 3164//3156 3165//3157 3173//3165 3172//3164 
f 3165//3157 3166//3158 3174//3166 3173//3165 
f 3166//3158 3160//3152 3168//3160 3174//3166 
f 3168//3160 3167//3159 3175//3167 3176//3168 
f 3167//3159 3169//3161 3177//3169 3175//3167 
f 3169//3161 3170//3162 3178//3170 3177//3169 
f 3170//3162 3171//3163 3179//3171 3178//3170 
f 3171//3163 3172//3164 3180//3172 3179//3171 
f 3172//3164 3173//3165 3181//3173 3180//3172 
f 3173//3165 3174//3166 3182//3174 3181//3173 
f 3174//3166 3168//3160 3176//3168 3182//3174 
f 3183//3175 3176//3168 3175//3167 
f 3183//3175 3175//3167 3177//3169 
f 3183//3175 3177//3169 3178//3170 
f 3183//3175 3178//3170 3179//3171 
f 3183//3175 3179//3171 3180//3172 
f 3183//3175 3180//3172 3181//3173 
f 3183//3175 3181//3173 3182//3174 
f 3183//3175 3182//3174 3176//3168 
# 37 polygons - 12 triangles

#
# object Bip001_L_Finger02
#

v  761.2261 1388.2627 33.8332
v  761.8547 1392.7942 36.3975
v  759.0058 1390.7578 40.6943
v  758.3772 1386.2264 38.1300
v  756.5220 1386.5793 29.9165
v  759.1302 1391.5052 28.6171
v  753.6731 1384.5431 34.2133
v  752.0079 1386.4144 39.3591
v  752.6364 1390.9459 41.9234
v  755.2446 1395.8717 40.6241
v  758.0935 1397.9081 36.3272
v  759.7588 1396.0367 31.1814
v  742.5816 1392.2286 23.3507
v  744.9792 1395.6365 21.1923
v  740.0818 1392.7098 29.0722
v  738.2071 1393.0707 33.3632
v  738.5563 1395.5881 34.7878
v  740.9549 1399.0035 32.6337
v  744.1531 1403.5574 29.7615
v  746.0289 1403.2041 25.4747
v  733.1497 1395.4628 17.9513
v  736.0752 1400.9880 16.4938
v  729.7601 1393.0400 23.0634
v  727.8922 1395.1392 28.8354
v  728.6401 1400.5304 31.8863
v  731.5656 1406.0557 30.4288
v  734.9551 1408.4784 25.3167
v  736.8230 1406.3793 19.5446
v  729.7605 1394.7753 13.6164
v  733.8978 1402.5892 11.5552
v  724.9670 1391.3491 20.8460
v  722.3254 1394.3176 29.0089
v  723.3830 1401.9420 33.3234
v  727.5203 1409.7559 31.2622
v  732.3138 1413.1821 24.0326
v  734.9554 1410.2136 15.8697
v  725.7151 1398.4756 14.4498
v  728.6407 1404.0009 12.9923
v  722.3257 1396.0529 19.5619
v  720.4578 1398.1519 25.3339
v  721.2056 1403.5432 28.3848
v  724.1311 1409.0684 26.9273
v  727.5206 1411.4911 21.8152
v  729.3885 1409.3920 16.0431
v  723.3834 1404.3960 19.9633
# 45 vertices

vn 0.8512 -0.4848 -0.2011
vn 0.9507 0.2327 0.2050
vn 0.5239 -0.0724 0.8487
vn 0.4243 -0.7899 0.4427
vn 0.2858 -0.7346 -0.6154
vn 0.6469 -0.0560 -0.7606
vn -0.1325 -0.9861 -0.1005
vn -0.3038 -0.7255 0.6175
vn -0.2172 -0.1010 0.9709
vn 0.0874 0.5986 0.7962
vn 0.5019 0.8230 0.2661
vn 0.7290 0.5362 -0.4254
vn -0.0937 -0.8778 -0.4697
vn 0.3941 -0.1595 -0.9051
vn -0.2988 -0.9540 -0.0250
vn -0.4673 -0.7588 0.4536
vn -0.3499 0.0877 0.9327
vn -0.0897 0.5535 0.8280
vn 0.1459 0.8492 0.5076
vn 0.5219 0.7618 -0.3838
vn 0.3604 -0.7338 -0.5759
vn 0.6733 -0.0858 -0.7344
vn 0.0711 -0.9973 0.0165
vn -0.1967 -0.7534 0.6275
vn -0.1085 -0.1180 0.9871
vn 0.2737 0.4632 0.8430
vn 0.5695 0.7738 0.2772
vn 0.7578 0.5234 -0.3897
vn 0.0860 -0.6577 -0.7484
vn 0.4290 0.0087 -0.9033
vn -0.3074 -0.9389 -0.1551
vn -0.5207 -0.6701 0.5290
vn -0.4290 -0.0087 0.9033
vn -0.0860 0.6577 0.7484
vn 0.3074 0.9389 0.1551
vn 0.5207 0.6701 -0.5290
vn -0.5875 -0.1684 -0.7915
vn -0.3636 0.2665 -0.8926
vn -0.8442 -0.3519 -0.4043
vn -0.9834 -0.1765 0.0422
vn -0.9235 0.2551 0.2864
vn -0.6997 0.6900 0.1853
vn -0.4429 0.8735 -0.2019
vn -0.3037 0.6981 -0.6484
vn -0.8494 0.3442 -0.4001
# 45 vertex normals

o Bip001_L_Finger02
g Bip001_L_Finger02
usemtl wire_134006006
s off
f 3184//3176 3185//3177 3186//3178 3187//3179 
f 3184//3176 3188//3180 3189//3181 
f 3184//3176 3187//3179 3190//3182 3188//3180 
f 3187//3179 3191//3183 3190//3182 
f 3187//3179 3186//3178 3192//3184 3191//3183 
f 3186//3178 3193//3185 3192//3184 
f 3186//3178 3185//3177 3194//3186 3193//3185 
f 3185//3177 3195//3187 3194//3186 
f 3185//3177 3184//3176 3189//3181 3195//3187 
s 8
f 3189//3181 3188//3180 3196//3188 3197//3189 
s 16
f 3188//3180 3190//3182 3198//3190 3196//3188 
s 8
f 3190//3182 3191//3183 3199//3191 3198//3190 
s 16
f 3191//3183 3192//3184 3200//3192 3199//3191 
s 8
f 3192//3184 3193//3185 3201//3193 3200//3192 
s 16
f 3193//3185 3194//3186 3202//3194 3201//3193 
s 8
f 3194//3186 3195//3187 3203//3195 3202//3194 
s 16
f 3195//3187 3189//3181 3197//3189 3203//3195 
s 2
f 3197//3189 3196//3188 3204//3196 3205//3197 
s 4
f 3196//3188 3198//3190 3206//3198 3204//3196 
s 2
f 3198//3190 3199//3191 3207//3199 3206//3198 
s 4
f 3199//3191 3200//3192 3208//3200 3207//3199 
s 2
f 3200//3192 3201//3193 3209//3201 3208//3200 
s 4
f 3201//3193 3202//3194 3210//3202 3209//3201 
s 2
f 3202//3194 3203//3195 3211//3203 3210//3202 
s 4
f 3203//3195 3197//3189 3205//3197 3211//3203 
s off
f 3205//3197 3204//3196 3212//3204 3213//3205 
f 3204//3196 3206//3198 3214//3206 3212//3204 
f 3206//3198 3207//3199 3215//3207 3214//3206 
f 3207//3199 3208//3200 3216//3208 3215//3207 
f 3208//3200 3209//3201 3217//3209 3216//3208 
f 3209//3201 3210//3202 3218//3210 3217//3209 
f 3210//3202 3211//3203 3219//3211 3218//3210 
f 3211//3203 3205//3197 3213//3205 3219//3211 
f 3213//3205 3212//3204 3220//3212 3221//3213 
f 3212//3204 3214//3206 3222//3214 3220//3212 
f 3214//3206 3215//3207 3223//3215 3222//3214 
f 3215//3207 3216//3208 3224//3216 3223//3215 
f 3216//3208 3217//3209 3225//3217 3224//3216 
f 3217//3209 3218//3210 3226//3218 3225//3217 
f 3218//3210 3219//3211 3227//3219 3226//3218 
f 3219//3211 3213//3205 3221//3213 3227//3219 
f 3228//3220 3221//3213 3220//3212 
f 3228//3220 3220//3212 3222//3214 
f 3228//3220 3222//3214 3223//3215 
f 3228//3220 3223//3215 3224//3216 
f 3228//3220 3224//3216 3225//3217 
f 3228//3220 3225//3217 3226//3218 
f 3228//3220 3226//3218 3227//3219 
f 3228//3220 3227//3219 3221//3213 
# 37 polygons - 12 triangles

#
# object Bip001_L_Finger1
#

v  790.5082 1445.5671 -8.7862
v  791.6077 1445.6760 -15.2413
v  791.8614 1451.2354 -15.1043
v  790.7618 1451.1265 -8.6492
v  784.3415 1445.7516 -4.8503
v  784.9760 1441.6637 -9.7944
v  784.5952 1451.3109 -4.7134
v  785.6101 1455.5620 -9.4520
v  786.7096 1455.6709 -15.9070
v  787.3440 1451.5830 -20.8511
v  787.0903 1446.0237 -20.9881
v  786.0754 1441.7726 -16.2495
v  766.7474 1446.6278 -7.8324
v  767.0135 1442.5034 -10.6140
v  767.6119 1452.2476 -11.2817
v  768.2603 1456.4624 -13.8686
v  768.8711 1456.5228 -17.4547
v  769.1390 1452.3988 -20.2471
v  769.4962 1446.8999 -23.9702
v  768.8497 1442.6853 -21.3941
v  754.4213 1446.6826 -8.6944
v  755.1329 1442.0973 -14.2401
v  754.7230 1453.2968 -8.5314
v  755.8614 1458.0652 -13.8467
v  757.1696 1458.1947 -21.5265
v  757.8812 1453.6095 -27.0722
v  757.5793 1446.9954 -27.2352
v  756.4410 1442.2268 -21.9199
v  749.0132 1445.4817 -5.6834
v  750.0195 1438.9971 -13.5262
v  749.4400 1454.8354 -5.4530
v  751.0499 1461.5790 -12.9699
v  752.8999 1461.7622 -23.8308
v  753.9063 1455.2777 -31.6735
v  753.4794 1445.9238 -31.9040
v  751.8696 1439.1803 -24.3872
v  745.0383 1447.1499 -10.2848
v  745.7499 1442.5646 -15.8305
v  745.3400 1453.7640 -10.1218
v  746.4784 1458.5325 -15.4370
v  747.7866 1458.6620 -23.1169
v  748.4982 1454.0768 -28.6626
v  748.1964 1447.4626 -28.8255
v  747.0580 1442.6941 -23.5103
v  744.8249 1450.7101 -19.8030
# 45 vertices

vn 0.7084 -0.4613 0.5342
vn 0.8479 -0.4475 -0.2844
vn 0.8857 0.3819 -0.2640
vn 0.7463 0.3681 0.5546
vn 0.0782 -0.3808 0.9214
vn 0.1618 -0.9189 0.3597
vn 0.0459 0.3275 0.9437
vn 0.2154 0.8824 0.4182
vn 0.3368 0.8944 -0.2942
vn 0.3539 0.3580 -0.8641
vn 0.3808 -0.3508 -0.8555
vn 0.2769 -0.9075 -0.3158
vn -0.1333 -0.0118 0.9910
vn -0.1009 -0.8547 0.5093
vn -0.0608 0.4663 0.8825
vn 0.0025 0.8590 0.5119
vn 0.1670 0.8753 -0.4538
vn 0.2321 0.4953 -0.8371
vn 0.2022 0.0214 -0.9791
vn 0.0781 -0.8369 -0.5417
vn 0.1603 -0.3922 0.9058
vn 0.2034 -0.9036 0.3771
vn 0.2777 0.3080 0.9099
vn 0.3157 0.8402 0.4410
vn 0.4392 0.8524 -0.2838
vn 0.5615 0.3361 -0.7561
vn 0.4533 -0.3632 -0.8140
vn 0.3218 -0.8918 -0.3179
vn -0.1725 -0.3975 0.9012
vn -0.1063 -0.9290 0.3545
vn -0.1377 0.3668 0.9201
vn -0.0222 0.9163 0.3999
vn 0.1063 0.9290 -0.3545
vn 0.1726 0.3975 -0.9012
vn 0.1377 -0.3668 -0.9201
vn 0.0222 -0.9163 -0.3999
vn -0.8587 -0.2223 0.4617
vn -0.8155 -0.5691 0.1049
vn -0.8360 0.2766 0.4740
vn -0.7606 0.6352 0.1345
vn -0.6767 0.6435 -0.3578
vn -0.6335 0.2966 -0.7146
vn -0.6563 -0.2022 -0.7269
vn -0.7317 -0.5608 -0.3875
vn -0.9848 0.0490 -0.1669
# 45 vertex normals

o Bip001_L_Finger1
g Bip001_L_Finger1
usemtl wire_108008136
s off
f 3229//3221 3230//3222 3231//3223 3232//3224 
f 3229//3221 3233//3225 3234//3226 
f 3229//3221 3232//3224 3235//3227 3233//3225 
f 3232//3224 3236//3228 3235//3227 
f 3232//3224 3231//3223 3237//3229 3236//3228 
f 3231//3223 3238//3230 3237//3229 
f 3231//3223 3230//3222 3239//3231 3238//3230 
f 3230//3222 3240//3232 3239//3231 
f 3230//3222 3229//3221 3234//3226 3240//3232 
s 8
f 3234//3226 3233//3225 3241//3233 3242//3234 
s 16
f 3233//3225 3235//3227 3243//3235 3241//3233 
s 8
f 3235//3227 3236//3228 3244//3236 3243//3235 
s 16
f 3236//3228 3237//3229 3245//3237 3244//3236 
s 8
f 3237//3229 3238//3230 3246//3238 3245//3237 
s 16
f 3238//3230 3239//3231 3247//3239 3246//3238 
s 8
f 3239//3231 3240//3232 3248//3240 3247//3239 
s 16
f 3240//3232 3234//3226 3242//3234 3248//3240 
s 2
f 3242//3234 3241//3233 3249//3241 3250//3242 
s 4
f 3241//3233 3243//3235 3251//3243 3249//3241 
s 2
f 3243//3235 3244//3236 3252//3244 3251//3243 
s 4
f 3244//3236 3245//3237 3253//3245 3252//3244 
s 2
f 3245//3237 3246//3238 3254//3246 3253//3245 
s 4
f 3246//3238 3247//3239 3255//3247 3254//3246 
s 2
f 3247//3239 3248//3240 3256//3248 3255//3247 
s 4
f 3248//3240 3242//3234 3250//3242 3256//3248 
s off
f 3250//3242 3249//3241 3257//3249 3258//3250 
f 3249//3241 3251//3243 3259//3251 3257//3249 
f 3251//3243 3252//3244 3260//3252 3259//3251 
f 3252//3244 3253//3245 3261//3253 3260//3252 
f 3253//3245 3254//3246 3262//3254 3261//3253 
f 3254//3246 3255//3247 3263//3255 3262//3254 
f 3255//3247 3256//3248 3264//3256 3263//3255 
f 3256//3248 3250//3242 3258//3250 3264//3256 
f 3258//3250 3257//3249 3265//3257 3266//3258 
f 3257//3249 3259//3251 3267//3259 3265//3257 
f 3259//3251 3260//3252 3268//3260 3267//3259 
f 3260//3252 3261//3253 3269//3261 3268//3260 
f 3261//3253 3262//3254 3270//3262 3269//3261 
f 3262//3254 3263//3255 3271//3263 3270//3262 
f 3263//3255 3264//3256 3272//3264 3271//3263 
f 3264//3256 3258//3250 3266//3258 3272//3264 
f 3273//3265 3266//3258 3265//3257 
f 3273//3265 3265//3257 3267//3259 
f 3273//3265 3267//3259 3268//3260 
f 3273//3265 3268//3260 3269//3261 
f 3273//3265 3269//3261 3270//3262 
f 3273//3265 3270//3262 3271//3263 
f 3273//3265 3271//3263 3272//3264 
f 3273//3265 3272//3264 3266//3258 
# 37 polygons - 12 triangles

#
# object Bip001_L_Finger11
#

v  815.2018 1444.5817 -5.0072
v  816.1654 1444.6770 -10.6646
v  816.3982 1449.7599 -10.5392
v  815.4346 1449.6646 -4.8819
v  811.2017 1444.6740 -1.3197
v  811.7498 1440.9333 -5.6568
v  811.4344 1449.7568 -1.1944
v  812.3318 1453.6405 -5.3433
v  813.2955 1453.7358 -11.0006
v  813.8436 1449.9954 -15.3377
v  813.6107 1444.9125 -15.4631
v  812.7134 1441.0287 -11.3141
v  800.4075 1445.2135 -3.1493
v  800.6328 1441.4409 -5.5911
v  801.1757 1450.3494 -6.1668
v  801.7518 1454.2013 -8.4300
v  802.2871 1454.2543 -11.5730
v  802.5140 1450.4818 -14.0242
v  802.8166 1445.4520 -17.2926
v  802.2421 1441.6002 -15.0389
v  792.7842 1445.0845 -3.3661
v  793.3990 1440.8888 -8.2309
v  793.0612 1451.1318 -3.2169
v  794.0677 1455.4882 -7.8708
v  795.2142 1455.6016 -14.6015
v  795.8290 1451.4059 -19.4663
v  795.5520 1445.3585 -19.6155
v  794.5454 1441.0023 -14.9616
v  789.2753 1443.9192 -0.5195
v  790.1448 1437.9855 -7.3994
v  789.6671 1452.4713 -0.3086
v  791.0905 1458.6321 -6.8901
v  792.7119 1458.7926 -16.4087
v  793.5813 1452.8589 -23.2886
v  793.1896 1444.3068 -23.4996
v  791.7661 1438.1460 -16.9181
v  787.0276 1445.3723 -4.3418
v  787.6424 1441.1765 -9.2066
v  787.3046 1451.4196 -4.1926
v  788.3112 1455.7759 -8.8465
v  789.4576 1455.8894 -15.5772
v  790.0724 1451.6936 -20.4420
v  789.7954 1445.6464 -20.5912
v  788.7889 1441.2900 -15.9373
v  787.3578 1448.5925 -12.5940
# 45 vertices

vn 0.7084 -0.4614 0.5341
vn 0.8478 -0.4476 -0.2844
vn 0.8858 0.3817 -0.2640
vn 0.7464 0.3679 0.5546
vn 0.0781 -0.3808 0.9214
vn 0.1616 -0.9190 0.3597
vn 0.0460 0.3275 0.9437
vn 0.2156 0.8824 0.4183
vn 0.3370 0.8944 -0.2942
vn 0.3539 0.3580 -0.8641
vn 0.3808 -0.3508 -0.8555
vn 0.2767 -0.9076 -0.3159
vn -0.1333 -0.0118 0.9910
vn -0.1011 -0.8547 0.5093
vn -0.0608 0.4663 0.8825
vn 0.0026 0.8590 0.5119
vn 0.1671 0.8753 -0.4538
vn 0.2322 0.4953 -0.8371
vn 0.2022 0.0214 -0.9791
vn 0.0779 -0.8369 -0.5417
vn 0.1603 -0.3923 0.9058
vn 0.2033 -0.9036 0.3771
vn 0.2778 0.3079 0.9100
vn 0.3159 0.8401 0.4410
vn 0.4393 0.8523 -0.2838
vn 0.5616 0.3360 -0.7561
vn 0.4532 -0.3633 -0.8140
vn 0.3217 -0.8919 -0.3179
vn -0.1726 -0.3975 0.9012
vn -0.1065 -0.9290 0.3544
vn -0.1376 0.3668 0.9201
vn -0.0220 0.9163 0.4000
vn 0.1065 0.9290 -0.3544
vn 0.1726 0.3975 -0.9012
vn 0.1376 -0.3668 -0.9201
vn 0.0220 -0.9163 -0.4000
vn -0.8588 -0.2221 0.4617
vn -0.8156 -0.5690 0.1049
vn -0.8359 0.2767 0.4740
vn -0.7605 0.6353 0.1346
vn -0.6766 0.6436 -0.3578
vn -0.6335 0.2967 -0.7146
vn -0.6563 -0.2021 -0.7269
vn -0.7318 -0.5607 -0.3875
vn -0.9847 0.0492 -0.1669
# 45 vertex normals

o Bip001_L_Finger11
g Bip001_L_Finger11
usemtl wire_108008136
s off
f 3274//3266 3275//3267 3276//3268 3277//3269 
f 3274//3266 3278//3270 3279//3271 
f 3274//3266 3277//3269 3280//3272 3278//3270 
f 3277//3269 3281//3273 3280//3272 
f 3277//3269 3276//3268 3282//3274 3281//3273 
f 3276//3268 3283//3275 3282//3274 
f 3276//3268 3275//3267 3284//3276 3283//3275 
f 3275//3267 3285//3277 3284//3276 
f 3275//3267 3274//3266 3279//3271 3285//3277 
s 8
f 3279//3271 3278//3270 3286//3278 3287//3279 
s 16
f 3278//3270 3280//3272 3288//3280 3286//3278 
s 8
f 3280//3272 3281//3273 3289//3281 3288//3280 
s 16
f 3281//3273 3282//3274 3290//3282 3289//3281 
s 8
f 3282//3274 3283//3275 3291//3283 3290//3282 
s 16
f 3283//3275 3284//3276 3292//3284 3291//3283 
s 8
f 3284//3276 3285//3277 3293//3285 3292//3284 
s 16
f 3285//3277 3279//3271 3287//3279 3293//3285 
s 2
f 3287//3279 3286//3278 3294//3286 3295//3287 
s 4
f 3286//3278 3288//3280 3296//3288 3294//3286 
s 2
f 3288//3280 3289//3281 3297//3289 3296//3288 
s 4
f 3289//3281 3290//3282 3298//3290 3297//3289 
s 2
f 3290//3282 3291//3283 3299//3291 3298//3290 
s 4
f 3291//3283 3292//3284 3300//3292 3299//3291 
s 2
f 3292//3284 3293//3285 3301//3293 3300//3292 
s 4
f 3293//3285 3287//3279 3295//3287 3301//3293 
s off
f 3295//3287 3294//3286 3302//3294 3303//3295 
f 3294//3286 3296//3288 3304//3296 3302//3294 
f 3296//3288 3297//3289 3305//3297 3304//3296 
f 3297//3289 3298//3290 3306//3298 3305//3297 
f 3298//3290 3299//3291 3307//3299 3306//3298 
f 3299//3291 3300//3292 3308//3300 3307//3299 
f 3300//3292 3301//3293 3309//3301 3308//3300 
f 3301//3293 3295//3287 3303//3295 3309//3301 
f 3303//3295 3302//3294 3310//3302 3311//3303 
f 3302//3294 3304//3296 3312//3304 3310//3302 
f 3304//3296 3305//3297 3313//3305 3312//3304 
f 3305//3297 3306//3298 3314//3306 3313//3305 
f 3306//3298 3307//3299 3315//3307 3314//3306 
f 3307//3299 3308//3300 3316//3308 3315//3307 
f 3308//3300 3309//3301 3317//3309 3316//3308 
f 3309//3301 3303//3295 3311//3303 3317//3309 
f 3318//3310 3311//3303 3310//3302 
f 3318//3310 3310//3302 3312//3304 
f 3318//3310 3312//3304 3313//3305 
f 3318//3310 3313//3305 3314//3306 
f 3318//3310 3314//3306 3315//3307 
f 3318//3310 3315//3307 3316//3308 
f 3318//3310 3316//3308 3317//3309 
f 3318//3310 3317//3309 3311//3303 
# 37 polygons - 12 triangles

#
# object Bip001_L_Finger12
#

v  850.2473 1441.3500 0.5384
v  851.0887 1441.4332 -4.4013
v  851.5200 1446.0194 -4.2505
v  850.6785 1445.9362 0.6892
v  844.9185 1441.7552 3.4508
v  845.2261 1438.3781 -0.3671
v  845.3497 1446.3414 3.6016
v  846.3042 1449.8436 0.0100
v  847.1456 1449.9269 -4.9297
v  847.4532 1446.5498 -8.7476
v  847.0219 1441.9635 -8.8984
v  846.0674 1438.4614 -5.3068
v  829.4462 1443.2960 0.8413
v  829.4719 1439.8910 -1.3217
v  830.3448 1447.9285 -1.7521
v  831.0189 1451.4028 -3.6972
v  831.4863 1451.4491 -6.4415
v  831.5135 1448.0442 -8.6128
v  831.5497 1443.5043 -11.5079
v  830.8770 1440.0300 -9.5710
v  818.6102 1443.9048 -0.0478
v  818.9552 1440.1167 -4.3303
v  819.1232 1449.3612 0.1317
v  820.1939 1453.2894 -3.8971
v  821.1949 1453.3885 -9.7740
v  821.5400 1449.6005 -14.0565
v  821.0269 1444.1440 -14.2359
v  819.9562 1440.2158 -10.2071
v  813.8777 1443.1360 2.1577
v  814.3657 1437.7788 -3.8986
v  814.6033 1450.8525 2.4114
v  816.1174 1456.4080 -3.2861
v  817.5331 1456.5481 -11.5973
v  818.0211 1451.1909 -17.6535
v  817.2955 1443.4745 -17.9073
v  815.7814 1437.9189 -12.2098
v  810.3588 1444.7264 -1.4394
v  810.7038 1440.9384 -5.7219
v  810.8718 1450.1829 -1.2600
v  811.9425 1454.1111 -5.2887
v  812.9435 1454.2102 -11.1656
v  813.2886 1450.4221 -15.4481
v  812.7755 1444.9658 -15.6275
v  811.7048 1441.0375 -11.5988
v  810.1147 1447.7445 -8.7320
# 45 vertices

vn 0.6858 -0.4992 0.5297
vn 0.8252 -0.4854 -0.2889
vn 0.9029 0.3410 -0.2617
vn 0.7635 0.3272 0.5568
vn 0.0603 -0.3916 0.9181
vn 0.1176 -0.9286 0.3521
vn 0.0622 0.3172 0.9463
vn 0.2579 0.8676 0.4252
vn 0.3793 0.8796 -0.2872
vn 0.3701 0.3477 -0.8615
vn 0.3630 -0.3616 -0.8587
vn 0.2327 -0.9172 -0.3235
vn -0.1331 -0.0135 0.9910
vn -0.1416 -0.8530 0.5024
vn -0.0378 0.4614 0.8864
vn 0.0441 0.8537 0.5189
vn 0.2086 0.8700 -0.4468
vn 0.2551 0.4904 -0.8333
vn 0.2024 0.0197 -0.9791
vn 0.0374 -0.8352 -0.5486
vn 0.1418 -0.4069 0.9024
vn 0.1600 -0.9154 0.3695
vn 0.2928 0.2868 0.9122
vn 0.3560 0.8204 0.4475
vn 0.4795 0.8326 -0.2773
vn 0.5766 0.3149 -0.7539
vn 0.4348 -0.3779 -0.8174
vn 0.2783 -0.9036 -0.3255
vn -0.1909 -0.3962 0.8981
vn -0.1507 -0.9257 0.3470
vn -0.1193 0.3654 0.9232
vn 0.0222 0.9130 0.4074
vn 0.1507 0.9257 -0.3470
vn 0.1909 0.3962 -0.8981
vn 0.1193 -0.3654 -0.9232
vn -0.0222 -0.9130 -0.4074
vn -0.8681 -0.1845 0.4607
vn -0.8419 -0.5301 0.1010
vn -0.8214 0.3125 0.4771
vn -0.7291 0.6699 0.1405
vn -0.6452 0.6782 -0.3518
vn -0.6189 0.3326 -0.7115
vn -0.6657 -0.1645 -0.7279
vn -0.7580 -0.5218 -0.3913
vn -0.9814 0.0977 -0.1655
# 45 vertex normals

o Bip001_L_Finger12
g Bip001_L_Finger12
usemtl wire_108008136
s off
f 3319//3311 3320//3312 3321//3313 3322//3314 
f 3319//3311 3323//3315 3324//3316 
f 3319//3311 3322//3314 3325//3317 3323//3315 
f 3322//3314 3326//3318 3325//3317 
f 3322//3314 3321//3313 3327//3319 3326//3318 
f 3321//3313 3328//3320 3327//3319 
f 3321//3313 3320//3312 3329//3321 3328//3320 
f 3320//3312 3330//3322 3329//3321 
f 3320//3312 3319//3311 3324//3316 3330//3322 
s 8
f 3324//3316 3323//3315 3331//3323 3332//3324 
s 16
f 3323//3315 3325//3317 3333//3325 3331//3323 
s 8
f 3325//3317 3326//3318 3334//3326 3333//3325 
s 16
f 3326//3318 3327//3319 3335//3327 3334//3326 
s 8
f 3327//3319 3328//3320 3336//3328 3335//3327 
s 16
f 3328//3320 3329//3321 3337//3329 3336//3328 
s 8
f 3329//3321 3330//3322 3338//3330 3337//3329 
s 16
f 3330//3322 3324//3316 3332//3324 3338//3330 
s 2
f 3332//3324 3331//3323 3339//3331 3340//3332 
s 4
f 3331//3323 3333//3325 3341//3333 3339//3331 
s 2
f 3333//3325 3334//3326 3342//3334 3341//3333 
s 4
f 3334//3326 3335//3327 3343//3335 3342//3334 
s 2
f 3335//3327 3336//3328 3344//3336 3343//3335 
s 4
f 3336//3328 3337//3329 3345//3337 3344//3336 
s 2
f 3337//3329 3338//3330 3346//3338 3345//3337 
s 4
f 3338//3330 3332//3324 3340//3332 3346//3338 
s off
f 3340//3332 3339//3331 3347//3339 3348//3340 
f 3339//3331 3341//3333 3349//3341 3347//3339 
f 3341//3333 3342//3334 3350//3342 3349//3341 
f 3342//3334 3343//3335 3351//3343 3350//3342 
f 3343//3335 3344//3336 3352//3344 3351//3343 
f 3344//3336 3345//3337 3353//3345 3352//3344 
f 3345//3337 3346//3338 3354//3346 3353//3345 
f 3346//3338 3340//3332 3348//3340 3354//3346 
f 3348//3340 3347//3339 3355//3347 3356//3348 
f 3347//3339 3349//3341 3357//3349 3355//3347 
f 3349//3341 3350//3342 3358//3350 3357//3349 
f 3350//3342 3351//3343 3359//3351 3358//3350 
f 3351//3343 3352//3344 3360//3352 3359//3351 
f 3352//3344 3353//3345 3361//3353 3360//3352 
f 3353//3345 3354//3346 3362//3354 3361//3353 
f 3354//3346 3348//3340 3356//3348 3362//3354 
f 3363//3355 3356//3348 3355//3347 
f 3363//3355 3355//3347 3357//3349 
f 3363//3355 3357//3349 3358//3350 
f 3363//3355 3358//3350 3359//3351 
f 3363//3355 3359//3351 3360//3352 
f 3363//3355 3360//3352 3361//3353 
f 3363//3355 3361//3353 3362//3354 
f 3363//3355 3362//3354 3356//3348 
# 37 polygons - 12 triangles

#
# object Bip001_L_Finger2
#

v  796.6007 1456.2058 -45.1902
v  796.1906 1455.8940 -51.2226
v  796.0108 1461.0945 -51.4791
v  796.4210 1461.4064 -45.4468
v  790.7079 1456.2467 -40.2344
v  790.5352 1452.1124 -44.5662
v  790.5282 1461.4471 -40.4910
v  790.0858 1465.1136 -45.2076
v  789.6757 1464.8019 -51.2400
v  789.5028 1460.6677 -55.5718
v  789.6826 1455.4672 -55.3153
v  790.1250 1451.8007 -50.5986
v  770.2868 1455.6110 -38.8130
v  770.2514 1451.5812 -41.1240
v  769.8792 1460.6382 -42.4209
v  769.5735 1464.4087 -45.1268
v  769.3456 1464.2355 -48.4781
v  769.3095 1460.2052 -50.7992
v  769.2614 1454.8315 -53.8939
v  769.5664 1451.0605 -51.1981
v  756.3389 1454.7385 -36.6886
v  756.1451 1450.1013 -41.5476
v  756.1251 1460.9258 -36.9938
v  755.6288 1465.0385 -42.2845
v  755.1409 1464.6675 -49.4614
v  754.9470 1460.0303 -54.3204
v  755.1608 1453.8430 -54.0152
v  755.6571 1449.7303 -48.7245
v  751.1819 1453.4731 -32.6579
v  750.9078 1446.9149 -39.5296
v  750.8795 1462.2231 -33.0896
v  750.1776 1468.0393 -40.5718
v  749.4875 1467.5148 -50.7214
v  749.2134 1460.9567 -57.5930
v  749.5158 1452.2067 -57.1614
v  750.2177 1446.3904 -49.6793
v  745.4482 1454.3995 -35.9306
v  745.2544 1449.7622 -40.7896
v  745.2344 1460.5867 -36.2358
v  744.7382 1464.6995 -41.5265
v  744.2502 1464.3285 -48.7034
v  744.0563 1459.6912 -53.5624
v  744.2702 1453.5040 -53.2571
v  744.7664 1449.3912 -47.9665
v  742.4968 1456.9751 -44.5895
# 45 vertices

vn 0.8495 -0.3680 0.3780
vn 0.7933 -0.4107 -0.4495
vn 0.7646 0.4182 -0.4903
vn 0.8209 0.4610 0.3371
vn 0.3220 -0.2992 0.8982
vn 0.3180 -0.8740 0.3675
vn 0.2361 0.4048 0.8834
vn 0.2314 0.9257 0.2991
vn 0.1824 0.8885 -0.4210
vn 0.1119 0.3103 -0.9440
vn 0.1999 -0.3920 -0.8980
vn 0.2716 -0.9093 -0.3154
vn 0.1021 0.0590 0.9930
vn 0.0927 -0.8157 0.5709
vn 0.1067 0.5307 0.8408
vn 0.0488 0.8957 0.4421
vn -0.0176 0.8452 -0.5341
vn -0.0115 0.4408 -0.8975
vn -0.0333 -0.0439 -0.9985
vn 0.0205 -0.8707 -0.4915
vn 0.3990 -0.3063 0.8643
vn 0.3611 -0.8545 0.3734
vn 0.4545 0.3983 0.7967
vn 0.3374 0.8923 0.3000
vn 0.2876 0.8544 -0.4327
vn 0.3400 0.3112 -0.8874
vn 0.2807 -0.3962 -0.8742
vn 0.3133 -0.8908 -0.3291
vn 0.0758 -0.3344 0.9394
vn 0.0578 -0.9025 0.4268
vn 0.0494 0.4296 0.9017
vn -0.0059 0.9419 0.3358
vn -0.0578 0.9025 -0.4268
vn -0.0758 0.3344 -0.9394
vn -0.0494 -0.4296 -0.9017
vn 0.0060 -0.9419 -0.3358
vn -0.7060 -0.2418 0.6657
vn -0.7178 -0.6125 0.3311
vn -0.7232 0.2568 0.6411
vn -0.7594 0.5912 0.2717
vn -0.7932 0.5655 -0.2260
vn -0.8049 0.1947 -0.5605
vn -0.7877 -0.3039 -0.5359
vn -0.7516 -0.6382 -0.1666
vn -0.9971 -0.0310 0.0694
# 45 vertex normals

o Bip001_L_Finger2
g Bip001_L_Finger2
usemtl wire_108008136
s off
f 3364//3356 3365//3357 3366//3358 3367//3359 
f 3364//3356 3368//3360 3369//3361 
f 3364//3356 3367//3359 3370//3362 3368//3360 
f 3367//3359 3371//3363 3370//3362 
f 3367//3359 3366//3358 3372//3364 3371//3363 
f 3366//3358 3373//3365 3372//3364 
f 3366//3358 3365//3357 3374//3366 3373//3365 
f 3365//3357 3375//3367 3374//3366 
f 3365//3357 3364//3356 3369//3361 3375//3367 
s 8
f 3369//3361 3368//3360 3376//3368 3377//3369 
s 16
f 3368//3360 3370//3362 3378//3370 3376//3368 
s 8
f 3370//3362 3371//3363 3379//3371 3378//3370 
s 16
f 3371//3363 3372//3364 3380//3372 3379//3371 
s 8
f 3372//3364 3373//3365 3381//3373 3380//3372 
s 16
f 3373//3365 3374//3366 3382//3374 3381//3373 
s 8
f 3374//3366 3375//3367 3383//3375 3382//3374 
s 16
f 3375//3367 3369//3361 3377//3369 3383//3375 
s 2
f 3377//3369 3376//3368 3384//3376 3385//3377 
s 4
f 3376//3368 3378//3370 3386//3378 3384//3376 
s 2
f 3378//3370 3379//3371 3387//3379 3386//3378 
s 4
f 3379//3371 3380//3372 3388//3380 3387//3379 
s 2
f 3380//3372 3381//3373 3389//3381 3388//3380 
s 4
f 3381//3373 3382//3374 3390//3382 3389//3381 
s 2
f 3382//3374 3383//3375 3391//3383 3390//3382 
s 4
f 3383//3375 3377//3369 3385//3377 3391//3383 
s off
f 3385//3377 3384//3376 3392//3384 3393//3385 
f 3384//3376 3386//3378 3394//3386 3392//3384 
f 3386//3378 3387//3379 3395//3387 3394//3386 
f 3387//3379 3388//3380 3396//3388 3395//3387 
f 3388//3380 3389//3381 3397//3389 3396//3388 
f 3389//3381 3390//3382 3398//3390 3397//3389 
f 3390//3382 3391//3383 3399//3391 3398//3390 
f 3391//3383 3385//3377 3393//3385 3399//3391 
f 3393//3385 3392//3384 3400//3392 3401//3393 
f 3392//3384 3394//3386 3402//3394 3400//3392 
f 3394//3386 3395//3387 3403//3395 3402//3394 
f 3395//3387 3396//3388 3404//3396 3403//3395 
f 3396//3388 3397//3389 3405//3397 3404//3396 
f 3397//3389 3398//3390 3406//3398 3405//3397 
f 3398//3390 3399//3391 3407//3399 3406//3398 
f 3399//3391 3393//3385 3401//3393 3407//3399 
f 3408//3400 3401//3393 3400//3392 
f 3408//3400 3400//3392 3402//3394 
f 3408//3400 3402//3394 3403//3395 
f 3408//3400 3403//3395 3404//3396 
f 3408//3400 3404//3396 3405//3397 
f 3408//3400 3405//3397 3406//3398 
f 3408//3400 3406//3398 3407//3399 
f 3408//3400 3407//3399 3401//3393 
# 37 polygons - 12 triangles

#
# object Bip001_L_Finger21
#

v  830.2475 1457.1699 -47.6521
v  829.8541 1456.8708 -53.4377
v  829.6704 1462.2137 -53.7013
v  830.0638 1462.5128 -47.9157
v  826.0550 1457.2552 -43.0006
v  825.8978 1453.0238 -47.1420
v  825.8713 1462.5983 -43.2642
v  825.4385 1466.3811 -47.8012
v  825.0452 1466.0820 -53.5868
v  824.8879 1461.8507 -57.7282
v  825.0715 1456.5077 -57.4646
v  825.5044 1452.7247 -52.9276
v  811.2753 1456.7979 -41.9720
v  811.2498 1452.6666 -44.1753
v  810.8730 1461.9747 -45.4499
v  810.5714 1465.8573 -48.0583
v  810.3528 1465.6912 -51.2725
v  810.3267 1461.5593 -53.4854
v  810.2919 1456.0503 -56.4360
v  810.5929 1452.1672 -53.8373
v  801.2037 1456.0321 -40.1629
v  801.0273 1451.2858 -44.8084
v  800.9851 1462.3888 -40.4766
v  800.4996 1466.6321 -45.5657
v  800.0316 1466.2764 -52.4489
v  799.8552 1461.5299 -57.0944
v  800.0738 1455.1732 -56.7807
v  800.5593 1450.9301 -51.6916
v  797.5419 1454.7716 -36.3820
v  797.2925 1448.0592 -42.9517
v  797.2328 1463.7612 -36.8257
v  796.5463 1469.7621 -44.0227
v  795.8844 1469.2590 -53.7571
v  795.6349 1462.5466 -60.3267
v  795.9440 1453.5569 -59.8831
v  796.6306 1447.5560 -52.6861
v  793.3216 1455.7882 -39.6144
v  793.1452 1451.0419 -44.2598
v  793.1030 1462.1449 -39.9281
v  792.6176 1466.3882 -45.0171
v  792.1495 1466.0323 -51.9004
v  791.9731 1461.2860 -56.5459
v  792.1917 1454.9293 -56.2322
v  792.6772 1450.6860 -51.1431
v  791.0150 1458.4866 -47.9665
# 45 vertices

vn 0.8495 -0.3681 0.3780
vn 0.7932 -0.4109 -0.4494
vn 0.7647 0.4181 -0.4903
vn 0.8210 0.4608 0.3371
vn 0.3219 -0.2993 0.8982
vn 0.3178 -0.8740 0.3675
vn 0.2362 0.4047 0.8834
vn 0.2315 0.9257 0.2991
vn 0.1826 0.8885 -0.4211
vn 0.1119 0.3103 -0.9440
vn 0.1998 -0.3921 -0.8980
vn 0.2714 -0.9093 -0.3154
vn 0.1021 0.0590 0.9930
vn 0.0926 -0.8157 0.5709
vn 0.1068 0.5307 0.8408
vn 0.0489 0.8957 0.4420
vn -0.0175 0.8452 -0.5342
vn -0.0114 0.4408 -0.8975
vn -0.0333 -0.0439 -0.9985
vn 0.0203 -0.8707 -0.4915
vn 0.3989 -0.3064 0.8643
vn 0.3609 -0.8546 0.3735
vn 0.4546 0.3982 0.7967
vn 0.3375 0.8922 0.2999
vn 0.2877 0.8544 -0.4327
vn 0.3401 0.3111 -0.8874
vn 0.2807 -0.3962 -0.8742
vn 0.3132 -0.8909 -0.3291
vn 0.0757 -0.3344 0.9394
vn 0.0576 -0.9025 0.4268
vn 0.0495 0.4296 0.9017
vn -0.0058 0.9419 0.3358
vn -0.0576 0.9025 -0.4268
vn -0.0757 0.3344 -0.9394
vn -0.0495 -0.4296 -0.9017
vn 0.0058 -0.9419 -0.3358
vn -0.7061 -0.2416 0.6656
vn -0.7179 -0.6124 0.3311
vn -0.7232 0.2570 0.6410
vn -0.7593 0.5914 0.2717
vn -0.7931 0.5656 -0.2260
vn -0.8049 0.1949 -0.5605
vn -0.7878 -0.3037 -0.5359
vn -0.7517 -0.6381 -0.1666
vn -0.9971 -0.0309 0.0694
# 45 vertex normals

o Bip001_L_Finger21
g Bip001_L_Finger21
usemtl wire_108008136
s off
f 3409//3401 3410//3402 3411//3403 3412//3404 
f 3409//3401 3413//3405 3414//3406 
f 3409//3401 3412//3404 3415//3407 3413//3405 
f 3412//3404 3416//3408 3415//3407 
f 3412//3404 3411//3403 3417//3409 3416//3408 
f 3411//3403 3418//3410 3417//3409 
f 3411//3403 3410//3402 3419//3411 3418//3410 
f 3410//3402 3420//3412 3419//3411 
f 3410//3402 3409//3401 3414//3406 3420//3412 
s 8
f 3414//3406 3413//3405 3421//3413 3422//3414 
s 16
f 3413//3405 3415//3407 3423//3415 3421//3413 
s 8
f 3415//3407 3416//3408 3424//3416 3423//3415 
s 16
f 3416//3408 3417//3409 3425//3417 3424//3416 
s 8
f 3417//3409 3418//3410 3426//3418 3425//3417 
s 16
f 3418//3410 3419//3411 3427//3419 3426//3418 
s 8
f 3419//3411 3420//3412 3428//3420 3427//3419 
s 16
f 3420//3412 3414//3406 3422//3414 3428//3420 
s 2
f 3422//3414 3421//3413 3429//3421 3430//3422 
s 4
f 3421//3413 3423//3415 3431//3423 3429//3421 
s 2
f 3423//3415 3424//3416 3432//3424 3431//3423 
s 4
f 3424//3416 3425//3417 3433//3425 3432//3424 
s 2
f 3425//3417 3426//3418 3434//3426 3433//3425 
s 4
f 3426//3418 3427//3419 3435//3427 3434//3426 
s 2
f 3427//3419 3428//3420 3436//3428 3435//3427 
s 4
f 3428//3420 3422//3414 3430//3422 3436//3428 
s off
f 3430//3422 3429//3421 3437//3429 3438//3430 
f 3429//3421 3431//3423 3439//3431 3437//3429 
f 3431//3423 3432//3424 3440//3432 3439//3431 
f 3432//3424 3433//3425 3441//3433 3440//3432 
f 3433//3425 3434//3426 3442//3434 3441//3433 
f 3434//3426 3435//3427 3443//3435 3442//3434 
f 3435//3427 3436//3428 3444//3436 3443//3435 
f 3436//3428 3430//3422 3438//3430 3444//3436 
f 3438//3430 3437//3429 3445//3437 3446//3438 
f 3437//3429 3439//3431 3447//3439 3445//3437 
f 3439//3431 3440//3432 3448//3440 3447//3439 
f 3440//3432 3441//3433 3449//3441 3448//3440 
f 3441//3433 3442//3434 3450//3442 3449//3441 
f 3442//3434 3443//3435 3451//3443 3450//3442 
f 3443//3435 3444//3436 3452//3444 3451//3443 
f 3444//3436 3438//3430 3446//3438 3452//3444 
f 3453//3445 3446//3438 3445//3437 
f 3453//3445 3445//3437 3447//3439 
f 3453//3445 3447//3439 3448//3440 
f 3453//3445 3448//3440 3449//3441 
f 3453//3445 3449//3441 3450//3442 
f 3453//3445 3450//3442 3451//3443 
f 3453//3445 3451//3443 3452//3444 
f 3453//3445 3452//3444 3446//3438 
# 37 polygons - 12 triangles

#
# object Bip001_L_Finger22
#

v  864.7682 1456.6384 -50.2396
v  864.4109 1456.3668 -55.4934
v  864.4845 1461.5338 -55.7655
v  864.8417 1461.8053 -50.5116
v  860.4017 1456.9243 -45.9884
v  860.0787 1452.8455 -49.7247
v  860.4752 1462.0913 -46.2604
v  860.2625 1465.7628 -50.4048
v  859.9052 1465.4912 -55.6587
v  859.5822 1461.4125 -59.3950
v  859.5087 1456.2455 -59.1230
v  859.7214 1452.5740 -54.9785
v  845.1382 1457.1954 -44.9646
v  844.9349 1453.2075 -46.9409
v  845.0133 1462.2114 -48.1554
v  844.9196 1465.9735 -50.5486
v  844.7211 1465.8226 -53.4673
v  844.5172 1461.8342 -55.4524
v  844.2452 1456.5165 -58.0992
v  844.3383 1452.7540 -55.7148
v  834.7029 1456.9420 -43.2570
v  834.3405 1452.3669 -47.4480
v  834.7903 1463.0894 -43.5806
v  834.5516 1467.2076 -48.2293
v  834.1266 1466.8846 -54.4800
v  833.7643 1462.3094 -58.6710
v  833.6768 1456.1621 -58.3473
v  833.9155 1452.0438 -53.6986
v  830.8273 1455.9027 -39.7916
v  830.3148 1449.4324 -45.7186
v  830.9509 1464.5963 -40.2493
v  830.6133 1470.4205 -46.8236
v  830.0123 1469.9636 -55.6634
v  829.4999 1463.4933 -61.5904
v  829.3762 1454.7997 -61.1326
v  829.7137 1448.9755 -54.5583
v  826.5628 1457.0865 -42.7110
v  826.2004 1452.5115 -46.9020
v  826.6503 1463.2339 -43.0346
v  826.4116 1467.3522 -47.6833
v  825.9866 1467.0292 -53.9340
v  825.6242 1462.4540 -58.1250
v  825.5367 1456.3066 -57.8013
v  825.7755 1452.1884 -53.1526
v  824.4077 1459.8002 -50.3049
# 45 vertices

vn 0.8297 -0.4076 0.3814
vn 0.7735 -0.4503 -0.4461
vn 0.7852 0.3789 -0.4897
vn 0.8415 0.4217 0.3377
vn 0.3049 -0.3115 0.9000
vn 0.2742 -0.8872 0.3712
vn 0.2534 0.3958 0.8827
vn 0.2754 0.9144 0.2967
vn 0.2264 0.8772 -0.4235
vn 0.1291 0.3013 -0.9447
vn 0.1828 -0.4043 -0.8962
vn 0.2278 -0.9225 -0.3118
vn 0.1024 0.0574 0.9931
vn 0.0516 -0.8174 0.5738
vn 0.1303 0.5277 0.8394
vn 0.0912 0.8937 0.4393
vn 0.0248 0.8433 -0.5369
vn 0.0122 0.4378 -0.8990
vn -0.0330 -0.0456 -0.9984
vn -0.0207 -0.8723 -0.4886
vn 0.3815 -0.3225 0.8663
vn 0.3182 -0.8698 0.3772
vn 0.4714 0.3784 0.7966
vn 0.3797 0.8758 0.2979
vn 0.3298 0.8380 -0.4347
vn 0.3569 0.2913 -0.8876
vn 0.2633 -0.4123 -0.8722
vn 0.2704 -0.9061 -0.3254
vn 0.0572 -0.3345 0.9406
vn 0.0128 -0.9028 0.4299
vn 0.0680 0.4297 0.9004
vn 0.0390 0.9422 0.3327
vn -0.0128 0.9028 -0.4299
vn -0.0572 0.3345 -0.9406
vn -0.0680 -0.4297 -0.9004
vn -0.0390 -0.9422 -0.3327
vn -0.7186 -0.2049 0.6646
vn -0.7475 -0.5758 0.3312
vn -0.7115 0.2939 0.6383
vn -0.7304 0.6283 0.2678
vn -0.7642 0.6026 -0.2298
vn -0.7932 0.2318 -0.5632
vn -0.8002 -0.2670 -0.5369
vn -0.7813 -0.6015 -0.1664
vn -0.9976 0.0177 0.0669
# 45 vertex normals

o Bip001_L_Finger22
g Bip001_L_Finger22
usemtl wire_108008136
s off
f 3454//3446 3455//3447 3456//3448 3457//3449 
f 3454//3446 3458//3450 3459//3451 
f 3454//3446 3457//3449 3460//3452 3458//3450 
f 3457//3449 3461//3453 3460//3452 
f 3457//3449 3456//3448 3462//3454 3461//3453 
f 3456//3448 3463//3455 3462//3454 
f 3456//3448 3455//3447 3464//3456 3463//3455 
f 3455//3447 3465//3457 3464//3456 
f 3455//3447 3454//3446 3459//3451 3465//3457 
s 8
f 3459//3451 3458//3450 3466//3458 3467//3459 
s 16
f 3458//3450 3460//3452 3468//3460 3466//3458 
s 8
f 3460//3452 3461//3453 3469//3461 3468//3460 
s 16
f 3461//3453 3462//3454 3470//3462 3469//3461 
s 8
f 3462//3454 3463//3455 3471//3463 3470//3462 
s 16
f 3463//3455 3464//3456 3472//3464 3471//3463 
s 8
f 3464//3456 3465//3457 3473//3465 3472//3464 
s 16
f 3465//3457 3459//3451 3467//3459 3473//3465 
s 2
f 3467//3459 3466//3458 3474//3466 3475//3467 
s 4
f 3466//3458 3468//3460 3476//3468 3474//3466 
s 2
f 3468//3460 3469//3461 3477//3469 3476//3468 
s 4
f 3469//3461 3470//3462 3478//3470 3477//3469 
s 2
f 3470//3462 3471//3463 3479//3471 3478//3470 
s 4
f 3471//3463 3472//3464 3480//3472 3479//3471 
s 2
f 3472//3464 3473//3465 3481//3473 3480//3472 
s 4
f 3473//3465 3467//3459 3475//3467 3481//3473 
s off
f 3475//3467 3474//3466 3482//3474 3483//3475 
f 3474//3466 3476//3468 3484//3476 3482//3474 
f 3476//3468 3477//3469 3485//3477 3484//3476 
f 3477//3469 3478//3470 3486//3478 3485//3477 
f 3478//3470 3479//3471 3487//3479 3486//3478 
f 3479//3471 3480//3472 3488//3480 3487//3479 
f 3480//3472 3481//3473 3489//3481 3488//3480 
f 3481//3473 3475//3467 3483//3475 3489//3481 
f 3483//3475 3482//3474 3490//3482 3491//3483 
f 3482//3474 3484//3476 3492//3484 3490//3482 
f 3484//3476 3485//3477 3493//3485 3492//3484 
f 3485//3477 3486//3478 3494//3486 3493//3485 
f 3486//3478 3487//3479 3495//3487 3494//3486 
f 3487//3479 3488//3480 3496//3488 3495//3487 
f 3488//3480 3489//3481 3497//3489 3496//3488 
f 3489//3481 3483//3475 3491//3483 3497//3489 
f 3498//3490 3491//3483 3490//3482 
f 3498//3490 3490//3482 3492//3484 
f 3498//3490 3492//3484 3493//3485 
f 3498//3490 3493//3485 3494//3486 
f 3498//3490 3494//3486 3495//3487 
f 3498//3490 3495//3487 3496//3488 
f 3498//3490 3496//3488 3497//3489 
f 3498//3490 3497//3489 3491//3483 
# 37 polygons - 12 triangles

#
# object Bip001_L_Finger3
#

v  786.4604 1455.8833 -79.1034
v  785.5999 1455.7726 -84.4697
v  786.0760 1461.0023 -84.6540
v  786.9365 1461.1130 -79.2878
v  782.4141 1456.4197 -74.3358
v  781.4116 1452.4143 -78.2223
v  782.8903 1461.6494 -74.5201
v  782.6020 1465.4886 -78.6830
v  781.7415 1465.3779 -84.0492
v  780.7390 1461.3726 -87.9357
v  780.2628 1456.1428 -87.7514
v  780.5510 1452.3036 -83.5885
v  766.9620 1457.9128 -71.8887
v  766.2477 1453.9445 -73.9774
v  766.9600 1463.0809 -75.0542
v  766.9586 1466.9572 -77.4284
v  766.4805 1466.8956 -80.4096
v  765.7648 1462.9271 -82.5074
v  764.8106 1457.6359 -85.3043
v  764.8106 1453.7595 -82.9391
v  756.4523 1458.4639 -69.1898
v  755.3278 1453.9711 -73.5492
v  757.0188 1464.6859 -69.4090
v  756.6954 1468.9923 -74.0785
v  755.6716 1468.8606 -80.4629
v  754.5471 1464.3678 -84.8224
v  753.9806 1458.1458 -84.6031
v  754.3040 1453.8394 -79.9336
v  752.7266 1457.6393 -65.2997
v  751.1363 1451.2855 -71.4648
v  753.5277 1466.4386 -65.6097
v  753.0704 1472.5288 -72.2134
v  751.6225 1472.3424 -81.2423
v  750.0322 1465.9886 -87.4075
v  749.2311 1457.1895 -87.0974
v  749.6884 1451.0991 -80.4938
v  748.2116 1459.2601 -67.8848
v  747.0871 1454.7673 -72.2442
v  748.7781 1465.4822 -68.1040
v  748.4547 1469.7886 -72.7735
v  747.4309 1469.6569 -79.1579
v  746.3064 1465.1641 -83.5174
v  745.7399 1458.9420 -83.2981
v  746.0633 1454.6356 -78.6286
v  745.5523 1462.3770 -75.4308
# 45 vertices

vn 0.8239 -0.4817 0.2984
vn 0.6925 -0.4986 -0.5214
vn 0.7677 0.3279 -0.5505
vn 0.8992 0.3448 0.2693
vn 0.3559 -0.3577 0.8634
vn 0.2326 -0.9153 0.3287
vn 0.3607 0.3517 0.8639
vn 0.3736 0.8818 0.2880
vn 0.2591 0.8670 -0.4255
vn 0.0703 0.3143 -0.9467
vn 0.0705 -0.3944 -0.9162
vn 0.1241 -0.9293 -0.3479
vn 0.1929 0.0235 0.9809
vn 0.0348 -0.8333 0.5517
vn 0.2454 0.4940 0.8341
vn 0.2014 0.8721 0.4459
vn 0.0463 0.8521 -0.5212
vn -0.0307 0.4584 -0.8882
vn -0.1235 -0.0172 -0.9922
vn -0.1340 -0.8551 -0.5009
vn 0.4281 -0.3738 0.8228
vn 0.2782 -0.9017 0.3311
vn 0.5682 0.3192 0.7584
vn 0.4741 0.8351 0.2792
vn 0.3576 0.8201 -0.4467
vn 0.3006 0.2848 -0.9102
vn 0.1519 -0.4094 -0.8996
vn 0.1665 -0.9160 -0.3649
vn 0.1116 -0.3620 0.9255
vn -0.0231 -0.9117 0.4102
vn 0.1809 0.3997 0.8986
vn 0.1443 0.9273 0.3454
vn 0.0231 0.9117 -0.4102
vn -0.1116 0.3620 -0.9255
vn -0.1809 -0.3997 -0.8986
vn -0.1443 -0.9273 -0.3454
vn -0.6721 -0.1643 0.7220
vn -0.7601 -0.5230 0.3857
vn -0.6269 0.3328 0.7044
vn -0.6508 0.6772 0.3434
vn -0.7299 0.6670 -0.1497
vn -0.8178 0.3083 -0.4860
vn -0.8630 -0.1889 -0.4685
vn -0.8391 -0.5332 -0.1074
vn -0.9832 0.0950 0.1557
# 45 vertex normals

o Bip001_L_Finger3
g Bip001_L_Finger3
usemtl wire_108008136
s off
f 3499//3491 3500//3492 3501//3493 3502//3494 
f 3499//3491 3503//3495 3504//3496 
f 3499//3491 3502//3494 3505//3497 3503//3495 
f 3502//3494 3506//3498 3505//3497 
f 3502//3494 3501//3493 3507//3499 3506//3498 
f 3501//3493 3508//3500 3507//3499 
f 3501//3493 3500//3492 3509//3501 3508//3500 
f 3500//3492 3510//3502 3509//3501 
f 3500//3492 3499//3491 3504//3496 3510//3502 
s 8
f 3504//3496 3503//3495 3511//3503 3512//3504 
s 16
f 3503//3495 3505//3497 3513//3505 3511//3503 
s 8
f 3505//3497 3506//3498 3514//3506 3513//3505 
s 16
f 3506//3498 3507//3499 3515//3507 3514//3506 
s 8
f 3507//3499 3508//3500 3516//3508 3515//3507 
s 16
f 3508//3500 3509//3501 3517//3509 3516//3508 
s 8
f 3509//3501 3510//3502 3518//3510 3517//3509 
s 16
f 3510//3502 3504//3496 3512//3504 3518//3510 
s 2
f 3512//3504 3511//3503 3519//3511 3520//3512 
s 4
f 3511//3503 3513//3505 3521//3513 3519//3511 
s 2
f 3513//3505 3514//3506 3522//3514 3521//3513 
s 4
f 3514//3506 3515//3507 3523//3515 3522//3514 
s 2
f 3515//3507 3516//3508 3524//3516 3523//3515 
s 4
f 3516//3508 3517//3509 3525//3517 3524//3516 
s 2
f 3517//3509 3518//3510 3526//3518 3525//3517 
s 4
f 3518//3510 3512//3504 3520//3512 3526//3518 
s off
f 3520//3512 3519//3511 3527//3519 3528//3520 
f 3519//3511 3521//3513 3529//3521 3527//3519 
f 3521//3513 3522//3514 3530//3522 3529//3521 
f 3522//3514 3523//3515 3531//3523 3530//3522 
f 3523//3515 3524//3516 3532//3524 3531//3523 
f 3524//3516 3525//3517 3533//3525 3532//3524 
f 3525//3517 3526//3518 3534//3526 3533//3525 
f 3526//3518 3520//3512 3528//3520 3534//3526 
f 3528//3520 3527//3519 3535//3527 3536//3528 
f 3527//3519 3529//3521 3537//3529 3535//3527 
f 3529//3521 3530//3522 3538//3530 3537//3529 
f 3530//3522 3531//3523 3539//3531 3538//3530 
f 3531//3523 3532//3524 3540//3532 3539//3531 
f 3532//3524 3533//3525 3541//3533 3540//3532 
f 3533//3525 3534//3526 3542//3534 3541//3533 
f 3534//3526 3528//3520 3536//3528 3542//3534 
f 3543//3535 3536//3528 3535//3527 
f 3543//3535 3535//3527 3537//3529 
f 3543//3535 3537//3529 3538//3530 
f 3543//3535 3538//3530 3539//3531 
f 3543//3535 3539//3531 3540//3532 
f 3543//3535 3540//3532 3541//3533 
f 3543//3535 3541//3533 3542//3534 
f 3543//3535 3542//3534 3536//3528 
# 37 polygons - 12 triangles

#
# object Bip001_L_Finger31
#

v  818.6822 1453.2618 -84.4810
v  817.9044 1453.1617 -89.3317
v  818.2897 1457.3857 -89.4806
v  819.0676 1457.4858 -84.6300
v  814.9619 1453.7535 -80.1615
v  814.0895 1450.5105 -83.6878
v  815.3472 1457.9775 -80.3105
v  815.0529 1461.0704 -84.0602
v  814.2750 1460.9703 -88.9108
v  813.4026 1457.7273 -92.4370
v  813.0172 1453.5033 -92.2881
v  813.3116 1450.4104 -88.5384
v  800.7875 1455.1259 -77.9168
v  800.1757 1451.9163 -79.8181
v  800.7407 1459.2942 -80.7606
v  800.7056 1462.4205 -82.8934
v  800.2734 1462.3649 -85.5882
v  799.6603 1459.1552 -87.4976
v  798.8428 1454.8755 -90.0434
v  798.8766 1451.7490 -87.9187
v  791.1496 1455.6873 -75.4565
v  790.1710 1452.0496 -79.4118
v  791.6080 1460.7128 -75.6337
v  791.2778 1464.1820 -79.8397
v  790.3524 1464.0629 -85.6106
v  789.3738 1460.4252 -89.5660
v  788.9154 1455.3998 -89.3887
v  789.2456 1451.9304 -85.1827
v  787.7377 1455.0719 -71.9357
v  786.3538 1449.9274 -77.5294
v  788.3860 1462.1790 -72.1864
v  787.9191 1467.0853 -78.1346
v  786.6104 1466.9169 -86.2959
v  785.2264 1461.7723 -91.8896
v  784.5781 1454.6653 -91.6390
v  785.0451 1449.7589 -85.6908
v  783.5903 1456.4191 -74.2594
v  782.6118 1452.7814 -78.2147
v  784.0488 1461.4446 -74.4366
v  783.7186 1464.9138 -78.6426
v  782.7932 1464.7947 -84.4135
v  781.8146 1461.1570 -88.3689
v  781.3561 1456.1316 -88.1916
v  781.6863 1452.6622 -83.9856
v  781.1369 1458.9396 -81.0662
# 45 vertices

vn 0.8239 -0.4818 0.2985
vn 0.6924 -0.4988 -0.5214
vn 0.7678 0.3278 -0.5505
vn 0.8993 0.3447 0.2693
vn 0.3558 -0.3577 0.8634
vn 0.2324 -0.9154 0.3288
vn 0.3607 0.3516 0.8639
vn 0.3737 0.8817 0.2880
vn 0.2593 0.8670 -0.4256
vn 0.0704 0.3143 -0.9467
vn 0.0704 -0.3944 -0.9162
vn 0.1239 -0.9293 -0.3478
vn 0.1929 0.0235 0.9809
vn 0.0347 -0.8333 0.5517
vn 0.2455 0.4940 0.8341
vn 0.2016 0.8721 0.4459
vn 0.0465 0.8521 -0.5213
vn -0.0307 0.4584 -0.8882
vn -0.1235 -0.0172 -0.9922
vn -0.1341 -0.8550 -0.5009
vn 0.4280 -0.3739 0.8228
vn 0.2780 -0.9017 0.3312
vn 0.5683 0.3192 0.7584
vn 0.4742 0.8350 0.2792
vn 0.3578 0.8200 -0.4467
vn 0.3007 0.2847 -0.9102
vn 0.1518 -0.4094 -0.8996
vn 0.1664 -0.9161 -0.3649
vn 0.1115 -0.3620 0.9255
vn -0.0233 -0.9117 0.4102
vn 0.1810 0.3997 0.8986
vn 0.1445 0.9273 0.3453
vn 0.0233 0.9117 -0.4102
vn -0.1115 0.3620 -0.9255
vn -0.1810 -0.3997 -0.8986
vn -0.1445 -0.9273 -0.3454
vn -0.6722 -0.1642 0.7220
vn -0.7602 -0.5229 0.3857
vn -0.6268 0.3330 0.7044
vn -0.6507 0.6773 0.3434
vn -0.7297 0.6671 -0.1497
vn -0.8177 0.3084 -0.4860
vn -0.8631 -0.1887 -0.4685
vn -0.8392 -0.5331 -0.1074
vn -0.9832 0.0952 0.1557
# 45 vertex normals

o Bip001_L_Finger31
g Bip001_L_Finger31
usemtl wire_108008136
s off
f 3544//3536 3545//3537 3546//3538 3547//3539 
f 3544//3536 3548//3540 3549//3541 
f 3544//3536 3547//3539 3550//3542 3548//3540 
f 3547//3539 3551//3543 3550//3542 
f 3547//3539 3546//3538 3552//3544 3551//3543 
f 3546//3538 3553//3545 3552//3544 
f 3546//3538 3545//3537 3554//3546 3553//3545 
f 3545//3537 3555//3547 3554//3546 
f 3545//3537 3544//3536 3549//3541 3555//3547 
s 8
f 3549//3541 3548//3540 3556//3548 3557//3549 
s 16
f 3548//3540 3550//3542 3558//3550 3556//3548 
s 8
f 3550//3542 3551//3543 3559//3551 3558//3550 
s 16
f 3551//3543 3552//3544 3560//3552 3559//3551 
s 8
f 3552//3544 3553//3545 3561//3553 3560//3552 
s 16
f 3553//3545 3554//3546 3562//3554 3561//3553 
s 8
f 3554//3546 3555//3547 3563//3555 3562//3554 
s 16
f 3555//3547 3549//3541 3557//3549 3563//3555 
s 2
f 3557//3549 3556//3548 3564//3556 3565//3557 
s 4
f 3556//3548 3558//3550 3566//3558 3564//3556 
s 2
f 3558//3550 3559//3551 3567//3559 3566//3558 
s 4
f 3559//3551 3560//3552 3568//3560 3567//3559 
s 2
f 3560//3552 3561//3553 3569//3561 3568//3560 
s 4
f 3561//3553 3562//3554 3570//3562 3569//3561 
s 2
f 3562//3554 3563//3555 3571//3563 3570//3562 
s 4
f 3563//3555 3557//3549 3565//3557 3571//3563 
s off
f 3565//3557 3564//3556 3572//3564 3573//3565 
f 3564//3556 3566//3558 3574//3566 3572//3564 
f 3566//3558 3567//3559 3575//3567 3574//3566 
f 3567//3559 3568//3560 3576//3568 3575//3567 
f 3568//3560 3569//3561 3577//3569 3576//3568 
f 3569//3561 3570//3562 3578//3570 3577//3569 
f 3570//3562 3571//3563 3579//3571 3578//3570 
f 3571//3563 3565//3557 3573//3565 3579//3571 
f 3573//3565 3572//3564 3580//3572 3581//3573 
f 3572//3564 3574//3566 3582//3574 3580//3572 
f 3574//3566 3575//3567 3583//3575 3582//3574 
f 3575//3567 3576//3568 3584//3576 3583//3575 
f 3576//3568 3577//3569 3585//3577 3584//3576 
f 3577//3569 3578//3570 3586//3578 3585//3577 
f 3578//3570 3579//3571 3587//3579 3586//3578 
f 3579//3571 3573//3565 3581//3573 3587//3579 
f 3588//3580 3581//3573 3580//3572 
f 3588//3580 3580//3572 3582//3574 
f 3588//3580 3582//3574 3583//3575 
f 3588//3580 3583//3575 3584//3576 
f 3588//3580 3584//3576 3585//3577 
f 3588//3580 3585//3577 3586//3578 
f 3588//3580 3586//3578 3587//3579 
f 3588//3580 3587//3579 3581//3573 
# 37 polygons - 12 triangles

#
# object Bip001_L_Finger32
#

v  848.0405 1448.9796 -89.3329
v  847.3352 1448.8889 -93.7307
v  847.9151 1453.0317 -93.9091
v  848.6204 1453.1226 -89.5114
v  844.6298 1449.6259 -85.4148
v  843.6660 1446.4506 -88.5793
v  845.2097 1453.7688 -85.5933
v  845.1157 1456.8079 -89.0255
v  844.4105 1456.7170 -93.4232
v  843.4467 1453.5419 -96.5876
v  842.8668 1449.3989 -96.4091
v  842.9608 1446.3599 -92.9770
v  831.6549 1451.5299 -83.3734
v  830.9273 1448.3850 -85.0646
v  831.8430 1455.6223 -85.9951
v  831.9840 1458.6918 -87.9614
v  831.5922 1458.6412 -90.4045
v  830.8635 1455.4963 -92.1031
v  829.8918 1451.3030 -94.3678
v  829.7496 1448.2335 -92.4089
v  822.8098 1452.4630 -81.1344
v  821.7286 1448.9014 -84.6839
v  823.4997 1457.3920 -81.3467
v  823.3942 1460.8009 -85.1965
v  822.5552 1460.6929 -90.4286
v  821.4741 1457.1312 -93.9782
v  820.7842 1452.2023 -93.7658
v  820.8896 1448.7933 -89.9160
v  819.6266 1452.0039 -77.9300
v  818.0977 1446.9669 -82.9498
v  820.6023 1458.9745 -78.2303
v  820.4532 1463.7954 -83.6748
v  819.2666 1463.6427 -91.0741
v  817.7377 1458.6057 -96.0939
v  816.7620 1451.6351 -95.7936
v  816.9111 1446.8142 -90.3491
v  815.8902 1453.4784 -80.0457
v  814.8091 1449.9167 -83.5952
v  816.5801 1458.4073 -80.2580
v  816.4747 1461.8163 -84.1079
v  815.6356 1461.7083 -89.3400
v  814.5545 1458.1467 -92.8895
v  813.8646 1453.2177 -92.6772
v  813.9700 1449.8088 -88.8273
v  813.7892 1456.0228 -86.2421
# 45 vertices

vn 0.7995 -0.5185 0.3031
vn 0.6681 -0.5354 -0.5167
vn 0.7831 0.2863 -0.5521
vn 0.9146 0.3032 0.2677
vn 0.3375 -0.3677 0.8665
vn 0.1879 -0.9229 0.3361
vn 0.3765 0.3406 0.8616
vn 0.4154 0.8649 0.2816
vn 0.3010 0.8502 -0.4319
vn 0.0861 0.3032 -0.9490
vn 0.0522 -0.4044 -0.9131
vn 0.0794 -0.9369 -0.3405
vn 0.1930 0.0218 0.9810
vn -0.0058 -0.8297 0.5581
vn 0.2683 0.4880 0.8306
vn 0.2428 0.8648 0.4394
vn 0.0877 0.8449 -0.5277
vn -0.0079 0.4525 -0.8917
vn -0.1234 -0.0189 -0.9922
vn -0.1746 -0.8515 -0.4945
vn 0.4089 -0.3876 0.8262
vn 0.2341 -0.9114 0.3384
vn 0.5823 0.2974 0.7566
vn 0.5135 0.8134 0.2733
vn 0.3971 0.7984 -0.4526
vn 0.3147 0.2629 -0.9120
vn 0.1327 -0.4232 -0.8963
vn 0.1225 -0.9258 -0.3577
vn 0.0933 -0.3598 0.9283
vn -0.0674 -0.9063 0.4172
vn 0.1993 0.3975 0.8957
vn 0.1885 0.9219 0.3384
vn 0.0674 0.9063 -0.4172
vn -0.0933 0.3598 -0.9283
vn -0.1993 -0.3975 -0.8957
vn -0.1885 -0.9219 -0.3384
vn -0.6799 -0.1261 0.7224
vn -0.7847 -0.4828 0.3888
vn -0.6107 0.3681 0.7011
vn -0.6177 0.7104 0.3374
vn -0.6968 0.7002 -0.1557
vn -0.8016 0.3435 -0.4893
vn -0.8708 -0.1507 -0.4680
vn -0.8638 -0.4930 -0.1043
vn -0.9776 0.1435 0.1538
# 45 vertex normals

o Bip001_L_Finger32
g Bip001_L_Finger32
usemtl wire_108008136
s off
f 3589//3581 3590//3582 3591//3583 3592//3584 
f 3589//3581 3593//3585 3594//3586 
f 3589//3581 3592//3584 3595//3587 3593//3585 
f 3592//3584 3596//3588 3595//3587 
f 3592//3584 3591//3583 3597//3589 3596//3588 
f 3591//3583 3598//3590 3597//3589 
f 3591//3583 3590//3582 3599//3591 3598//3590 
f 3590//3582 3600//3592 3599//3591 
f 3590//3582 3589//3581 3594//3586 3600//3592 
s 8
f 3594//3586 3593//3585 3601//3593 3602//3594 
s 16
f 3593//3585 3595//3587 3603//3595 3601//3593 
s 8
f 3595//3587 3596//3588 3604//3596 3603//3595 
s 16
f 3596//3588 3597//3589 3605//3597 3604//3596 
s 8
f 3597//3589 3598//3590 3606//3598 3605//3597 
s 16
f 3598//3590 3599//3591 3607//3599 3606//3598 
s 8
f 3599//3591 3600//3592 3608//3600 3607//3599 
s 16
f 3600//3592 3594//3586 3602//3594 3608//3600 
s 2
f 3602//3594 3601//3593 3609//3601 3610//3602 
s 4
f 3601//3593 3603//3595 3611//3603 3609//3601 
s 2
f 3603//3595 3604//3596 3612//3604 3611//3603 
s 4
f 3604//3596 3605//3597 3613//3605 3612//3604 
s 2
f 3605//3597 3606//3598 3614//3606 3613//3605 
s 4
f 3606//3598 3607//3599 3615//3607 3614//3606 
s 2
f 3607//3599 3608//3600 3616//3608 3615//3607 
s 4
f 3608//3600 3602//3594 3610//3602 3616//3608 
s off
f 3610//3602 3609//3601 3617//3609 3618//3610 
f 3609//3601 3611//3603 3619//3611 3617//3609 
f 3611//3603 3612//3604 3620//3612 3619//3611 
f 3612//3604 3613//3605 3621//3613 3620//3612 
f 3613//3605 3614//3606 3622//3614 3621//3613 
f 3614//3606 3615//3607 3623//3615 3622//3614 
f 3615//3607 3616//3608 3624//3616 3623//3615 
f 3616//3608 3610//3602 3618//3610 3624//3616 
f 3618//3610 3617//3609 3625//3617 3626//3618 
f 3617//3609 3619//3611 3627//3619 3625//3617 
f 3619//3611 3620//3612 3628//3620 3627//3619 
f 3620//3612 3621//3613 3629//3621 3628//3620 
f 3621//3613 3622//3614 3630//3622 3629//3621 
f 3622//3614 3623//3615 3631//3623 3630//3622 
f 3623//3615 3624//3616 3632//3624 3631//3623 
f 3624//3616 3618//3610 3626//3618 3632//3624 
f 3633//3625 3626//3618 3625//3617 
f 3633//3625 3625//3617 3627//3619 
f 3633//3625 3627//3619 3628//3620 
f 3633//3625 3628//3620 3629//3621 
f 3633//3625 3629//3621 3630//3622 
f 3633//3625 3630//3622 3631//3623 
f 3633//3625 3631//3623 3632//3624 
f 3633//3625 3632//3624 3626//3618 
# 37 polygons - 12 triangles

#
# object Bip001_L_Finger4
#

v  770.6292 1459.4512 -108.4266
v  769.8506 1459.1541 -112.2878
v  769.8423 1463.3007 -112.6052
v  770.6208 1463.5978 -108.7441
v  768.3605 1459.7122 -104.9585
v  767.7828 1456.3793 -107.6163
v  768.3521 1463.8588 -105.2760
v  767.7620 1466.7458 -108.4099
v  766.9835 1466.4487 -112.2711
v  766.4059 1463.1158 -114.9289
v  766.4142 1458.9692 -114.6114
v  767.0043 1456.0822 -111.4775
v  758.9655 1459.8375 -103.0739
v  758.6487 1456.6042 -104.4382
v  758.5247 1463.8191 -105.5365
v  758.1940 1466.8052 -107.3834
v  757.7615 1466.6401 -109.5285
v  757.4434 1463.4064 -110.8992
v  757.0192 1459.0946 -112.7268
v  757.3486 1456.1080 -110.8864
v  752.6514 1459.5857 -101.0293
v  752.0034 1455.8473 -104.0105
v  752.6414 1464.5192 -101.4070
v  751.9795 1467.7576 -104.9224
v  751.0533 1467.4039 -109.5161
v  750.4054 1463.6655 -112.4973
v  750.4153 1458.7322 -112.1196
v  751.0772 1455.4938 -108.6043
v  750.6113 1458.7742 -98.1517
v  749.6951 1453.4873 -102.3678
v  750.5973 1465.7511 -98.6859
v  749.6612 1470.3308 -103.6573
v  748.3513 1469.8308 -110.1538
v  747.4351 1464.5439 -114.3699
v  747.4491 1457.5671 -113.8357
v  748.3852 1452.9873 -108.8643
v  747.6410 1459.6526 -100.0243
v  746.9930 1455.9142 -103.0055
v  747.6310 1464.5859 -100.4020
v  746.9691 1467.8243 -103.9173
v  746.0429 1467.4708 -108.5111
v  745.3950 1463.7324 -111.4923
v  745.4049 1458.7991 -111.1146
v  746.0669 1455.5607 -107.5992
v  745.4803 1461.7063 -105.5501
# 45 vertices

vn 0.8762 -0.3934 0.2784
vn 0.7125 -0.4558 -0.5334
vn 0.7109 0.3722 -0.5968
vn 0.8745 0.4347 0.2150
vn 0.4229 -0.2884 0.8590
vn 0.3286 -0.8765 0.3518
vn 0.3631 0.4179 0.8328
vn 0.3034 0.9228 0.2375
vn 0.1610 0.8684 -0.4690
vn 0.0016 0.2799 -0.9600
vn 0.0676 -0.4240 -0.9031
vn 0.1935 -0.9281 -0.3182
vn 0.2310 0.0812 0.9696
vn 0.1337 -0.8034 0.5803
vn 0.2342 0.5480 0.8030
vn 0.1396 0.9043 0.4034
vn -0.0535 0.8306 -0.5543
vn -0.1096 0.4167 -0.9024
vn -0.1630 -0.0691 -0.9842
vn -0.0764 -0.8836 -0.4620
vn 0.4945 -0.2997 0.8159
vn 0.3728 -0.8587 0.3516
vn 0.5681 0.3998 0.7193
vn 0.4073 0.8849 0.2259
vn 0.2624 0.8296 -0.4929
vn 0.2350 0.2727 -0.9330
vn 0.1507 -0.4310 -0.8897
vn 0.2338 -0.9118 -0.3376
vn 0.1829 -0.3121 0.9323
vn 0.0773 -0.8924 0.4446
vn 0.1813 0.4511 0.8739
vn 0.0736 0.9500 0.3035
vn -0.0773 0.8924 -0.4446
vn -0.1828 0.3121 -0.9323
vn -0.1813 -0.4511 -0.8739
vn -0.0736 -0.9500 -0.3035
vn -0.6235 -0.1938 0.7575
vn -0.6924 -0.5725 0.4392
vn -0.6245 0.3043 0.7193
vn -0.6948 0.6299 0.3471
vn -0.7932 0.5923 -0.1412
vn -0.8621 0.2136 -0.4595
vn -0.8611 -0.2845 -0.4213
vn -0.7908 -0.6101 -0.0491
vn -0.9804 0.0131 0.1967
# 45 vertex normals

o Bip001_L_Finger4
g Bip001_L_Finger4
usemtl wire_108008136
s off
f 3634//3626 3635//3627 3636//3628 3637//3629 
f 3634//3626 3638//3630 3639//3631 
f 3634//3626 3637//3629 3640//3632 3638//3630 
f 3637//3629 3641//3633 3640//3632 
f 3637//3629 3636//3628 3642//3634 3641//3633 
f 3636//3628 3643//3635 3642//3634 
f 3636//3628 3635//3627 3644//3636 3643//3635 
f 3635//3627 3645//3637 3644//3636 
f 3635//3627 3634//3626 3639//3631 3645//3637 
s 8
f 3639//3631 3638//3630 3646//3638 3647//3639 
s 16
f 3638//3630 3640//3632 3648//3640 3646//3638 
s 8
f 3640//3632 3641//3633 3649//3641 3648//3640 
s 16
f 3641//3633 3642//3634 3650//3642 3649//3641 
s 8
f 3642//3634 3643//3635 3651//3643 3650//3642 
s 16
f 3643//3635 3644//3636 3652//3644 3651//3643 
s 8
f 3644//3636 3645//3637 3653//3645 3652//3644 
s 16
f 3645//3637 3639//3631 3647//3639 3653//3645 
s 2
f 3647//3639 3646//3638 3654//3646 3655//3647 
s 4
f 3646//3638 3648//3640 3656//3648 3654//3646 
s 2
f 3648//3640 3649//3641 3657//3649 3656//3648 
s 4
f 3649//3641 3650//3642 3658//3650 3657//3649 
s 2
f 3650//3642 3651//3643 3659//3651 3658//3650 
s 4
f 3651//3643 3652//3644 3660//3652 3659//3651 
s 2
f 3652//3644 3653//3645 3661//3653 3660//3652 
s 4
f 3653//3645 3647//3639 3655//3647 3661//3653 
s off
f 3655//3647 3654//3646 3662//3654 3663//3655 
f 3654//3646 3656//3648 3664//3656 3662//3654 
f 3656//3648 3657//3649 3665//3657 3664//3656 
f 3657//3649 3658//3650 3666//3658 3665//3657 
f 3658//3650 3659//3651 3667//3659 3666//3658 
f 3659//3651 3660//3652 3668//3660 3667//3659 
f 3660//3652 3661//3653 3669//3661 3668//3660 
f 3661//3653 3655//3647 3663//3655 3669//3661 
f 3663//3655 3662//3654 3670//3662 3671//3663 
f 3662//3654 3664//3656 3672//3664 3670//3662 
f 3664//3656 3665//3657 3673//3665 3672//3664 
f 3665//3657 3666//3658 3674//3666 3673//3665 
f 3666//3658 3667//3659 3675//3667 3674//3666 
f 3667//3659 3668//3660 3676//3668 3675//3667 
f 3668//3660 3669//3661 3677//3669 3676//3668 
f 3669//3661 3663//3655 3671//3663 3677//3669 
f 3678//3670 3671//3663 3670//3662 
f 3678//3670 3670//3662 3672//3664 
f 3678//3670 3672//3664 3673//3665 
f 3678//3670 3673//3665 3674//3666 
f 3678//3670 3674//3666 3675//3667 
f 3678//3670 3675//3667 3676//3668 
f 3678//3670 3676//3668 3677//3669 
f 3678//3670 3677//3669 3671//3663 
# 37 polygons - 12 triangles

#
# object Bip001_L_Finger41
#

v  794.6133 1459.1389 -112.8952
v  793.7026 1458.7913 -117.4121
v  793.6950 1462.9656 -117.7318
v  794.6057 1463.3132 -113.2149
v  792.0974 1459.4430 -108.8659
v  791.4201 1456.0515 -112.0138
v  792.0898 1463.6172 -109.1857
v  791.4010 1466.4872 -112.8131
v  790.4904 1466.1396 -117.3299
v  789.8130 1462.7482 -120.4778
v  789.8207 1458.5739 -120.1581
v  790.5094 1455.7039 -116.5306
v  781.5616 1459.5856 -106.7526
v  781.1894 1456.3105 -108.3873
v  781.0480 1463.5667 -109.5817
v  780.6628 1466.5525 -111.7036
v  780.1569 1466.3594 -114.2129
v  779.7831 1463.0839 -115.8551
v  779.2849 1458.7164 -118.0448
v  779.6685 1455.7300 -115.9305
v  774.4876 1459.3522 -104.4286
v  773.7279 1455.5481 -107.9595
v  774.4785 1464.3186 -104.8089
v  773.7059 1467.5378 -108.8778
v  772.6225 1467.1241 -114.2516
v  771.8627 1463.3201 -117.7825
v  771.8718 1458.3538 -117.4021
v  772.6444 1455.1345 -113.3333
v  772.2219 1458.5685 -101.0993
v  771.1475 1453.1886 -106.0928
v  772.2090 1465.5919 -101.6373
v  771.1164 1470.1447 -107.3915
v  769.5841 1469.5597 -114.9913
v  768.5097 1464.1798 -119.9847
v  768.5226 1457.1564 -119.4468
v  769.6152 1452.6036 -113.6926
v  768.8688 1459.4282 -103.3015
v  768.1091 1455.6241 -106.8324
v  768.8597 1464.3945 -103.6819
v  768.0872 1467.6138 -107.7508
v  767.0037 1467.2002 -113.1246
v  766.2440 1463.3961 -116.6555
v  766.2531 1458.4298 -116.2751
v  767.0256 1455.2106 -112.2063
v  766.3927 1461.4279 -109.7451
# 45 vertices

vn 0.8761 -0.3935 0.2784
vn 0.7125 -0.4560 -0.5333
vn 0.7110 0.3720 -0.5968
vn 0.8746 0.4345 0.2150
vn 0.4228 -0.2885 0.8591
vn 0.3284 -0.8766 0.3518
vn 0.3631 0.4179 0.8328
vn 0.3036 0.9227 0.2375
vn 0.1611 0.8684 -0.4690
vn 0.0016 0.2799 -0.9600
vn 0.0676 -0.4241 -0.9031
vn 0.1934 -0.9281 -0.3181
vn 0.2310 0.0812 0.9696
vn 0.1336 -0.8034 0.5803
vn 0.2343 0.5480 0.8030
vn 0.1398 0.9043 0.4034
vn -0.0533 0.8306 -0.5543
vn -0.1096 0.4167 -0.9024
vn -0.1630 -0.0692 -0.9842
vn -0.0766 -0.8836 -0.4620
vn 0.4945 -0.2998 0.8159
vn 0.3727 -0.8588 0.3516
vn 0.5682 0.3998 0.7193
vn 0.4074 0.8849 0.2259
vn 0.2625 0.8295 -0.4929
vn 0.2350 0.2726 -0.9330
vn 0.1506 -0.4310 -0.8897
vn 0.2337 -0.9118 -0.3376
vn 0.1828 -0.3121 0.9323
vn 0.0771 -0.8924 0.4446
vn 0.1814 0.4511 0.8739
vn 0.0737 0.9500 0.3035
vn -0.0771 0.8924 -0.4446
vn -0.1828 0.3121 -0.9323
vn -0.1814 -0.4511 -0.8739
vn -0.0737 -0.9500 -0.3035
vn -0.6235 -0.1936 0.7575
vn -0.6925 -0.5724 0.4392
vn -0.6244 0.3044 0.7193
vn -0.6947 0.6300 0.3471
vn -0.7931 0.5925 -0.1412
vn -0.8621 0.2137 -0.4595
vn -0.8612 -0.2843 -0.4213
vn -0.7909 -0.6099 -0.0491
vn -0.9804 0.0133 0.1966
# 45 vertex normals

o Bip001_L_Finger41
g Bip001_L_Finger41
usemtl wire_108008136
s off
f 3679//3671 3680//3672 3681//3673 3682//3674 
f 3679//3671 3683//3675 3684//3676 
f 3679//3671 3682//3674 3685//3677 3683//3675 
f 3682//3674 3686//3678 3685//3677 
f 3682//3674 3681//3673 3687//3679 3686//3678 
f 3681//3673 3688//3680 3687//3679 
f 3681//3673 3680//3672 3689//3681 3688//3680 
f 3680//3672 3690//3682 3689//3681 
f 3680//3672 3679//3671 3684//3676 3690//3682 
s 8
f 3684//3676 3683//3675 3691//3683 3692//3684 
s 16
f 3683//3675 3685//3677 3693//3685 3691//3683 
s 8
f 3685//3677 3686//3678 3694//3686 3693//3685 
s 16
f 3686//3678 3687//3679 3695//3687 3694//3686 
s 8
f 3687//3679 3688//3680 3696//3688 3695//3687 
s 16
f 3688//3680 3689//3681 3697//3689 3696//3688 
s 8
f 3689//3681 3690//3682 3698//3690 3697//3689 
s 16
f 3690//3682 3684//3676 3692//3684 3698//3690 
s 2
f 3692//3684 3691//3683 3699//3691 3700//3692 
s 4
f 3691//3683 3693//3685 3701//3693 3699//3691 
s 2
f 3693//3685 3694//3686 3702//3694 3701//3693 
s 4
f 3694//3686 3695//3687 3703//3695 3702//3694 
s 2
f 3695//3687 3696//3688 3704//3696 3703//3695 
s 4
f 3696//3688 3697//3689 3705//3697 3704//3696 
s 2
f 3697//3689 3698//3690 3706//3698 3705//3697 
s 4
f 3698//3690 3692//3684 3700//3692 3706//3698 
s off
f 3700//3692 3699//3691 3707//3699 3708//3700 
f 3699//3691 3701//3693 3709//3701 3707//3699 
f 3701//3693 3702//3694 3710//3702 3709//3701 
f 3702//3694 3703//3695 3711//3703 3710//3702 
f 3703//3695 3704//3696 3712//3704 3711//3703 
f 3704//3696 3705//3697 3713//3705 3712//3704 
f 3705//3697 3706//3698 3714//3706 3713//3705 
f 3706//3698 3700//3692 3708//3700 3714//3706 
f 3708//3700 3707//3699 3715//3707 3716//3708 
f 3707//3699 3709//3701 3717//3709 3715//3707 
f 3709//3701 3710//3702 3718//3710 3717//3709 
f 3710//3702 3711//3703 3719//3711 3718//3710 
f 3711//3703 3712//3704 3720//3712 3719//3711 
f 3712//3704 3713//3705 3721//3713 3720//3712 
f 3713//3705 3714//3706 3722//3714 3721//3713 
f 3714//3706 3708//3700 3716//3708 3722//3714 
f 3723//3715 3716//3708 3715//3707 
f 3723//3715 3715//3707 3717//3709 
f 3723//3715 3717//3709 3718//3710 
f 3723//3715 3718//3710 3719//3711 
f 3723//3715 3719//3711 3720//3712 
f 3723//3715 3720//3712 3721//3713 
f 3723//3715 3721//3713 3722//3714 
f 3723//3715 3722//3714 3716//3708 
# 37 polygons - 12 triangles

#
# object Bip001_L_Finger42
#

v  817.8529 1457.8846 -117.6214
v  816.9951 1457.5571 -121.8763
v  817.1670 1461.2902 -122.1982
v  818.0249 1461.6176 -117.9433
v  815.3752 1458.3270 -113.8161
v  814.6028 1455.2816 -116.7658
v  815.5471 1462.0599 -114.1380
v  815.0327 1464.6140 -117.5707
v  814.1748 1464.2866 -121.8255
v  813.4025 1461.2413 -124.7752
v  813.2305 1457.5083 -124.4532
v  813.7449 1454.9542 -121.0206
v  805.0956 1458.9750 -111.7933
v  804.6106 1456.0393 -113.3176
v  804.7910 1462.5260 -114.4791
v  804.5624 1465.1892 -116.4935
v  804.0859 1465.0073 -118.8573
v  803.5994 1462.0712 -120.3887
v  802.9509 1458.1563 -122.4305
v  803.1779 1455.4924 -120.4233
v  798.1708 1459.1273 -109.5801
v  797.3045 1455.7114 -112.8887
v  798.3754 1463.5686 -109.9631
v  797.7984 1466.4335 -113.8135
v  796.7778 1466.0438 -118.8756
v  795.9114 1462.6279 -122.1842
v  795.7068 1458.1868 -121.8012
v  796.2839 1455.3218 -117.9508
v  795.8978 1458.5751 -106.4303
v  794.6725 1453.7443 -111.1094
v  796.1871 1464.8560 -106.9720
v  795.3710 1468.9076 -112.4172
v  793.9276 1468.3566 -119.5762
v  792.7024 1463.5258 -124.2553
v  792.4130 1457.2449 -123.7136
v  793.2291 1453.1932 -118.2684
v  792.6887 1459.4729 -108.5013
v  791.8223 1456.0570 -111.8100
v  792.8933 1463.9142 -108.8844
v  792.3162 1466.7791 -112.7347
v  791.2956 1466.3894 -117.7969
v  790.4293 1462.9735 -121.1055
v  790.2247 1458.5323 -120.7225
v  790.8017 1455.6674 -116.8721
v  790.4236 1461.2948 -114.5800
# 45 vertices

vn 0.8555 -0.4320 0.2856
vn 0.6918 -0.4945 -0.5262
vn 0.7299 0.3321 -0.5975
vn 0.8936 0.3945 0.2143
vn 0.4057 -0.2999 0.8634
vn 0.2852 -0.8877 0.3614
vn 0.3797 0.4082 0.8302
vn 0.3463 0.9095 0.2299
vn 0.2038 0.8551 -0.4766
vn 0.0182 0.2702 -0.9626
vn 0.0504 -0.4355 -0.8988
vn 0.1501 -0.9393 -0.3086
vn 0.2312 0.0795 0.9696
vn 0.0933 -0.8032 0.5884
vn 0.2573 0.5440 0.7987
vn 0.1812 0.9005 0.3953
vn -0.0118 0.8268 -0.5624
vn -0.0865 0.4127 -0.9067
vn -0.1627 -0.0708 -0.9841
vn -0.1169 -0.8834 -0.4539
vn 0.4769 -0.3150 0.8206
vn 0.3302 -0.8721 0.3612
vn 0.5841 0.3793 0.7177
vn 0.4483 0.8666 0.2191
vn 0.3034 0.8113 -0.4997
vn 0.2509 0.2521 -0.9346
vn 0.1330 -0.4463 -0.8850
vn 0.1912 -0.9251 -0.3280
vn 0.1645 -0.3114 0.9359
vn 0.0331 -0.8907 0.4534
vn 0.1996 0.4504 0.8702
vn 0.1178 0.9483 0.2948
vn -0.0331 0.8907 -0.4534
vn -0.1645 0.3114 -0.9359
vn -0.1996 -0.4504 -0.8702
vn -0.1178 -0.9483 -0.2948
vn -0.6346 -0.1564 0.7568
vn -0.7204 -0.5345 0.4419
vn -0.6117 0.3407 0.7140
vn -0.6651 0.6657 0.3384
vn -0.7636 0.6281 -0.1499
vn -0.8494 0.2500 -0.4648
vn -0.8723 -0.2472 -0.4219
vn -0.8189 -0.5721 -0.0464
vn -0.9793 0.0617 0.1927
# 45 vertex normals

o Bip001_L_Finger42
g Bip001_L_Finger42
usemtl wire_108008136
s off
f 3724//3716 3725//3717 3726//3718 3727//3719 
f 3724//3716 3728//3720 3729//3721 
f 3724//3716 3727//3719 3730//3722 3728//3720 
f 3727//3719 3731//3723 3730//3722 
f 3727//3719 3726//3718 3732//3724 3731//3723 
f 3726//3718 3733//3725 3732//3724 
f 3726//3718 3725//3717 3734//3726 3733//3725 
f 3725//3717 3735//3727 3734//3726 
f 3725//3717 3724//3716 3729//3721 3735//3727 
s 8
f 3729//3721 3728//3720 3736//3728 3737//3729 
s 16
f 3728//3720 3730//3722 3738//3730 3736//3728 
s 8
f 3730//3722 3731//3723 3739//3731 3738//3730 
s 16
f 3731//3723 3732//3724 3740//3732 3739//3731 
s 8
f 3732//3724 3733//3725 3741//3733 3740//3732 
s 16
f 3733//3725 3734//3726 3742//3734 3741//3733 
s 8
f 3734//3726 3735//3727 3743//3735 3742//3734 
s 16
f 3735//3727 3729//3721 3737//3729 3743//3735 
s 2
f 3737//3729 3736//3728 3744//3736 3745//3737 
s 4
f 3736//3728 3738//3730 3746//3738 3744//3736 
s 2
f 3738//3730 3739//3731 3747//3739 3746//3738 
s 4
f 3739//3731 3740//3732 3748//3740 3747//3739 
s 2
f 3740//3732 3741//3733 3749//3741 3748//3740 
s 4
f 3741//3733 3742//3734 3750//3742 3749//3741 
s 2
f 3742//3734 3743//3735 3751//3743 3750//3742 
s 4
f 3743//3735 3737//3729 3745//3737 3751//3743 
s off
f 3745//3737 3744//3736 3752//3744 3753//3745 
f 3744//3736 3746//3738 3754//3746 3752//3744 
f 3746//3738 3747//3739 3755//3747 3754//3746 
f 3747//3739 3748//3740 3756//3748 3755//3747 
f 3748//3740 3749//3741 3757//3749 3756//3748 
f 3749//3741 3750//3742 3758//3750 3757//3749 
f 3750//3742 3751//3743 3759//3751 3758//3750 
f 3751//3743 3745//3737 3753//3745 3759//3751 
f 3753//3745 3752//3744 3760//3752 3761//3753 
f 3752//3744 3754//3746 3762//3754 3760//3752 
f 3754//3746 3755//3747 3763//3755 3762//3754 
f 3755//3747 3756//3748 3764//3756 3763//3755 
f 3756//3748 3757//3749 3765//3757 3764//3756 
f 3757//3749 3758//3750 3766//3758 3765//3757 
f 3758//3750 3759//3751 3767//3759 3766//3758 
f 3759//3751 3753//3745 3761//3753 3767//3759 
f 3768//3760 3761//3753 3760//3752 
f 3768//3760 3760//3752 3762//3754 
f 3768//3760 3762//3754 3763//3755 
f 3768//3760 3763//3755 3764//3756 
f 3768//3760 3764//3756 3765//3757 
f 3768//3760 3765//3757 3766//3758 
f 3768//3760 3766//3758 3767//3759 
f 3768//3760 3767//3759 3761//3753 
# 37 polygons - 12 triangles

#
# object Bip001_R_Clavicle
#

v  -75.1079 1509.7551 -61.5874
v  -65.5601 1494.5712 -13.8247
v  -64.2306 1455.0431 13.7750
v  -73.7762 1459.8204 -52.2611
v  -65.5602 1478.3549 -100.6496
v  -64.2309 1431.5293 -112.1209
v  -149.8979 1479.1694 -55.8748
v  -149.8913 1459.4420 -52.1903
v  -152.2766 1445.1512 -36.9905
v  -152.2836 1465.8767 -40.8614
v  -152.2836 1461.3539 -65.0775
v  -152.2766 1440.6283 -61.2066
v  -115.7569 1459.0005 -52.1079
v  -115.7513 1448.6260 -15.9621
v  -115.7514 1436.2786 -82.0722
v  -115.7622 1468.1851 -88.0314
v  -115.7672 1489.4928 -57.8029
v  -115.7620 1480.5325 -21.9213
# 18 vertices

vn 0.3048 0.9362 -0.1749
vn 0.8321 0.5483 0.0837
vn 0.6848 -0.3780 0.6230
vn 0.6433 -0.7526 0.1406
vn 0.8321 0.4811 -0.2759
vn 0.6848 -0.5774 -0.4446
vn -0.4700 0.8677 -0.1621
vn -0.8474 -0.5219 0.0975
vn -0.6566 -0.7034 0.2722
vn -0.8792 0.3557 0.3171
vn -0.8792 0.2173 -0.4241
vn -0.6566 -0.7542 0.0001
vn 0.0008 -0.9830 0.1836
vn -0.0676 -0.7503 0.6577
vn -0.0676 -0.9371 -0.3425
vn -0.1094 0.3591 -0.9269
vn -0.0984 0.9782 -0.1827
vn -0.1094 0.6694 0.7348
# 18 vertex normals

o Bip001_R_Clavicle
g Bip001_R_Clavicle
usemtl wire_006134006
s 32
f 3769//3761 3770//3762 3771//3763 3772//3764 
s 64
f 3773//3765 3769//3761 3772//3764 3774//3766 
s off
f 3775//3767 3776//3768 3777//3769 3778//3770 
f 3779//3771 3780//3772 3776//3768 3775//3767 
s 256
f 3781//3773 3772//3764 3771//3763 3782//3774 
s 128
f 3783//3775 3774//3766 3772//3764 3781//3773 
s 256
f 3776//3768 3781//3773 3782//3774 3777//3769 
s 128
f 3780//3772 3783//3775 3781//3773 3776//3768 
s 8
f 3784//3776 3773//3765 3774//3766 3783//3775 
f 3779//3771 3784//3776 3783//3775 3780//3772 
s 2
f 3785//3777 3769//3761 3773//3765 3784//3776 
s 4
f 3786//3778 3770//3762 3769//3761 3785//3777 
s 2
f 3775//3767 3785//3777 3784//3776 3779//3771 
s 4
f 3778//3770 3786//3778 3785//3777 3775//3767 
s 16
f 3782//3774 3771//3763 3770//3762 3786//3778 
f 3777//3769 3782//3774 3786//3778 3778//3770 
# 16 polygons

#
# object Bip001_R_UpperArm
#

v  -235.6899 1438.9994 -19.3071
v  -301.5709 1424.3204 -60.7843
v  -179.4264 1420.8883 -53.9639
v  -180.6533 1430.6342 -32.9676
v  -181.2712 1455.8302 -23.4190
v  -235.8653 1472.8290 -17.9461
v  -180.9182 1481.7169 -30.9124
v  -301.9191 1491.5167 -58.0808
v  -179.8009 1493.1300 -51.0574
v  -242.1541 1490.0677 -111.5703
v  -178.5740 1483.3843 -72.0537
v  -177.9561 1458.1882 -81.6023
v  -241.8401 1429.5127 -114.0065
v  -178.3091 1432.3015 -74.1089
v  -303.7144 1430.2147 -23.5390
v  -375.0184 1429.5574 -50.0979
v  -303.9861 1482.6276 -21.4304
v  -375.0077 1485.7627 -53.1245
v  -287.9453 1475.7834 -86.6081
v  -373.6460 1487.8074 -77.0809
v  -287.7711 1442.1851 -87.9603
v  -373.5881 1430.7623 -75.2096
v  -149.9281 1457.9796 -80.0138
v  -150.5461 1483.1757 -70.4652
v  -145.7809 1456.7576 -50.5931
v  -151.7730 1492.9215 -49.4689
v  -152.8902 1481.5083 -29.3239
v  -153.2433 1455.6216 -21.8305
v  -152.6253 1430.4255 -31.3790
v  -151.3984 1420.6798 -52.3753
v  -150.2812 1432.0929 -72.5204
v  -163.2555 1458.5723 -92.8582
v  -164.1294 1494.2048 -79.3548
v  -165.8646 1507.9877 -49.6612
v  -167.4445 1491.8468 -21.1715
v  -167.9438 1455.2375 -10.5746
v  -167.0700 1419.6050 -24.0779
v  -165.3348 1405.8221 -53.7716
v  -163.7548 1421.9630 -82.2613
# 39 vertices

vn -0.0014 -0.5774 0.8165
vn -0.0136 -0.9969 0.0774
vn -0.1792 -0.9833 -0.0308
vn -0.2152 -0.7353 0.6427
vn -0.2278 -0.0546 0.9722
vn -0.0259 0.5193 0.8542
vn -0.2184 0.6800 0.6999
vn -0.0228 0.9828 0.1832
vn -0.1837 0.9818 0.0486
vn 0.0221 0.6572 -0.7534
vn -0.0678 0.7453 -0.6633
vn -0.0518 0.0629 -0.9967
vn 0.0060 -0.6004 -0.7997
vn -0.0645 -0.6896 -0.7213
vn -0.0265 -0.6556 0.7546
vn -0.6464 -0.5713 0.5057
vn -0.1781 0.5175 0.8370
vn -0.6572 0.5722 0.4906
vn -0.2316 0.1395 -0.9628
vn -0.5661 0.5840 -0.5818
vn -0.0732 0.2149 -0.9739
vn -0.5762 -0.5722 -0.5835
vn 0.7045 0.0303 -0.7091
vn 0.6908 0.5503 -0.4690
vn 0.9984 0.0000 0.0569
vn 0.6602 0.7480 0.0679
vn 0.6306 0.5075 0.5871
vn 0.6194 -0.0303 0.7845
vn 0.6331 -0.5503 0.5444
vn 0.6637 -0.7480 0.0075
vn 0.6932 -0.5075 -0.5117
vn 0.0568 0.0404 -0.9976
vn 0.0386 0.7351 -0.6768
vn -0.0023 0.9992 0.0404
vn -0.0418 0.6779 0.7339
vn -0.0568 -0.0404 0.9976
vn -0.0386 -0.7351 0.6768
vn 0.0023 -0.9992 -0.0404
vn 0.0418 -0.6779 -0.7339
# 39 vertex normals

o Bip001_R_UpperArm
g Bip001_R_UpperArm
usemtl wire_006134006
s 4096
f 3787//3779 3788//3780 3789//3781 
f 3790//3782 3787//3779 3789//3781 
s 16
f 3791//3783 3792//3784 3787//3779 3790//3782 
f 3793//3785 3792//3784 3791//3783 
s 256
f 3794//3786 3792//3784 3795//3787 
f 3795//3787 3792//3784 3793//3785 
s 128
f 3796//3788 3794//3786 3795//3787 
f 3797//3789 3796//3788 3795//3787 
s 2
f 3798//3790 3799//3791 3796//3788 3797//3789 
f 3800//3792 3799//3791 3798//3790 
s 2048
f 3788//3780 3799//3791 3789//3781 
f 3789//3781 3799//3791 3800//3792 
s 16384
f 3787//3779 3801//3793 3802//3794 3788//3780 
s 96
f 3803//3795 3804//3796 3801//3793 3787//3779 
s 32
f 3792//3784 3803//3795 3787//3779 
s 1024
f 3794//3786 3804//3796 3803//3795 3792//3784 
s 1536
f 3805//3797 3806//3798 3794//3786 3796//3788 
s 12
f 3807//3799 3808//3800 3805//3797 3796//3788 
s 4
f 3799//3791 3807//3799 3796//3788 
s 24576
f 3788//3780 3808//3800 3807//3799 3799//3791 
s 64
f 3801//3793 3804//3796 3802//3794 
s 1024
f 3794//3786 3806//3798 3804//3796 
s 8
f 3808//3800 3806//3798 3805//3797 
s 16384
f 3802//3794 3808//3800 3788//3780 
s off
f 3804//3796 3806//3798 3808//3800 3802//3794 
f 3809//3801 3810//3802 3811//3803 
f 3810//3802 3812//3804 3811//3803 
f 3812//3804 3813//3805 3811//3803 
f 3813//3805 3814//3806 3811//3803 
f 3814//3806 3815//3807 3811//3803 
f 3815//3807 3816//3808 3811//3803 
f 3816//3808 3817//3809 3811//3803 
f 3817//3809 3809//3801 3811//3803 
f 3818//3810 3819//3811 3810//3802 3809//3801 
f 3819//3811 3820//3812 3812//3804 3810//3802 
f 3820//3812 3821//3813 3813//3805 3812//3804 
f 3821//3813 3822//3814 3814//3806 3813//3805 
f 3822//3814 3823//3815 3815//3807 3814//3806 
f 3823//3815 3824//3816 3816//3808 3815//3807 
f 3824//3816 3825//3817 3817//3809 3816//3808 
f 3825//3817 3818//3810 3809//3801 3817//3809 
f 3798//3790 3797//3789 3819//3811 3818//3810 
f 3797//3789 3795//3787 3820//3812 3819//3811 
f 3795//3787 3793//3785 3821//3813 3820//3812 
f 3793//3785 3791//3783 3822//3814 3821//3813 
f 3791//3783 3790//3782 3823//3815 3822//3814 
f 3790//3782 3789//3781 3824//3816 3823//3815 
f 3789//3781 3800//3792 3825//3817 3824//3816 
f 3800//3792 3798//3790 3818//3810 3825//3817 
# 25 polygons - 24 triangles

#
# object Bip001_R_Forearm
#

v  -431.6190 1425.9720 -4.4010
v  -473.2973 1403.5002 -62.3249
v  -434.1520 1409.4792 -63.2229
v  -400.5883 1429.8599 -38.3859
v  -472.2870 1420.3923 -3.5743
v  -517.5452 1422.1678 -26.6767
v  -468.8660 1484.3083 -3.2094
v  -435.0549 1500.4692 -62.5575
v  -470.9012 1502.9683 -61.6790
v  -515.8376 1481.2456 -26.3002
v  -434.5557 1481.9911 -4.1620
v  -403.2542 1474.2861 -37.5594
v  -475.3324 1422.1602 -120.7945
v  -434.6512 1427.9574 -121.6185
v  -402.1508 1430.9796 -89.6825
v  -400.8174 1421.2186 -64.2053
v  -519.3338 1423.2041 -95.5327
v  -646.8451 1434.3419 -78.6123
v  -646.1100 1420.9518 -38.2751
v  -643.7849 1475.3015 -38.0406
v  -645.1495 1463.1492 -78.5448
v  -517.6265 1482.2819 -95.1562
v  -471.9115 1486.0762 -120.4296
v  -404.8167 1475.4059 -88.8560
v  -437.5879 1483.9769 -121.3794
v  -404.5876 1484.0470 -63.0366
v  -401.5978 1451.8412 -27.3489
v  -403.8073 1453.4246 -99.8930
v  -370.3932 1459.8881 -101.2835
v  -371.4026 1481.8694 -90.2466
v  -362.3681 1460.4352 -65.2998
v  -371.1736 1490.5106 -64.4271
v  -369.8401 1480.7496 -38.9499
v  -368.1837 1458.3047 -28.7394
v  -367.1742 1436.3234 -39.7764
v  -367.4033 1427.6823 -65.5958
v  -368.7365 1437.4431 -91.0730
v  -387.5580 1456.9841 -115.6128
v  -388.9856 1488.0708 -100.0045
v  -388.6617 1500.2911 -63.4897
v  -386.7758 1486.4868 -27.4598
v  -384.4330 1454.7446 -13.0196
v  -383.0053 1423.6584 -28.6280
v  -383.3293 1411.4381 -65.1427
v  -385.2151 1425.2419 -101.1727
# 45 vertices

vn 0.2544 -0.5629 0.7864
vn -0.0024 -0.9918 -0.1275
vn 0.1459 -0.9867 0.0717
vn 0.0130 -0.7600 0.6498
vn -0.0437 -0.8010 0.5971
vn -0.1300 -0.6138 0.7787
vn -0.0882 0.6050 0.7913
vn 0.1922 0.9813 0.0062
vn -0.0033 0.9999 0.0114
vn -0.1029 0.5272 0.8435
vn 0.1658 0.7423 0.6492
vn -0.0217 0.7110 0.7029
vn -0.1232 -0.6099 -0.7828
vn 0.1600 -0.6407 -0.7509
vn -0.0274 -0.7363 -0.6762
vn -0.6987 -0.7153 0.0108
vn -0.1460 -0.5566 -0.8178
vn -0.6579 -0.4273 -0.6201
vn -0.5863 -0.6684 0.4578
vn -0.5619 0.6639 0.4934
vn -0.6103 0.4797 -0.6304
vn -0.1719 0.5918 -0.7875
vn -0.1294 0.6230 -0.7715
vn -0.0600 0.7404 -0.6695
vn 0.1699 0.7420 -0.6485
vn -0.8329 0.5519 0.0397
vn -0.0521 -0.1003 0.9936
vn -0.0924 0.0556 -0.9942
vn 0.6328 0.0846 -0.7697
vn 0.5847 0.6067 -0.5386
vn 0.9938 0.1060 -0.0327
vn 0.5801 0.8145 -0.0047
vn 0.6217 0.5865 0.5192
vn 0.6851 0.0560 0.7263
vn 0.7332 -0.4661 0.4952
vn 0.7377 -0.6740 -0.0387
vn 0.6962 -0.4459 -0.5626
vn -0.0349 0.0191 -0.9992
vn -0.0992 0.7165 -0.6905
vn -0.1053 0.9942 0.0227
vn -0.0498 0.6895 0.7226
vn 0.0349 -0.0191 0.9992
vn 0.0992 -0.7165 0.6905
vn 0.1053 -0.9942 -0.0227
vn 0.0498 -0.6895 -0.7226
# 45 vertex normals

o Bip001_R_Forearm
g Bip001_R_Forearm
usemtl wire_006134006
s 8192
f 3826//3818 3827//3819 3828//3820 3829//3821 
f 3830//3822 3831//3823 3827//3819 3826//3818 
s 8
f 3832//3824 3833//3825 3834//3826 3835//3827 
f 3836//3828 3837//3829 3833//3825 3832//3824 
s 16384
f 3828//3820 3838//3830 3839//3831 3840//3832 
s 24576
f 3828//3820 3840//3832 3841//3833 3829//3821 
s 16384
f 3827//3819 3842//3834 3838//3830 3828//3820 
s 98304
f 3831//3823 3843//3835 3842//3834 3827//3819 
s 65536
f 3844//3836 3843//3835 3831//3823 
s off
f 3845//3837 3846//3838 3843//3835 3844//3836 
s 6
f 3835//3827 3834//3826 3847//3839 3845//3837 
s 2
f 3847//3839 3846//3838 3845//3837 
s 16
f 3834//3826 3833//3825 3848//3840 3847//3839 
f 3833//3825 3849//3841 3850//3842 3848//3840 
s 24
f 3851//3843 3849//3841 3833//3825 3837//3829 
s 4096
f 3845//3837 3844//3836 3831//3823 3835//3827 
s 2048
f 3835//3827 3831//3823 3830//3822 3832//3824 
s 1024
f 3832//3824 3830//3822 3826//3818 3836//3828 
s 512
f 3829//3821 3852//3844 3836//3828 3826//3818 
f 3837//3829 3836//3828 3852//3844 
s 256
f 3843//3835 3846//3838 3847//3839 3842//3834 
s 128
f 3842//3834 3847//3839 3848//3840 3838//3830 
s 64
f 3838//3830 3848//3840 3850//3842 3839//3831 
s 32
f 3850//3842 3849//3841 3853//3845 3839//3831 
f 3839//3831 3853//3845 3840//3832 
s off
f 3854//3846 3855//3847 3856//3848 
f 3855//3847 3857//3849 3856//3848 
f 3857//3849 3858//3850 3856//3848 
f 3858//3850 3859//3851 3856//3848 
f 3859//3851 3860//3852 3856//3848 
f 3860//3852 3861//3853 3856//3848 
f 3861//3853 3862//3854 3856//3848 
f 3862//3854 3854//3846 3856//3848 
f 3863//3855 3864//3856 3855//3847 3854//3846 
f 3864//3856 3865//3857 3857//3849 3855//3847 
f 3865//3857 3866//3858 3858//3850 3857//3849 
f 3866//3858 3867//3859 3859//3851 3858//3850 
f 3867//3859 3868//3860 3860//3852 3859//3851 
f 3868//3860 3869//3861 3861//3853 3860//3852 
f 3869//3861 3870//3862 3862//3854 3861//3853 
f 3870//3862 3863//3855 3854//3846 3862//3854 
f 3853//3845 3849//3841 3864//3856 3863//3855 
f 3849//3841 3851//3843 3865//3857 3864//3856 
f 3851//3843 3837//3829 3866//3858 3865//3857 
f 3837//3829 3852//3844 3867//3859 3866//3858 
f 3852//3844 3829//3821 3868//3860 3867//3859 
f 3829//3821 3841//3833 3869//3861 3868//3860 
f 3841//3833 3840//3832 3870//3862 3869//3861 
f 3840//3832 3853//3845 3863//3855 3870//3862 
# 37 polygons - 12 triangles

#
# object Bip001_R_Hand
#

v  -641.5203 1432.7943 -58.6893
v  -647.1754 1465.4774 -80.2915
v  -645.4061 1467.7350 -38.7731
v  -646.4219 1434.3248 -37.9867
v  -697.0822 1473.2043 -4.8893
v  -706.6785 1438.6006 -4.7136
v  -729.3645 1462.6927 1.9458
v  -735.7875 1443.3070 1.2221
v  -688.8866 1425.6189 -22.5418
v  -672.4720 1417.7113 -49.5400
v  -677.2866 1434.6101 -59.2974
v  -648.1910 1432.0673 -79.5052
v  -750.4885 1435.0428 -99.1236
v  -750.1492 1433.7957 -19.8511
v  -744.4554 1471.2772 -79.7934
v  -744.2939 1462.8202 -98.0426
v  -744.1446 1464.6135 -16.8850
v  -691.6891 1432.8136 -99.6685
v  -690.5413 1467.7970 -100.5589
v  -709.2800 1433.6041 -101.1564
v  -739.4379 1437.2821 -113.2916
v  -733.0148 1456.6681 -112.5678
v  -673.3358 1427.3724 -74.3713
v  -686.1181 1426.8881 -92.4151
v  -727.6115 1424.6060 -95.5813
v  -725.8435 1428.8934 -11.2103
v  -693.4368 1486.3688 -43.8804
v  -691.8574 1484.1641 -77.9319
# 28 vertices

vn 0.8971 -0.4406 0.0337
vn 0.6295 0.5483 -0.5505
vn 0.7151 0.5878 0.3783
vn 0.6063 -0.5654 0.5592
vn 0.2371 0.5600 0.7938
vn 0.1804 -0.6673 0.7226
vn -0.1447 0.5289 0.8363
vn -0.4519 -0.2658 0.8515
vn -0.1210 -0.9553 0.2698
vn -0.0888 -0.9760 -0.1990
vn -0.2082 -0.9700 -0.1254
vn 0.5515 -0.6188 -0.5594
vn -0.7984 -0.5084 -0.3227
vn -0.7518 -0.5671 0.3364
vn -0.6574 0.7459 -0.1068
vn -0.5561 0.7127 -0.4276
vn -0.6519 0.6647 0.3650
vn 0.0710 -0.6857 -0.7244
vn 0.1933 0.5117 -0.8372
vn 0.1911 -0.7725 -0.6055
vn -0.3552 -0.3440 -0.8692
vn -0.0929 0.5115 -0.8543
vn -0.0136 -0.9855 0.1691
vn -0.4611 -0.8827 0.0911
vn -0.0489 -0.9824 -0.1803
vn -0.1450 -0.9567 0.2524
vn 0.0726 0.9930 0.0932
vn 0.6156 0.7765 -0.1346
# 28 vertex normals

o Bip001_R_Hand
g Bip001_R_Hand
usemtl wire_006134006
s 8
f 3871//3863 3872//3864 3873//3865 3874//3866 
s 16
f 3873//3865 3875//3867 3876//3868 3874//3866 
s 32
f 3875//3867 3877//3869 3878//3870 3876//3868 
s 8192
f 3874//3866 3879//3871 3880//3872 3871//3863 
f 3876//3868 3879//3871 3874//3866 
f 3880//3872 3881//3873 3871//3863 
f 3881//3873 3880//3872 3879//3871 3876//3868 
s 8
f 3872//3864 3871//3863 3882//3874 
s 128
f 3883//3875 3884//3876 3885//3877 3886//3878 
s 64
f 3887//3879 3884//3876 3878//3870 3877//3869 
s 2048
f 3888//3880 3889//3881 3872//3864 3882//3874 
s 1024
f 3890//3882 3889//3881 3888//3880 
s 512
f 3891//3883 3892//3884 3889//3881 3890//3882 
s 4096
f 3882//3874 3893//3885 3894//3886 
s 16384
f 3876//3868 3890//3882 3888//3880 3881//3873 
s 65536
f 3878//3870 3884//3876 3895//3887 3896//3888 
f 3895//3887 3884//3876 3883//3875 3891//3883 
s 2
f 3897//3889 3875//3867 3873//3865 3872//3864 
f 3872//3864 3889//3881 3898//3890 3897//3889 
s 4
f 3892//3884 3886//3878 3885//3877 3898//3890 
f 3875//3867 3897//3889 3887//3879 3877//3869 
s 4096
f 3894//3886 3888//3880 3882//3874 
f 3882//3874 3871//3863 3881//3873 3893//3885 
f 3893//3885 3881//3873 3888//3880 3894//3886 
s 32768
f 3896//3888 3876//3868 3878//3870 
f 3890//3882 3895//3887 3891//3883 
f 3876//3868 3896//3888 3895//3887 3890//3882 
s 4
f 3892//3884 3898//3890 3889//3881 
f 3898//3890 3885//3877 3887//3879 3897//3889 
s 256
f 3892//3884 3891//3883 3883//3875 3886//3878 
s 128
f 3885//3877 3884//3876 3887//3879 
# 21 polygons - 10 triangles

#
# object Bip001_R_Finger0
#

v  -707.4586 1423.1495 0.5811
v  -706.3040 1414.8256 -4.1293
v  -697.5652 1412.4218 2.2610
v  -698.7198 1420.7456 6.9713
v  -706.1218 1431.0498 1.7251
v  -711.8099 1426.6097 -6.6004
v  -697.3831 1428.6459 8.1153
v  -689.9631 1420.6000 9.3752
v  -688.8084 1412.2761 4.6648
v  -694.4964 1407.8362 -3.6606
v  -703.2352 1410.2401 -10.0509
v  -710.6552 1418.2859 -11.3108
v  -698.8669 1436.5084 -6.1426
v  -704.9418 1434.8569 -12.8901
v  -689.4868 1429.4801 -2.3693
v  -682.4516 1424.2089 0.4607
v  -681.8101 1419.5845 -2.1561
v  -687.8831 1417.9192 -8.9115
v  -695.9803 1415.6987 -17.9186
v  -703.0135 1420.9561 -20.7565
v  -694.9225 1442.0389 -11.2819
v  -701.3027 1437.0587 -20.6204
v  -684.5258 1439.1790 -3.6791
v  -676.2028 1430.1539 -2.2659
v  -674.8290 1420.2509 -7.8700
v  -681.2092 1415.2705 -17.2086
v  -691.6060 1418.1306 -24.8113
v  -699.9290 1427.1555 -26.2245
v  -695.8281 1449.0385 -12.1523
v  -704.8511 1441.9952 -25.3590
v  -681.1249 1444.9937 -1.4005
v  -669.3544 1432.2305 0.5981
v  -667.4116 1418.2252 -7.3273
v  -676.4346 1411.1821 -20.5340
v  -691.1379 1415.2268 -31.2858
v  -702.9084 1427.9901 -33.2844
v  -691.0535 1444.9501 -15.4777
v  -697.4337 1439.9697 -24.8163
v  -680.6567 1442.0901 -7.8750
v  -672.3337 1433.0651 -6.4618
v  -670.9600 1423.1619 -12.0659
v  -677.3401 1418.1816 -21.4044
v  -687.7369 1421.0416 -29.0071
v  -696.0599 1430.0667 -30.4203
v  -683.3956 1432.1688 -19.3101
# 45 vertices

vn -0.8658 0.0810 0.4938
vn -0.7662 -0.6365 0.0878
vn -0.1118 -0.8166 0.5663
vn -0.2114 -0.0990 0.9724
vn -0.5376 0.7422 0.4001
vn -0.9111 0.3714 -0.1787
vn 0.0550 0.6312 0.7737
vn 0.5228 0.0084 0.8524
vn 0.6094 -0.6161 0.4990
vn 0.2749 -0.9536 -0.1231
vn -0.3215 -0.8154 -0.4813
vn -0.8290 -0.2208 -0.5138
vn -0.1356 0.8463 0.5151
vn -0.7468 0.6314 -0.2086
vn 0.2384 0.6194 0.7480
vn 0.5997 0.2138 0.7711
vn 0.7171 -0.6328 0.2921
vn 0.4475 -0.8881 -0.1050
vn 0.1040 -0.8807 -0.4622
vn -0.6190 -0.2899 -0.7299
vn -0.5882 0.6831 0.4329
vn -0.9244 0.3564 -0.1355
vn -0.0791 0.4696 0.8794
vn 0.4297 -0.0256 0.9026
vn 0.5178 -0.6610 0.5431
vn 0.1235 -0.9909 0.0529
vn -0.3790 -0.8245 -0.4202
vn -0.8399 -0.2528 -0.4802
vn -0.4123 0.8812 0.2312
vn -0.7739 0.5309 -0.3453
vn 0.1908 0.7153 0.6722
vn 0.6822 0.1304 0.7195
vn 0.7739 -0.5309 0.3453
vn 0.4123 -0.8812 -0.2312
vn -0.1908 -0.7153 -0.6722
vn -0.6822 -0.1304 -0.7195
vn 0.1885 0.9194 -0.3453
vn -0.0475 0.6908 -0.7215
vn 0.5821 0.8111 -0.0575
vn 0.9027 0.4293 -0.0266
vn 0.9626 -0.0022 -0.2709
vn 0.7266 -0.2309 -0.6471
vn 0.3330 -0.1226 -0.9349
vn 0.0123 0.2592 -0.9658
vn 0.6039 0.4544 -0.6549
# 45 vertex normals

o Bip001_R_Finger0
g Bip001_R_Finger0
usemtl wire_224198087
s off
f 3899//3891 3900//3892 3901//3893 3902//3894 
f 3899//3891 3903//3895 3904//3896 
f 3899//3891 3902//3894 3905//3897 3903//3895 
f 3902//3894 3906//3898 3905//3897 
f 3902//3894 3901//3893 3907//3899 3906//3898 
f 3901//3893 3908//3900 3907//3899 
f 3901//3893 3900//3892 3909//3901 3908//3900 
f 3900//3892 3910//3902 3909//3901 
f 3900//3892 3899//3891 3904//3896 3910//3902 
s 8
f 3904//3896 3903//3895 3911//3903 3912//3904 
s 16
f 3903//3895 3905//3897 3913//3905 3911//3903 
s 8
f 3905//3897 3906//3898 3914//3906 3913//3905 
s 16
f 3906//3898 3907//3899 3915//3907 3914//3906 
s 8
f 3907//3899 3908//3900 3916//3908 3915//3907 
s 16
f 3908//3900 3909//3901 3917//3909 3916//3908 
s 8
f 3909//3901 3910//3902 3918//3910 3917//3909 
s 16
f 3910//3902 3904//3896 3912//3904 3918//3910 
s 2
f 3912//3904 3911//3903 3919//3911 3920//3912 
s 4
f 3911//3903 3913//3905 3921//3913 3919//3911 
s 2
f 3913//3905 3914//3906 3922//3914 3921//3913 
s 4
f 3914//3906 3915//3907 3923//3915 3922//3914 
s 2
f 3915//3907 3916//3908 3924//3916 3923//3915 
s 4
f 3916//3908 3917//3909 3925//3917 3924//3916 
s 2
f 3917//3909 3918//3910 3926//3918 3925//3917 
s 4
f 3918//3910 3912//3904 3920//3912 3926//3918 
s off
f 3920//3912 3919//3911 3927//3919 3928//3920 
f 3919//3911 3921//3913 3929//3921 3927//3919 
f 3921//3913 3922//3914 3930//3922 3929//3921 
f 3922//3914 3923//3915 3931//3923 3930//3922 
f 3923//3915 3924//3916 3932//3924 3931//3923 
f 3924//3916 3925//3917 3933//3925 3932//3924 
f 3925//3917 3926//3918 3934//3926 3933//3925 
f 3926//3918 3920//3912 3928//3920 3934//3926 
f 3928//3920 3927//3919 3935//3927 3936//3928 
f 3927//3919 3929//3921 3937//3929 3935//3927 
f 3929//3921 3930//3922 3938//3930 3937//3929 
f 3930//3922 3931//3923 3939//3931 3938//3930 
f 3931//3923 3932//3924 3940//3932 3939//3931 
f 3932//3924 3933//3925 3941//3933 3940//3932 
f 3933//3925 3934//3926 3942//3934 3941//3933 
f 3934//3926 3928//3920 3936//3928 3942//3934 
f 3943//3935 3936//3928 3935//3927 
f 3943//3935 3935//3927 3937//3929 
f 3943//3935 3937//3929 3938//3930 
f 3943//3935 3938//3930 3939//3931 
f 3943//3935 3939//3931 3940//3932 
f 3943//3935 3940//3932 3941//3933 
f 3943//3935 3941//3933 3942//3934 
f 3943//3935 3942//3934 3936//3928 
# 37 polygons - 12 triangles

#
# object Bip001_R_Finger01
#

v  -731.2506 1405.8965 21.4794
v  -730.5364 1400.7478 18.5658
v  -725.7129 1398.8237 23.1485
v  -726.4271 1403.9723 26.0620
v  -728.3074 1411.8220 20.8696
v  -731.3895 1409.4037 15.2474
v  -723.4839 1409.8978 25.4522
v  -719.3307 1404.5933 26.7041
v  -718.6165 1399.4447 23.7906
v  -721.6984 1397.0265 18.1685
v  -726.5220 1398.9506 13.5858
v  -730.6752 1404.2551 12.3339
v  -716.8500 1418.6205 11.6644
v  -720.1712 1417.9269 7.0183
v  -711.6297 1413.8359 14.6284
v  -707.7145 1410.2476 16.8515
v  -707.3177 1407.3873 15.2329
v  -710.6378 1406.6852 10.5819
v  -715.0645 1405.7490 4.3806
v  -718.9785 1409.3287 2.1527
v  -709.5626 1424.4357 5.4426
v  -713.0196 1421.7231 -0.8637
v  -703.8238 1422.1465 10.8948
v  -699.1651 1416.1964 12.2990
v  -698.3154 1410.0710 8.8327
v  -701.7725 1407.3584 2.5264
v  -707.5112 1409.6477 -2.9257
v  -712.1699 1415.5978 -4.3299
v  -708.1208 1429.7854 3.5920
v  -713.0098 1425.9492 -5.3264
v  -700.0050 1426.5479 11.3025
v  -693.4166 1418.1333 13.2884
v  -692.2150 1409.4706 8.3863
v  -697.1039 1405.6344 -0.5321
v  -705.2197 1408.8719 -8.2426
v  -711.8081 1417.2865 -10.2285
v  -703.4523 1428.0614 0.5335
v  -706.9092 1425.3488 -5.7728
v  -697.7135 1425.7721 5.9856
v  -693.0548 1419.8220 7.3898
v  -692.2051 1413.6967 3.9235
v  -695.6622 1410.9840 -2.3827
v  -701.4009 1413.2733 -7.8349
v  -706.0596 1419.2234 -9.2391
v  -698.2917 1420.2736 -1.9413
# 45 vertices

vn -0.9116 0.1343 0.3884
vn -0.8121 -0.5832 -0.0177
vn -0.2337 -0.8140 0.5318
vn -0.3333 -0.0964 0.9379
vn -0.5311 0.7724 0.3483
vn -0.8560 0.4355 -0.2786
vn 0.0034 0.6161 0.7877
vn 0.4155 -0.0383 0.9088
vn 0.5022 -0.6629 0.5554
vn 0.2232 -0.9686 -0.1091
vn -0.3150 -0.7852 -0.5331
vn -0.7738 -0.1567 -0.6137
vn -0.1398 0.8471 0.5127
vn -0.6723 0.6840 -0.2832
vn 0.1873 0.5920 0.7839
vn 0.5152 0.1622 0.8416
vn 0.6327 -0.6843 0.3625
vn 0.3964 -0.9155 -0.0692
vn 0.0998 -0.8799 -0.4646
vn -0.5445 -0.2373 -0.8045
vn -0.5890 0.7166 0.3736
vn -0.8754 0.4210 -0.2375
vn -0.1530 0.4628 0.8732
vn 0.3149 -0.0665 0.9468
vn 0.4031 -0.7019 0.5872
vn 0.0496 -0.9977 0.0467
vn -0.3799 -0.7910 -0.4795
vn -0.7909 -0.1882 -0.5823
vn -0.3772 0.9046 0.1985
vn -0.6893 0.5873 -0.4242
vn 0.1558 0.6920 0.7049
vn 0.5976 0.0740 0.7984
vn 0.6893 -0.5873 0.4242
vn 0.3772 -0.9046 -0.1985
vn -0.1558 -0.6920 -0.7049
vn -0.5976 -0.0740 -0.7984
vn 0.2899 0.9085 -0.3011
vn 0.0862 0.7014 -0.7075
vn 0.6377 0.7697 0.0294
vn 0.9261 0.3664 0.0904
vn 0.9859 -0.0652 -0.1539
vn 0.7823 -0.2723 -0.5603
vn 0.4344 -0.1335 -0.8908
vn 0.1461 0.2698 -0.9518
vn 0.7075 0.4198 -0.5685
# 45 vertex normals

o Bip001_R_Finger01
g Bip001_R_Finger01
usemtl wire_224198087
s off
f 3944//3936 3945//3937 3946//3938 3947//3939 
f 3944//3936 3948//3940 3949//3941 
f 3944//3936 3947//3939 3950//3942 3948//3940 
f 3947//3939 3951//3943 3950//3942 
f 3947//3939 3946//3938 3952//3944 3951//3943 
f 3946//3938 3953//3945 3952//3944 
f 3946//3938 3945//3937 3954//3946 3953//3945 
f 3945//3937 3955//3947 3954//3946 
f 3945//3937 3944//3936 3949//3941 3955//3947 
s 8
f 3949//3941 3948//3940 3956//3948 3957//3949 
s 16
f 3948//3940 3950//3942 3958//3950 3956//3948 
s 8
f 3950//3942 3951//3943 3959//3951 3958//3950 
s 16
f 3951//3943 3952//3944 3960//3952 3959//3951 
s 8
f 3952//3944 3953//3945 3961//3953 3960//3952 
s 16
f 3953//3945 3954//3946 3962//3954 3961//3953 
s 8
f 3954//3946 3955//3947 3963//3955 3962//3954 
s 16
f 3955//3947 3949//3941 3957//3949 3963//3955 
s 2
f 3957//3949 3956//3948 3964//3956 3965//3957 
s 4
f 3956//3948 3958//3950 3966//3958 3964//3956 
s 2
f 3958//3950 3959//3951 3967//3959 3966//3958 
s 4
f 3959//3951 3960//3952 3968//3960 3967//3959 
s 2
f 3960//3952 3961//3953 3969//3961 3968//3960 
s 4
f 3961//3953 3962//3954 3970//3962 3969//3961 
s 2
f 3962//3954 3963//3955 3971//3963 3970//3962 
s 4
f 3963//3955 3957//3949 3965//3957 3971//3963 
s off
f 3965//3957 3964//3956 3972//3964 3973//3965 
f 3964//3956 3966//3958 3974//3966 3972//3964 
f 3966//3958 3967//3959 3975//3967 3974//3966 
f 3967//3959 3968//3960 3976//3968 3975//3967 
f 3968//3960 3969//3961 3977//3969 3976//3968 
f 3969//3961 3970//3962 3978//3970 3977//3969 
f 3970//3962 3971//3963 3979//3971 3978//3970 
f 3971//3963 3965//3957 3973//3965 3979//3971 
f 3973//3965 3972//3964 3980//3972 3981//3973 
f 3972//3964 3974//3966 3982//3974 3980//3972 
f 3974//3966 3975//3967 3983//3975 3982//3974 
f 3975//3967 3976//3968 3984//3976 3983//3975 
f 3976//3968 3977//3969 3985//3977 3984//3976 
f 3977//3969 3978//3970 3986//3978 3985//3977 
f 3978//3970 3979//3971 3987//3979 3986//3978 
f 3979//3971 3973//3965 3981//3973 3987//3979 
f 3988//3980 3981//3973 3980//3972 
f 3988//3980 3980//3972 3982//3974 
f 3988//3980 3982//3974 3983//3975 
f 3988//3980 3983//3975 3984//3976 
f 3988//3980 3984//3976 3985//3977 
f 3988//3980 3985//3977 3986//3978 
f 3988//3980 3986//3978 3987//3979 
f 3988//3980 3987//3979 3981//3973 
# 37 polygons - 12 triangles

#
# object Bip001_R_Finger02
#

v  -761.8547 1392.7948 36.3997
v  -761.2261 1388.2633 33.8354
v  -758.3771 1386.2271 38.1322
v  -759.0057 1390.7584 40.6965
v  -758.0934 1397.9086 36.3294
v  -759.7587 1396.0372 31.1835
v  -755.2444 1395.8723 40.6262
v  -752.6364 1390.9464 41.9256
v  -752.0078 1386.4150 39.3613
v  -753.6730 1384.5436 34.2155
v  -756.5220 1386.5800 29.9186
v  -759.1301 1391.5057 28.6192
v  -744.1530 1403.5579 29.7636
v  -746.0289 1403.2046 25.4768
v  -740.9548 1399.0040 32.6358
v  -738.5562 1395.5887 34.7900
v  -738.2070 1393.0713 33.3654
v  -740.0818 1392.7103 29.0743
v  -742.5815 1392.2292 23.3528
v  -744.9791 1395.6370 21.1944
v  -734.9551 1408.4788 25.3187
v  -736.8229 1406.3798 19.5467
v  -731.5656 1406.0562 30.4308
v  -728.6400 1400.5309 31.8883
v  -727.8922 1395.1396 28.8375
v  -729.7601 1393.0405 23.0655
v  -733.1496 1395.4633 17.9534
v  -736.0751 1400.9885 16.4959
v  -732.3137 1413.1826 24.0346
v  -734.9554 1410.2140 15.8717
v  -727.5203 1409.7563 31.2642
v  -723.3829 1401.9425 33.3254
v  -722.3253 1394.3181 29.0109
v  -724.9669 1391.3496 20.8481
v  -729.7604 1394.7758 13.6185
v  -733.8978 1402.5896 11.5572
v  -727.5206 1411.4916 21.8172
v  -729.3885 1409.3925 16.0452
v  -724.1311 1409.0690 26.9293
v  -721.2055 1403.5437 28.3868
v  -720.4577 1398.1523 25.3359
v  -722.3256 1396.0533 19.5639
v  -725.7151 1398.4760 14.4518
v  -728.6406 1404.0012 12.9943
v  -723.3834 1404.3965 19.9654
# 45 vertices

vn -0.9507 0.2327 0.2050
vn -0.8512 -0.4849 -0.2011
vn -0.4243 -0.7899 0.4427
vn -0.5239 -0.0724 0.8487
vn -0.5019 0.8230 0.2661
vn -0.7290 0.5362 -0.4254
vn -0.0874 0.5987 0.7962
vn 0.2172 -0.1010 0.9709
vn 0.3038 -0.7255 0.6175
vn 0.1325 -0.9861 -0.1005
vn -0.2858 -0.7346 -0.6153
vn -0.6469 -0.0560 -0.7606
vn -0.1459 0.8492 0.5076
vn -0.5219 0.7618 -0.3838
vn 0.0897 0.5535 0.8280
vn 0.3499 0.0877 0.9327
vn 0.4673 -0.7588 0.4536
vn 0.2988 -0.9540 -0.0250
vn 0.0937 -0.8778 -0.4697
vn -0.3941 -0.1595 -0.9051
vn -0.5695 0.7738 0.2772
vn -0.7578 0.5234 -0.3897
vn -0.2737 0.4632 0.8430
vn 0.1085 -0.1180 0.9871
vn 0.1967 -0.7533 0.6275
vn -0.0711 -0.9973 0.0165
vn -0.3604 -0.7338 -0.5759
vn -0.6733 -0.0858 -0.7344
vn -0.3074 0.9389 0.1551
vn -0.5207 0.6701 -0.5290
vn 0.0860 0.6577 0.7484
vn 0.4290 -0.0087 0.9033
vn 0.5207 -0.6701 0.5290
vn 0.3074 -0.9389 -0.1551
vn -0.0860 -0.6577 -0.7484
vn -0.4290 0.0087 -0.9033
vn 0.4429 0.8735 -0.2019
vn 0.3037 0.6981 -0.6484
vn 0.6997 0.6900 0.1853
vn 0.9235 0.2551 0.2864
vn 0.9834 -0.1765 0.0422
vn 0.8442 -0.3519 -0.4043
vn 0.5875 -0.1684 -0.7915
vn 0.3636 0.2665 -0.8926
vn 0.8494 0.3442 -0.4001
# 45 vertex normals

o Bip001_R_Finger02
g Bip001_R_Finger02
usemtl wire_224198087
s off
f 3989//3981 3990//3982 3991//3983 3992//3984 
f 3989//3981 3993//3985 3994//3986 
f 3989//3981 3992//3984 3995//3987 3993//3985 
f 3992//3984 3996//3988 3995//3987 
f 3992//3984 3991//3983 3997//3989 3996//3988 
f 3991//3983 3998//3990 3997//3989 
f 3991//3983 3990//3982 3999//3991 3998//3990 
f 3990//3982 4000//3992 3999//3991 
f 3990//3982 3989//3981 3994//3986 4000//3992 
s 8
f 3994//3986 3993//3985 4001//3993 4002//3994 
s 16
f 3993//3985 3995//3987 4003//3995 4001//3993 
s 8
f 3995//3987 3996//3988 4004//3996 4003//3995 
s 16
f 3996//3988 3997//3989 4005//3997 4004//3996 
s 8
f 3997//3989 3998//3990 4006//3998 4005//3997 
s 16
f 3998//3990 3999//3991 4007//3999 4006//3998 
s 8
f 3999//3991 4000//3992 4008//4000 4007//3999 
s 16
f 4000//3992 3994//3986 4002//3994 4008//4000 
s 2
f 4002//3994 4001//3993 4009//4001 4010//4002 
s 4
f 4001//3993 4003//3995 4011//4003 4009//4001 
s 2
f 4003//3995 4004//3996 4012//4004 4011//4003 
s 4
f 4004//3996 4005//3997 4013//4005 4012//4004 
s 2
f 4005//3997 4006//3998 4014//4006 4013//4005 
s 4
f 4006//3998 4007//3999 4015//4007 4014//4006 
s 2
f 4007//3999 4008//4000 4016//4008 4015//4007 
s 4
f 4008//4000 4002//3994 4010//4002 4016//4008 
s off
f 4010//4002 4009//4001 4017//4009 4018//4010 
f 4009//4001 4011//4003 4019//4011 4017//4009 
f 4011//4003 4012//4004 4020//4012 4019//4011 
f 4012//4004 4013//4005 4021//4013 4020//4012 
f 4013//4005 4014//4006 4022//4014 4021//4013 
f 4014//4006 4015//4007 4023//4015 4022//4014 
f 4015//4007 4016//4008 4024//4016 4023//4015 
f 4016//4008 4010//4002 4018//4010 4024//4016 
f 4018//4010 4017//4009 4025//4017 4026//4018 
f 4017//4009 4019//4011 4027//4019 4025//4017 
f 4019//4011 4020//4012 4028//4020 4027//4019 
f 4020//4012 4021//4013 4029//4021 4028//4020 
f 4021//4013 4022//4014 4030//4022 4029//4021 
f 4022//4014 4023//4015 4031//4023 4030//4022 
f 4023//4015 4024//4016 4032//4024 4031//4023 
f 4024//4016 4018//4010 4026//4018 4032//4024 
f 4033//4025 4026//4018 4025//4017 
f 4033//4025 4025//4017 4027//4019 
f 4033//4025 4027//4019 4028//4020 
f 4033//4025 4028//4020 4029//4021 
f 4033//4025 4029//4021 4030//4022 
f 4033//4025 4030//4022 4031//4023 
f 4033//4025 4031//4023 4032//4024 
f 4033//4025 4032//4024 4026//4018 
# 37 polygons - 12 triangles

#
# object Bip001_R_Finger1
#

v  -791.6077 1445.6764 -15.2392
v  -790.5082 1445.5675 -8.7840
v  -790.7618 1451.1268 -8.6471
v  -791.8614 1451.2357 -15.1022
v  -787.0903 1446.0240 -20.9859
v  -786.0754 1441.7729 -16.2473
v  -787.3440 1451.5834 -20.8490
v  -786.7096 1455.6713 -15.9049
v  -785.6101 1455.5624 -9.4499
v  -784.5952 1451.3113 -4.7113
v  -784.3415 1445.7520 -4.8482
v  -784.9759 1441.6641 -9.7922
v  -769.4962 1446.9003 -23.9681
v  -768.8497 1442.6857 -21.3919
v  -769.1390 1452.3992 -20.2449
v  -768.8711 1456.5233 -17.4526
v  -768.2603 1456.4628 -13.8665
v  -767.6119 1452.2479 -11.2795
v  -766.7474 1446.6282 -7.8303
v  -767.0134 1442.5038 -10.6119
v  -757.5794 1446.9956 -27.2330
v  -756.4410 1442.2272 -21.9177
v  -757.8812 1453.6097 -27.0701
v  -757.1696 1458.1951 -21.5244
v  -755.8615 1458.0656 -13.8446
v  -754.7230 1453.2971 -8.5293
v  -754.4212 1446.6830 -8.6923
v  -755.1328 1442.0977 -14.2379
v  -753.4795 1445.9242 -31.9018
v  -751.8696 1439.1807 -24.3849
v  -753.9063 1455.2780 -31.6714
v  -752.8999 1461.7626 -23.8287
v  -751.0499 1461.5795 -12.9677
v  -749.4399 1454.8358 -5.4509
v  -749.0132 1445.4821 -5.6813
v  -750.0195 1438.9974 -13.5240
v  -748.1964 1447.4629 -28.8234
v  -747.0580 1442.6945 -23.5081
v  -748.4982 1454.0770 -28.6605
v  -747.7866 1458.6624 -23.1148
v  -746.4784 1458.5328 -15.4349
v  -745.3400 1453.7644 -10.1197
v  -745.0382 1447.1503 -10.2826
v  -745.7498 1442.5649 -15.8283
v  -744.8250 1450.7104 -19.8009
# 45 vertices

vn -0.8479 -0.4475 -0.2844
vn -0.7084 -0.4613 0.5342
vn -0.7463 0.3681 0.5546
vn -0.8857 0.3819 -0.2640
vn -0.3808 -0.3508 -0.8555
vn -0.2769 -0.9075 -0.3158
vn -0.3539 0.3580 -0.8641
vn -0.3368 0.8944 -0.2942
vn -0.2154 0.8824 0.4182
vn -0.0459 0.3275 0.9437
vn -0.0782 -0.3807 0.9214
vn -0.1618 -0.9189 0.3597
vn -0.2022 0.0214 -0.9791
vn -0.0781 -0.8369 -0.5417
vn -0.2321 0.4953 -0.8371
vn -0.1670 0.8753 -0.4538
vn -0.0025 0.8590 0.5119
vn 0.0608 0.4663 0.8825
vn 0.1333 -0.0118 0.9910
vn 0.1009 -0.8547 0.5093
vn -0.4533 -0.3632 -0.8140
vn -0.3218 -0.8918 -0.3179
vn -0.5615 0.3361 -0.7561
vn -0.4392 0.8524 -0.2838
vn -0.3157 0.8402 0.4410
vn -0.2777 0.3080 0.9099
vn -0.1603 -0.3922 0.9058
vn -0.2034 -0.9036 0.3771
vn -0.1377 -0.3668 -0.9200
vn -0.0222 -0.9163 -0.3999
vn -0.1726 0.3975 -0.9012
vn -0.1063 0.9290 -0.3545
vn 0.0222 0.9163 0.3999
vn 0.1377 0.3668 0.9200
vn 0.1725 -0.3975 0.9012
vn 0.1063 -0.9290 0.3545
vn 0.6563 -0.2022 -0.7269
vn 0.7317 -0.5608 -0.3875
vn 0.6335 0.2966 -0.7146
vn 0.6767 0.6435 -0.3578
vn 0.7606 0.6352 0.1345
vn 0.8360 0.2766 0.4740
vn 0.8587 -0.2223 0.4617
vn 0.8155 -0.5691 0.1049
vn 0.9848 0.0490 -0.1669
# 45 vertex normals

o Bip001_R_Finger1
g Bip001_R_Finger1
usemtl wire_113134006
s off
f 4034//4026 4035//4027 4036//4028 4037//4029 
f 4034//4026 4038//4030 4039//4031 
f 4034//4026 4037//4029 4040//4032 4038//4030 
f 4037//4029 4041//4033 4040//4032 
f 4037//4029 4036//4028 4042//4034 4041//4033 
f 4036//4028 4043//4035 4042//4034 
f 4036//4028 4035//4027 4044//4036 4043//4035 
f 4035//4027 4045//4037 4044//4036 
f 4035//4027 4034//4026 4039//4031 4045//4037 
s 8
f 4039//4031 4038//4030 4046//4038 4047//4039 
s 16
f 4038//4030 4040//4032 4048//4040 4046//4038 
s 8
f 4040//4032 4041//4033 4049//4041 4048//4040 
s 16
f 4041//4033 4042//4034 4050//4042 4049//4041 
s 8
f 4042//4034 4043//4035 4051//4043 4050//4042 
s 16
f 4043//4035 4044//4036 4052//4044 4051//4043 
s 8
f 4044//4036 4045//4037 4053//4045 4052//4044 
s 16
f 4045//4037 4039//4031 4047//4039 4053//4045 
s 2
f 4047//4039 4046//4038 4054//4046 4055//4047 
s 4
f 4046//4038 4048//4040 4056//4048 4054//4046 
s 2
f 4048//4040 4049//4041 4057//4049 4056//4048 
s 4
f 4049//4041 4050//4042 4058//4050 4057//4049 
s 2
f 4050//4042 4051//4043 4059//4051 4058//4050 
s 4
f 4051//4043 4052//4044 4060//4052 4059//4051 
s 2
f 4052//4044 4053//4045 4061//4053 4060//4052 
s 4
f 4053//4045 4047//4039 4055//4047 4061//4053 
s off
f 4055//4047 4054//4046 4062//4054 4063//4055 
f 4054//4046 4056//4048 4064//4056 4062//4054 
f 4056//4048 4057//4049 4065//4057 4064//4056 
f 4057//4049 4058//4050 4066//4058 4065//4057 
f 4058//4050 4059//4051 4067//4059 4066//4058 
f 4059//4051 4060//4052 4068//4060 4067//4059 
f 4060//4052 4061//4053 4069//4061 4068//4060 
f 4061//4053 4055//4047 4063//4055 4069//4061 
f 4063//4055 4062//4054 4070//4062 4071//4063 
f 4062//4054 4064//4056 4072//4064 4070//4062 
f 4064//4056 4065//4057 4073//4065 4072//4064 
f 4065//4057 4066//4058 4074//4066 4073//4065 
f 4066//4058 4067//4059 4075//4067 4074//4066 
f 4067//4059 4068//4060 4076//4068 4075//4067 
f 4068//4060 4069//4061 4077//4069 4076//4068 
f 4069//4061 4063//4055 4071//4063 4077//4069 
f 4078//4070 4071//4063 4070//4062 
f 4078//4070 4070//4062 4072//4064 
f 4078//4070 4072//4064 4073//4065 
f 4078//4070 4073//4065 4074//4066 
f 4078//4070 4074//4066 4075//4067 
f 4078//4070 4075//4067 4076//4068 
f 4078//4070 4076//4068 4077//4069 
f 4078//4070 4077//4069 4071//4063 
# 37 polygons - 12 triangles

#
# object Bip001_R_Finger11
#

v  -816.1654 1444.6776 -10.6624
v  -815.2017 1444.5822 -5.0050
v  -815.4346 1449.6650 -4.8797
v  -816.3982 1449.7604 -10.5370
v  -813.6107 1444.9130 -15.4608
v  -812.7134 1441.0293 -11.3118
v  -813.8436 1449.9958 -15.3355
v  -813.2955 1453.7363 -10.9985
v  -812.3318 1453.6410 -5.3411
v  -811.4344 1449.7573 -1.1922
v  -811.2016 1444.6744 -1.3175
v  -811.7498 1440.9338 -5.6545
v  -802.8166 1445.4525 -17.2904
v  -802.2421 1441.6007 -15.0366
v  -802.5140 1450.4823 -14.0220
v  -802.2872 1454.2548 -11.5708
v  -801.7518 1454.2018 -8.4279
v  -801.1757 1450.3499 -6.1646
v  -800.4075 1445.2140 -3.1471
v  -800.6328 1441.4414 -5.5888
v  -795.5520 1445.3590 -19.6132
v  -794.5454 1441.0028 -14.9593
v  -795.8290 1451.4063 -19.4641
v  -795.2142 1455.6021 -14.5993
v  -794.0677 1455.4886 -7.8686
v  -793.0611 1451.1323 -3.2147
v  -792.7841 1445.0851 -3.3639
v  -793.3989 1440.8893 -8.2287
v  -793.1896 1444.3073 -23.4973
v  -791.7661 1438.1465 -16.9157
v  -793.5814 1452.8594 -23.2864
v  -792.7119 1458.7931 -16.4065
v  -791.0905 1458.6326 -6.8878
v  -789.6670 1452.4718 -0.3063
v  -789.2753 1443.9198 -0.5172
v  -790.1447 1437.9860 -7.3971
v  -789.7954 1445.6467 -20.5889
v  -788.7889 1441.2905 -15.9350
v  -790.0724 1451.6941 -20.4398
v  -789.4576 1455.8899 -15.5750
v  -788.3111 1455.7764 -8.8442
v  -787.3046 1451.4200 -4.1904
v  -787.0276 1445.3728 -4.3396
v  -787.6424 1441.1770 -9.2044
v  -787.3578 1448.5930 -12.5917
# 45 vertices

vn -0.8478 -0.4476 -0.2844
vn -0.7084 -0.4614 0.5342
vn -0.7464 0.3679 0.5546
vn -0.8858 0.3817 -0.2640
vn -0.3808 -0.3508 -0.8555
vn -0.2767 -0.9076 -0.3158
vn -0.3539 0.3580 -0.8641
vn -0.3370 0.8944 -0.2942
vn -0.2156 0.8824 0.4183
vn -0.0460 0.3275 0.9437
vn -0.0781 -0.3808 0.9214
vn -0.1616 -0.9190 0.3597
vn -0.2022 0.0214 -0.9791
vn -0.0779 -0.8369 -0.5417
vn -0.2322 0.4953 -0.8371
vn -0.1671 0.8753 -0.4538
vn -0.0026 0.8590 0.5119
vn 0.0608 0.4663 0.8825
vn 0.1333 -0.0118 0.9910
vn 0.1011 -0.8547 0.5093
vn -0.4532 -0.3633 -0.8140
vn -0.3217 -0.8919 -0.3179
vn -0.5616 0.3360 -0.7561
vn -0.4393 0.8523 -0.2838
vn -0.3159 0.8401 0.4410
vn -0.2778 0.3079 0.9100
vn -0.1603 -0.3923 0.9058
vn -0.2033 -0.9036 0.3771
vn -0.1376 -0.3668 -0.9201
vn -0.0220 -0.9163 -0.4000
vn -0.1726 0.3975 -0.9012
vn -0.1065 0.9290 -0.3544
vn 0.0220 0.9163 0.4000
vn 0.1376 0.3668 0.9201
vn 0.1726 -0.3975 0.9012
vn 0.1065 -0.9290 0.3544
vn 0.6563 -0.2021 -0.7269
vn 0.7318 -0.5607 -0.3875
vn 0.6335 0.2967 -0.7146
vn 0.6766 0.6436 -0.3578
vn 0.7605 0.6353 0.1346
vn 0.8359 0.2767 0.4740
vn 0.8588 -0.2221 0.4617
vn 0.8156 -0.5690 0.1049
vn 0.9847 0.0492 -0.1669
# 45 vertex normals

o Bip001_R_Finger11
g Bip001_R_Finger11
usemtl wire_113134006
s off
f 4079//4071 4080//4072 4081//4073 4082//4074 
f 4079//4071 4083//4075 4084//4076 
f 4079//4071 4082//4074 4085//4077 4083//4075 
f 4082//4074 4086//4078 4085//4077 
f 4082//4074 4081//4073 4087//4079 4086//4078 
f 4081//4073 4088//4080 4087//4079 
f 4081//4073 4080//4072 4089//4081 4088//4080 
f 4080//4072 4090//4082 4089//4081 
f 4080//4072 4079//4071 4084//4076 4090//4082 
s 8
f 4084//4076 4083//4075 4091//4083 4092//4084 
s 16
f 4083//4075 4085//4077 4093//4085 4091//4083 
s 8
f 4085//4077 4086//4078 4094//4086 4093//4085 
s 16
f 4086//4078 4087//4079 4095//4087 4094//4086 
s 8
f 4087//4079 4088//4080 4096//4088 4095//4087 
s 16
f 4088//4080 4089//4081 4097//4089 4096//4088 
s 8
f 4089//4081 4090//4082 4098//4090 4097//4089 
s 16
f 4090//4082 4084//4076 4092//4084 4098//4090 
s 2
f 4092//4084 4091//4083 4099//4091 4100//4092 
s 4
f 4091//4083 4093//4085 4101//4093 4099//4091 
s 2
f 4093//4085 4094//4086 4102//4094 4101//4093 
s 4
f 4094//4086 4095//4087 4103//4095 4102//4094 
s 2
f 4095//4087 4096//4088 4104//4096 4103//4095 
s 4
f 4096//4088 4097//4089 4105//4097 4104//4096 
s 2
f 4097//4089 4098//4090 4106//4098 4105//4097 
s 4
f 4098//4090 4092//4084 4100//4092 4106//4098 
s off
f 4100//4092 4099//4091 4107//4099 4108//4100 
f 4099//4091 4101//4093 4109//4101 4107//4099 
f 4101//4093 4102//4094 4110//4102 4109//4101 
f 4102//4094 4103//4095 4111//4103 4110//4102 
f 4103//4095 4104//4096 4112//4104 4111//4103 
f 4104//4096 4105//4097 4113//4105 4112//4104 
f 4105//4097 4106//4098 4114//4106 4113//4105 
f 4106//4098 4100//4092 4108//4100 4114//4106 
f 4108//4100 4107//4099 4115//4107 4116//4108 
f 4107//4099 4109//4101 4117//4109 4115//4107 
f 4109//4101 4110//4102 4118//4110 4117//4109 
f 4110//4102 4111//4103 4119//4111 4118//4110 
f 4111//4103 4112//4104 4120//4112 4119//4111 
f 4112//4104 4113//4105 4121//4113 4120//4112 
f 4113//4105 4114//4106 4122//4114 4121//4113 
f 4114//4106 4108//4100 4116//4108 4122//4114 
f 4123//4115 4116//4108 4115//4107 
f 4123//4115 4115//4107 4117//4109 
f 4123//4115 4117//4109 4118//4110 
f 4123//4115 4118//4110 4119//4111 
f 4123//4115 4119//4111 4120//4112 
f 4123//4115 4120//4112 4121//4113 
f 4123//4115 4121//4113 4122//4114 
f 4123//4115 4122//4114 4116//4108 
# 37 polygons - 12 triangles

#
# object Bip001_R_Finger12
#

v  -851.0887 1441.4335 -4.3990
v  -850.2473 1441.3502 0.5407
v  -850.6786 1445.9364 0.6915
v  -851.5200 1446.0197 -4.2482
v  -847.0220 1441.9637 -8.8961
v  -846.0675 1438.4617 -5.3044
v  -847.4532 1446.5499 -8.7453
v  -847.1457 1449.9271 -4.9274
v  -846.3043 1449.8439 0.0123
v  -845.3498 1446.3418 3.6039
v  -844.9185 1441.7555 3.4531
v  -845.2261 1438.3784 -0.3647
v  -831.5497 1443.5045 -11.5056
v  -830.8771 1440.0303 -9.5687
v  -831.5135 1448.0444 -8.6105
v  -831.4864 1451.4493 -6.4392
v  -831.0190 1451.4031 -3.6950
v  -830.3449 1447.9287 -1.7498
v  -829.4462 1443.2963 0.8436
v  -829.4720 1439.8912 -1.3194
v  -821.0270 1444.1443 -14.2335
v  -819.9563 1440.2161 -10.2048
v  -821.5400 1449.6007 -14.0542
v  -821.1950 1453.3888 -9.7717
v  -820.1940 1453.2897 -3.8948
v  -819.1233 1449.3615 0.1340
v  -818.6102 1443.9050 -0.0455
v  -818.9553 1440.1169 -4.3279
v  -817.2955 1443.4746 -17.9050
v  -815.7814 1437.9192 -12.2075
v  -818.0211 1451.1910 -17.6512
v  -817.5332 1456.5483 -11.5950
v  -816.1175 1456.4082 -3.2838
v  -814.6033 1450.8528 2.4137
v  -813.8777 1443.1364 2.1600
v  -814.3657 1437.7791 -3.8963
v  -812.7756 1444.9659 -15.6252
v  -811.7049 1441.0377 -11.5965
v  -813.2886 1450.4224 -15.4458
v  -812.9436 1454.2104 -11.1634
v  -811.9426 1454.1113 -5.2864
v  -810.8719 1450.1831 -1.2577
v  -810.3588 1444.7267 -1.4371
v  -810.7039 1440.9386 -5.7196
v  -810.1148 1447.7448 -8.7297
# 45 vertices

vn -0.8252 -0.4854 -0.2889
vn -0.6858 -0.4992 0.5297
vn -0.7635 0.3272 0.5568
vn -0.9029 0.3410 -0.2617
vn -0.3630 -0.3617 -0.8587
vn -0.2327 -0.9172 -0.3235
vn -0.3701 0.3476 -0.8615
vn -0.3793 0.8796 -0.2872
vn -0.2579 0.8676 0.4252
vn -0.0622 0.3172 0.9463
vn -0.0603 -0.3916 0.9182
vn -0.1176 -0.9286 0.3521
vn -0.2024 0.0197 -0.9791
vn -0.0374 -0.8352 -0.5486
vn -0.2551 0.4904 -0.8333
vn -0.2086 0.8700 -0.4468
vn -0.0441 0.8537 0.5189
vn 0.0378 0.4614 0.8864
vn 0.1331 -0.0135 0.9910
vn 0.1416 -0.8530 0.5024
vn -0.4348 -0.3779 -0.8174
vn -0.2783 -0.9036 -0.3255
vn -0.5766 0.3149 -0.7539
vn -0.4795 0.8326 -0.2773
vn -0.3560 0.8204 0.4475
vn -0.2928 0.2868 0.9122
vn -0.1418 -0.4069 0.9024
vn -0.1600 -0.9154 0.3695
vn -0.1193 -0.3654 -0.9232
vn 0.0222 -0.9130 -0.4074
vn -0.1909 0.3962 -0.8981
vn -0.1507 0.9257 -0.3470
vn -0.0222 0.9130 0.4074
vn 0.1193 0.3654 0.9232
vn 0.1909 -0.3962 0.8981
vn 0.1507 -0.9257 0.3470
vn 0.6657 -0.1645 -0.7279
vn 0.7580 -0.5218 -0.3913
vn 0.6189 0.3326 -0.7115
vn 0.6452 0.6782 -0.3518
vn 0.7291 0.6699 0.1405
vn 0.8214 0.3125 0.4771
vn 0.8681 -0.1845 0.4607
vn 0.8419 -0.5301 0.1010
vn 0.9814 0.0977 -0.1655
# 45 vertex normals

o Bip001_R_Finger12
g Bip001_R_Finger12
usemtl wire_113134006
s off
f 4124//4116 4125//4117 4126//4118 4127//4119 
f 4124//4116 4128//4120 4129//4121 
f 4124//4116 4127//4119 4130//4122 4128//4120 
f 4127//4119 4131//4123 4130//4122 
f 4127//4119 4126//4118 4132//4124 4131//4123 
f 4126//4118 4133//4125 4132//4124 
f 4126//4118 4125//4117 4134//4126 4133//4125 
f 4125//4117 4135//4127 4134//4126 
f 4125//4117 4124//4116 4129//4121 4135//4127 
s 8
f 4129//4121 4128//4120 4136//4128 4137//4129 
s 16
f 4128//4120 4130//4122 4138//4130 4136//4128 
s 8
f 4130//4122 4131//4123 4139//4131 4138//4130 
s 16
f 4131//4123 4132//4124 4140//4132 4139//4131 
s 8
f 4132//4124 4133//4125 4141//4133 4140//4132 
s 16
f 4133//4125 4134//4126 4142//4134 4141//4133 
s 8
f 4134//4126 4135//4127 4143//4135 4142//4134 
s 16
f 4135//4127 4129//4121 4137//4129 4143//4135 
s 2
f 4137//4129 4136//4128 4144//4136 4145//4137 
s 4
f 4136//4128 4138//4130 4146//4138 4144//4136 
s 2
f 4138//4130 4139//4131 4147//4139 4146//4138 
s 4
f 4139//4131 4140//4132 4148//4140 4147//4139 
s 2
f 4140//4132 4141//4133 4149//4141 4148//4140 
s 4
f 4141//4133 4142//4134 4150//4142 4149//4141 
s 2
f 4142//4134 4143//4135 4151//4143 4150//4142 
s 4
f 4143//4135 4137//4129 4145//4137 4151//4143 
s off
f 4145//4137 4144//4136 4152//4144 4153//4145 
f 4144//4136 4146//4138 4154//4146 4152//4144 
f 4146//4138 4147//4139 4155//4147 4154//4146 
f 4147//4139 4148//4140 4156//4148 4155//4147 
f 4148//4140 4149//4141 4157//4149 4156//4148 
f 4149//4141 4150//4142 4158//4150 4157//4149 
f 4150//4142 4151//4143 4159//4151 4158//4150 
f 4151//4143 4145//4137 4153//4145 4159//4151 
f 4153//4145 4152//4144 4160//4152 4161//4153 
f 4152//4144 4154//4146 4162//4154 4160//4152 
f 4154//4146 4155//4147 4163//4155 4162//4154 
f 4155//4147 4156//4148 4164//4156 4163//4155 
f 4156//4148 4157//4149 4165//4157 4164//4156 
f 4157//4149 4158//4150 4166//4158 4165//4157 
f 4158//4150 4159//4151 4167//4159 4166//4158 
f 4159//4151 4153//4145 4161//4153 4167//4159 
f 4168//4160 4161//4153 4160//4152 
f 4168//4160 4160//4152 4162//4154 
f 4168//4160 4162//4154 4163//4155 
f 4168//4160 4163//4155 4164//4156 
f 4168//4160 4164//4156 4165//4157 
f 4168//4160 4165//4157 4166//4158 
f 4168//4160 4166//4158 4167//4159 
f 4168//4160 4167//4159 4161//4153 
# 37 polygons - 12 triangles

#
# object Bip001_R_Finger2
#

v  -796.1907 1455.8944 -51.2204
v  -796.6008 1456.2063 -45.1880
v  -796.4211 1461.4067 -45.4446
v  -796.0109 1461.0950 -51.4770
v  -789.6827 1455.4675 -55.3131
v  -790.1251 1451.8010 -50.5964
v  -789.5029 1460.6681 -55.5697
v  -789.6758 1464.8022 -51.2379
v  -790.0859 1465.1140 -45.2055
v  -790.5283 1461.4476 -40.4888
v  -790.7081 1456.2471 -40.2322
v  -790.5353 1452.1129 -44.5640
v  -769.2615 1454.8319 -53.8918
v  -769.5665 1451.0609 -51.1959
v  -769.3096 1460.2056 -50.7971
v  -769.3457 1464.2358 -48.4760
v  -769.5735 1464.4091 -45.1248
v  -769.8793 1460.6387 -42.4188
v  -770.2869 1455.6113 -38.8109
v  -770.2515 1451.5815 -41.1219
v  -755.1610 1453.8434 -54.0130
v  -755.6572 1449.7307 -48.7223
v  -754.9471 1460.0305 -54.3183
v  -755.1409 1464.6678 -49.4593
v  -755.6290 1465.0388 -42.2824
v  -756.1252 1460.9261 -36.9917
v  -756.3391 1454.7390 -36.6864
v  -756.1452 1450.1017 -41.5454
v  -749.5160 1452.2069 -57.1592
v  -750.2178 1446.3907 -49.6770
v  -749.2136 1460.9569 -57.5909
v  -749.4877 1467.5151 -50.7193
v  -750.1777 1468.0398 -40.5697
v  -750.8795 1462.2235 -33.0875
v  -751.1820 1453.4735 -32.6558
v  -750.9079 1446.9154 -39.5274
v  -744.2703 1453.5043 -53.2550
v  -744.7666 1449.3916 -47.9643
v  -744.0565 1459.6915 -53.5603
v  -744.2503 1464.3289 -48.7013
v  -744.7382 1464.6998 -41.5244
v  -745.2345 1460.5872 -36.2337
v  -745.4484 1454.3999 -35.9285
v  -745.2545 1449.7626 -40.7874
v  -742.4969 1456.9755 -44.5874
# 45 vertices

vn -0.7933 -0.4107 -0.4494
vn -0.8495 -0.3680 0.3780
vn -0.8209 0.4610 0.3371
vn -0.7646 0.4182 -0.4903
vn -0.1999 -0.3921 -0.8980
vn -0.2716 -0.9093 -0.3154
vn -0.1119 0.3103 -0.9440
vn -0.1824 0.8885 -0.4210
vn -0.2314 0.9257 0.2991
vn -0.2361 0.4048 0.8834
vn -0.3220 -0.2992 0.8982
vn -0.3180 -0.8740 0.3675
vn 0.0333 -0.0439 -0.9985
vn -0.0205 -0.8707 -0.4915
vn 0.0115 0.4408 -0.8975
vn 0.0176 0.8452 -0.5342
vn -0.0488 0.8957 0.4420
vn -0.1067 0.5307 0.8408
vn -0.1021 0.0590 0.9930
vn -0.0927 -0.8157 0.5709
vn -0.2807 -0.3962 -0.8742
vn -0.3133 -0.8908 -0.3291
vn -0.3400 0.3112 -0.8874
vn -0.2876 0.8544 -0.4327
vn -0.3374 0.8923 0.2999
vn -0.4545 0.3983 0.7967
vn -0.3989 -0.3063 0.8643
vn -0.3611 -0.8545 0.3734
vn 0.0494 -0.4296 -0.9017
vn -0.0060 -0.9419 -0.3358
vn 0.0758 0.3344 -0.9394
vn 0.0578 0.9025 -0.4268
vn 0.0060 0.9419 0.3358
vn -0.0494 0.4296 0.9017
vn -0.0758 -0.3344 0.9394
vn -0.0578 -0.9025 0.4268
vn 0.7877 -0.3039 -0.5359
vn 0.7516 -0.6382 -0.1666
vn 0.8049 0.1947 -0.5605
vn 0.7932 0.5655 -0.2260
vn 0.7594 0.5912 0.2717
vn 0.7232 0.2568 0.6411
vn 0.7060 -0.2418 0.6657
vn 0.7178 -0.6125 0.3311
vn 0.9971 -0.0310 0.0694
# 45 vertex normals

o Bip001_R_Finger2
g Bip001_R_Finger2
usemtl wire_113134006
s off
f 4169//4161 4170//4162 4171//4163 4172//4164 
f 4169//4161 4173//4165 4174//4166 
f 4169//4161 4172//4164 4175//4167 4173//4165 
f 4172//4164 4176//4168 4175//4167 
f 4172//4164 4171//4163 4177//4169 4176//4168 
f 4171//4163 4178//4170 4177//4169 
f 4171//4163 4170//4162 4179//4171 4178//4170 
f 4170//4162 4180//4172 4179//4171 
f 4170//4162 4169//4161 4174//4166 4180//4172 
s 8
f 4174//4166 4173//4165 4181//4173 4182//4174 
s 16
f 4173//4165 4175//4167 4183//4175 4181//4173 
s 8
f 4175//4167 4176//4168 4184//4176 4183//4175 
s 16
f 4176//4168 4177//4169 4185//4177 4184//4176 
s 8
f 4177//4169 4178//4170 4186//4178 4185//4177 
s 16
f 4178//4170 4179//4171 4187//4179 4186//4178 
s 8
f 4179//4171 4180//4172 4188//4180 4187//4179 
s 16
f 4180//4172 4174//4166 4182//4174 4188//4180 
s 2
f 4182//4174 4181//4173 4189//4181 4190//4182 
s 4
f 4181//4173 4183//4175 4191//4183 4189//4181 
s 2
f 4183//4175 4184//4176 4192//4184 4191//4183 
s 4
f 4184//4176 4185//4177 4193//4185 4192//4184 
s 2
f 4185//4177 4186//4178 4194//4186 4193//4185 
s 4
f 4186//4178 4187//4179 4195//4187 4194//4186 
s 2
f 4187//4179 4188//4180 4196//4188 4195//4187 
s 4
f 4188//4180 4182//4174 4190//4182 4196//4188 
s off
f 4190//4182 4189//4181 4197//4189 4198//4190 
f 4189//4181 4191//4183 4199//4191 4197//4189 
f 4191//4183 4192//4184 4200//4192 4199//4191 
f 4192//4184 4193//4185 4201//4193 4200//4192 
f 4193//4185 4194//4186 4202//4194 4201//4193 
f 4194//4186 4195//4187 4203//4195 4202//4194 
f 4195//4187 4196//4188 4204//4196 4203//4195 
f 4196//4188 4190//4182 4198//4190 4204//4196 
f 4198//4190 4197//4189 4205//4197 4206//4198 
f 4197//4189 4199//4191 4207//4199 4205//4197 
f 4199//4191 4200//4192 4208//4200 4207//4199 
f 4200//4192 4201//4193 4209//4201 4208//4200 
f 4201//4193 4202//4194 4210//4202 4209//4201 
f 4202//4194 4203//4195 4211//4203 4210//4202 
f 4203//4195 4204//4196 4212//4204 4211//4203 
f 4204//4196 4198//4190 4206//4198 4212//4204 
f 4213//4205 4206//4198 4205//4197 
f 4213//4205 4205//4197 4207//4199 
f 4213//4205 4207//4199 4208//4200 
f 4213//4205 4208//4200 4209//4201 
f 4213//4205 4209//4201 4210//4202 
f 4213//4205 4210//4202 4211//4203 
f 4213//4205 4211//4203 4212//4204 
f 4213//4205 4212//4204 4206//4198 
# 37 polygons - 12 triangles

#
# object Bip001_R_Finger21
#

v  -829.8542 1456.8711 -53.4354
v  -830.2476 1457.1702 -47.6498
v  -830.0639 1462.5131 -47.9135
v  -829.6705 1462.2140 -53.6991
v  -825.0717 1456.5079 -57.4623
v  -825.5045 1452.7251 -52.9253
v  -824.8880 1461.8508 -57.7260
v  -825.0453 1466.0824 -53.5845
v  -825.4386 1466.3813 -47.7990
v  -825.8714 1462.5985 -43.2620
v  -826.0551 1457.2556 -42.9983
v  -825.8979 1453.0240 -47.1397
v  -810.2920 1456.0505 -56.4338
v  -810.5930 1452.1675 -53.8350
v  -810.3268 1461.5596 -53.4832
v  -810.3529 1465.6914 -51.2703
v  -810.5715 1465.8575 -48.0561
v  -810.8732 1461.9750 -45.4477
v  -811.2754 1456.7981 -41.9698
v  -811.2499 1452.6669 -44.1730
v  -800.0739 1455.1735 -56.7784
v  -800.5594 1450.9303 -51.6893
v  -799.8553 1461.5302 -57.0922
v  -800.0317 1466.2766 -52.4467
v  -800.4998 1466.6323 -45.5635
v  -800.9852 1462.3892 -40.4744
v  -801.2037 1456.0325 -40.1607
v  -801.0274 1451.2860 -44.8061
v  -795.9442 1453.5571 -59.8808
v  -796.6307 1447.5563 -52.6838
v  -795.6351 1462.5468 -60.3245
v  -795.8845 1469.2592 -53.7549
v  -796.5463 1469.7625 -44.0204
v  -797.2329 1463.7616 -36.8235
v  -797.5420 1454.7719 -36.3798
v  -797.2926 1448.0594 -42.9493
v  -792.1918 1454.9296 -56.2299
v  -792.6773 1450.6863 -51.1408
v  -791.9733 1461.2863 -56.5436
v  -792.1497 1466.0326 -51.8982
v  -792.6177 1466.3884 -45.0149
v  -793.1031 1462.1451 -39.9258
v  -793.3217 1455.7885 -39.6121
v  -793.1453 1451.0421 -44.2576
v  -791.0151 1458.4868 -47.9643
# 45 vertices

vn -0.7932 -0.4109 -0.4494
vn -0.8495 -0.3681 0.3780
vn -0.8210 0.4608 0.3371
vn -0.7647 0.4181 -0.4903
vn -0.1998 -0.3921 -0.8980
vn -0.2714 -0.9093 -0.3154
vn -0.1119 0.3103 -0.9440
vn -0.1826 0.8885 -0.4211
vn -0.2315 0.9257 0.2991
vn -0.2362 0.4047 0.8834
vn -0.3219 -0.2992 0.8982
vn -0.3178 -0.8740 0.3675
vn 0.0333 -0.0439 -0.9985
vn -0.0203 -0.8707 -0.4915
vn 0.0114 0.4408 -0.8975
vn 0.0175 0.8452 -0.5342
vn -0.0489 0.8957 0.4420
vn -0.1068 0.5307 0.8408
vn -0.1021 0.0590 0.9930
vn -0.0926 -0.8157 0.5710
vn -0.2807 -0.3963 -0.8742
vn -0.3132 -0.8909 -0.3291
vn -0.3401 0.3111 -0.8874
vn -0.2877 0.8544 -0.4327
vn -0.3375 0.8922 0.2999
vn -0.4546 0.3982 0.7967
vn -0.3989 -0.3064 0.8643
vn -0.3609 -0.8546 0.3735
vn 0.0495 -0.4296 -0.9017
vn -0.0058 -0.9419 -0.3358
vn 0.0757 0.3344 -0.9394
vn 0.0576 0.9025 -0.4268
vn 0.0058 0.9419 0.3358
vn -0.0495 0.4296 0.9017
vn -0.0757 -0.3344 0.9394
vn -0.0576 -0.9025 0.4268
vn 0.7878 -0.3037 -0.5359
vn 0.7517 -0.6381 -0.1666
vn 0.8049 0.1949 -0.5605
vn 0.7931 0.5656 -0.2260
vn 0.7593 0.5913 0.2717
vn 0.7232 0.2570 0.6410
vn 0.7061 -0.2416 0.6656
vn 0.7179 -0.6124 0.3311
vn 0.9971 -0.0309 0.0694
# 45 vertex normals

o Bip001_R_Finger21
g Bip001_R_Finger21
usemtl wire_113134006
s off
f 4214//4206 4215//4207 4216//4208 4217//4209 
f 4214//4206 4218//4210 4219//4211 
f 4214//4206 4217//4209 4220//4212 4218//4210 
f 4217//4209 4221//4213 4220//4212 
f 4217//4209 4216//4208 4222//4214 4221//4213 
f 4216//4208 4223//4215 4222//4214 
f 4216//4208 4215//4207 4224//4216 4223//4215 
f 4215//4207 4225//4217 4224//4216 
f 4215//4207 4214//4206 4219//4211 4225//4217 
s 8
f 4219//4211 4218//4210 4226//4218 4227//4219 
s 16
f 4218//4210 4220//4212 4228//4220 4226//4218 
s 8
f 4220//4212 4221//4213 4229//4221 4228//4220 
s 16
f 4221//4213 4222//4214 4230//4222 4229//4221 
s 8
f 4222//4214 4223//4215 4231//4223 4230//4222 
s 16
f 4223//4215 4224//4216 4232//4224 4231//4223 
s 8
f 4224//4216 4225//4217 4233//4225 4232//4224 
s 16
f 4225//4217 4219//4211 4227//4219 4233//4225 
s 2
f 4227//4219 4226//4218 4234//4226 4235//4227 
s 4
f 4226//4218 4228//4220 4236//4228 4234//4226 
s 2
f 4228//4220 4229//4221 4237//4229 4236//4228 
s 4
f 4229//4221 4230//4222 4238//4230 4237//4229 
s 2
f 4230//4222 4231//4223 4239//4231 4238//4230 
s 4
f 4231//4223 4232//4224 4240//4232 4239//4231 
s 2
f 4232//4224 4233//4225 4241//4233 4240//4232 
s 4
f 4233//4225 4227//4219 4235//4227 4241//4233 
s off
f 4235//4227 4234//4226 4242//4234 4243//4235 
f 4234//4226 4236//4228 4244//4236 4242//4234 
f 4236//4228 4237//4229 4245//4237 4244//4236 
f 4237//4229 4238//4230 4246//4238 4245//4237 
f 4238//4230 4239//4231 4247//4239 4246//4238 
f 4239//4231 4240//4232 4248//4240 4247//4239 
f 4240//4232 4241//4233 4249//4241 4248//4240 
f 4241//4233 4235//4227 4243//4235 4249//4241 
f 4243//4235 4242//4234 4250//4242 4251//4243 
f 4242//4234 4244//4236 4252//4244 4250//4242 
f 4244//4236 4245//4237 4253//4245 4252//4244 
f 4245//4237 4246//4238 4254//4246 4253//4245 
f 4246//4238 4247//4239 4255//4247 4254//4246 
f 4247//4239 4248//4240 4256//4248 4255//4247 
f 4248//4240 4249//4241 4257//4249 4256//4248 
f 4249//4241 4243//4235 4251//4243 4257//4249 
f 4258//4250 4251//4243 4250//4242 
f 4258//4250 4250//4242 4252//4244 
f 4258//4250 4252//4244 4253//4245 
f 4258//4250 4253//4245 4254//4246 
f 4258//4250 4254//4246 4255//4247 
f 4258//4250 4255//4247 4256//4248 
f 4258//4250 4256//4248 4257//4249 
f 4258//4250 4257//4249 4251//4243 
# 37 polygons - 12 triangles

#
# object Bip001_R_Finger22
#

v  -864.4112 1456.3673 -55.4911
v  -864.7684 1456.6389 -50.2372
v  -864.8419 1461.8059 -50.5093
v  -864.4847 1461.5343 -55.7631
v  -859.5089 1456.2460 -59.1206
v  -859.7217 1452.5745 -54.9761
v  -859.5823 1461.4130 -59.3927
v  -859.9054 1465.4918 -55.6563
v  -860.2626 1465.7633 -50.4025
v  -860.4754 1462.0918 -46.2581
v  -860.4019 1456.9249 -45.9860
v  -860.0789 1452.8461 -49.7223
v  -844.2454 1456.5170 -58.0968
v  -844.3385 1452.7545 -55.7124
v  -844.5173 1461.8347 -55.4501
v  -844.7213 1465.8231 -53.4650
v  -844.9197 1465.9740 -50.5463
v  -845.0135 1462.2119 -48.1531
v  -845.1384 1457.1959 -44.9622
v  -844.9351 1453.2080 -46.9385
v  -833.6771 1456.1626 -58.3450
v  -833.9157 1452.0443 -53.6962
v  -833.7645 1462.3098 -58.6687
v  -834.1268 1466.8851 -54.4777
v  -834.5518 1467.2081 -48.2271
v  -834.7905 1463.0900 -43.5782
v  -834.7031 1456.9426 -43.2546
v  -834.3407 1452.3674 -47.4456
v  -829.3764 1454.8002 -61.1303
v  -829.7140 1448.9760 -54.5559
v  -829.5001 1463.4938 -61.5880
v  -830.0125 1469.9641 -55.6611
v  -830.6135 1470.4210 -46.8213
v  -830.9510 1464.5968 -40.2470
v  -830.8274 1455.9033 -39.7892
v  -830.3150 1449.4329 -45.7161
v  -825.5370 1456.3071 -57.7990
v  -825.7757 1452.1888 -53.1502
v  -825.6244 1462.4543 -58.1227
v  -825.9868 1467.0297 -53.9317
v  -826.4117 1467.3527 -47.6810
v  -826.6504 1463.2344 -43.0323
v  -826.5630 1457.0872 -42.7086
v  -826.2006 1452.5120 -46.8996
v  -824.4078 1459.8007 -50.3026
# 45 vertices

vn -0.7735 -0.4503 -0.4461
vn -0.8297 -0.4076 0.3814
vn -0.8415 0.4217 0.3377
vn -0.7852 0.3789 -0.4897
vn -0.1827 -0.4043 -0.8962
vn -0.2278 -0.9225 -0.3117
vn -0.1291 0.3013 -0.9447
vn -0.2264 0.8772 -0.4235
vn -0.2754 0.9144 0.2967
vn -0.2534 0.3958 0.8827
vn -0.3049 -0.3115 0.9000
vn -0.2742 -0.8872 0.3712
vn 0.0330 -0.0456 -0.9984
vn 0.0207 -0.8723 -0.4886
vn -0.0122 0.4378 -0.8990
vn -0.0248 0.8433 -0.5369
vn -0.0912 0.8937 0.4393
vn -0.1303 0.5277 0.8394
vn -0.1024 0.0574 0.9931
vn -0.0516 -0.8174 0.5738
vn -0.2633 -0.4123 -0.8722
vn -0.2704 -0.9061 -0.3254
vn -0.3569 0.2913 -0.8876
vn -0.3298 0.8380 -0.4348
vn -0.3797 0.8758 0.2979
vn -0.4714 0.3784 0.7966
vn -0.3815 -0.3224 0.8663
vn -0.3182 -0.8698 0.3772
vn 0.0680 -0.4297 -0.9004
vn 0.0390 -0.9422 -0.3327
vn 0.0572 0.3345 -0.9406
vn 0.0128 0.9028 -0.4299
vn -0.0390 0.9422 0.3327
vn -0.0680 0.4297 0.9004
vn -0.0572 -0.3345 0.9406
vn -0.0128 -0.9028 0.4299
vn 0.8002 -0.2670 -0.5369
vn 0.7813 -0.6015 -0.1664
vn 0.7932 0.2317 -0.5632
vn 0.7642 0.6026 -0.2299
vn 0.7304 0.6283 0.2678
vn 0.7115 0.2939 0.6383
vn 0.7186 -0.2049 0.6646
vn 0.7475 -0.5758 0.3312
vn 0.9976 0.0177 0.0669
# 45 vertex normals

o Bip001_R_Finger22
g Bip001_R_Finger22
usemtl wire_113134006
s off
f 4259//4251 4260//4252 4261//4253 4262//4254 
f 4259//4251 4263//4255 4264//4256 
f 4259//4251 4262//4254 4265//4257 4263//4255 
f 4262//4254 4266//4258 4265//4257 
f 4262//4254 4261//4253 4267//4259 4266//4258 
f 4261//4253 4268//4260 4267//4259 
f 4261//4253 4260//4252 4269//4261 4268//4260 
f 4260//4252 4270//4262 4269//4261 
f 4260//4252 4259//4251 4264//4256 4270//4262 
s 8
f 4264//4256 4263//4255 4271//4263 4272//4264 
s 16
f 4263//4255 4265//4257 4273//4265 4271//4263 
s 8
f 4265//4257 4266//4258 4274//4266 4273//4265 
s 16
f 4266//4258 4267//4259 4275//4267 4274//4266 
s 8
f 4267//4259 4268//4260 4276//4268 4275//4267 
s 16
f 4268//4260 4269//4261 4277//4269 4276//4268 
s 8
f 4269//4261 4270//4262 4278//4270 4277//4269 
s 16
f 4270//4262 4264//4256 4272//4264 4278//4270 
s 2
f 4272//4264 4271//4263 4279//4271 4280//4272 
s 4
f 4271//4263 4273//4265 4281//4273 4279//4271 
s 2
f 4273//4265 4274//4266 4282//4274 4281//4273 
s 4
f 4274//4266 4275//4267 4283//4275 4282//4274 
s 2
f 4275//4267 4276//4268 4284//4276 4283//4275 
s 4
f 4276//4268 4277//4269 4285//4277 4284//4276 
s 2
f 4277//4269 4278//4270 4286//4278 4285//4277 
s 4
f 4278//4270 4272//4264 4280//4272 4286//4278 
s off
f 4280//4272 4279//4271 4287//4279 4288//4280 
f 4279//4271 4281//4273 4289//4281 4287//4279 
f 4281//4273 4282//4274 4290//4282 4289//4281 
f 4282//4274 4283//4275 4291//4283 4290//4282 
f 4283//4275 4284//4276 4292//4284 4291//4283 
f 4284//4276 4285//4277 4293//4285 4292//4284 
f 4285//4277 4286//4278 4294//4286 4293//4285 
f 4286//4278 4280//4272 4288//4280 4294//4286 
f 4288//4280 4287//4279 4295//4287 4296//4288 
f 4287//4279 4289//4281 4297//4289 4295//4287 
f 4289//4281 4290//4282 4298//4290 4297//4289 
f 4290//4282 4291//4283 4299//4291 4298//4290 
f 4291//4283 4292//4284 4300//4292 4299//4291 
f 4292//4284 4293//4285 4301//4293 4300//4292 
f 4293//4285 4294//4286 4302//4294 4301//4293 
f 4294//4286 4288//4280 4296//4288 4302//4294 
f 4303//4295 4296//4288 4295//4287 
f 4303//4295 4295//4287 4297//4289 
f 4303//4295 4297//4289 4298//4290 
f 4303//4295 4298//4290 4299//4291 
f 4303//4295 4299//4291 4300//4292 
f 4303//4295 4300//4292 4301//4293 
f 4303//4295 4301//4293 4302//4294 
f 4303//4295 4302//4294 4296//4288 
# 37 polygons - 12 triangles

#
# object Bip001_R_Finger3
#

v  -785.6001 1455.7731 -84.4676
v  -786.4606 1455.8838 -79.1013
v  -786.9368 1461.1135 -79.2856
v  -786.0762 1461.0028 -84.6519
v  -780.2630 1456.1433 -87.7493
v  -780.5513 1452.3041 -83.5863
v  -780.7391 1461.3730 -87.9336
v  -781.7417 1465.3784 -84.0471
v  -782.6022 1465.4891 -78.6809
v  -782.8905 1461.6500 -74.5180
v  -782.4143 1456.4202 -74.3336
v  -781.4118 1452.4148 -78.2201
v  -764.8109 1457.6364 -85.3022
v  -764.8109 1453.7600 -82.9370
v  -765.7651 1462.9276 -82.5053
v  -766.4807 1466.8961 -80.4075
v  -766.9588 1466.9576 -77.4263
v  -766.9603 1463.0815 -75.0521
v  -766.9622 1457.9133 -71.8866
v  -766.2479 1453.9449 -73.9753
v  -753.9809 1458.1462 -84.6010
v  -754.3043 1453.8398 -79.9315
v  -754.5474 1464.3683 -84.8203
v  -755.6719 1468.8611 -80.4609
v  -756.6957 1468.9928 -74.0765
v  -757.0190 1464.6864 -69.4069
v  -756.4525 1458.4644 -69.1876
v  -755.3281 1453.9716 -73.5471
v  -749.2313 1457.1898 -87.0953
v  -749.6887 1451.0996 -80.4916
v  -750.0325 1465.9891 -87.4054
v  -751.6227 1472.3429 -81.2402
v  -753.0706 1472.5293 -72.2113
v  -753.5279 1466.4391 -65.6076
v  -752.7268 1457.6398 -65.2975
v  -751.1365 1451.2860 -71.4626
v  -745.7402 1458.9425 -83.2959
v  -746.0636 1454.6361 -78.6264
v  -746.3067 1465.1646 -83.5153
v  -747.4312 1469.6573 -79.1558
v  -748.4550 1469.7891 -72.7714
v  -748.7783 1465.4827 -68.1019
v  -748.2119 1459.2606 -67.8826
v  -747.0873 1454.7678 -72.2420
v  -745.5526 1462.3774 -75.4287
# 45 vertices

vn -0.6925 -0.4986 -0.5214
vn -0.8240 -0.4817 0.2984
vn -0.8992 0.3448 0.2693
vn -0.7677 0.3279 -0.5505
vn -0.0705 -0.3944 -0.9162
vn -0.1241 -0.9293 -0.3479
vn -0.0703 0.3143 -0.9467
vn -0.2591 0.8670 -0.4255
vn -0.3736 0.8818 0.2880
vn -0.3607 0.3517 0.8639
vn -0.3559 -0.3576 0.8634
vn -0.2326 -0.9153 0.3287
vn 0.1235 -0.0172 -0.9922
vn 0.1340 -0.8551 -0.5009
vn 0.0307 0.4584 -0.8882
vn -0.0463 0.8521 -0.5213
vn -0.2014 0.8721 0.4459
vn -0.2454 0.4940 0.8341
vn -0.1929 0.0236 0.9809
vn -0.0348 -0.8333 0.5517
vn -0.1519 -0.4094 -0.8996
vn -0.1665 -0.9160 -0.3649
vn -0.3006 0.2848 -0.9102
vn -0.3576 0.8201 -0.4467
vn -0.4741 0.8351 0.2792
vn -0.5682 0.3193 0.7584
vn -0.4281 -0.3738 0.8228
vn -0.2782 -0.9017 0.3311
vn 0.1809 -0.3997 -0.8986
vn 0.1443 -0.9273 -0.3454
vn 0.1116 0.3620 -0.9255
vn -0.0231 0.9117 -0.4102
vn -0.1443 0.9273 0.3454
vn -0.1809 0.3997 0.8986
vn -0.1116 -0.3620 0.9255
vn 0.0231 -0.9117 0.4102
vn 0.8630 -0.1889 -0.4685
vn 0.8391 -0.5332 -0.1074
vn 0.8178 0.3083 -0.4860
vn 0.7299 0.6670 -0.1497
vn 0.6508 0.6772 0.3434
vn 0.6269 0.3328 0.7044
vn 0.6721 -0.1643 0.7220
vn 0.7601 -0.5230 0.3857
vn 0.9832 0.0950 0.1557
# 45 vertex normals

o Bip001_R_Finger3
g Bip001_R_Finger3
usemtl wire_113134006
s off
f 4304//4296 4305//4297 4306//4298 4307//4299 
f 4304//4296 4308//4300 4309//4301 
f 4304//4296 4307//4299 4310//4302 4308//4300 
f 4307//4299 4311//4303 4310//4302 
f 4307//4299 4306//4298 4312//4304 4311//4303 
f 4306//4298 4313//4305 4312//4304 
f 4306//4298 4305//4297 4314//4306 4313//4305 
f 4305//4297 4315//4307 4314//4306 
f 4305//4297 4304//4296 4309//4301 4315//4307 
s 8
f 4309//4301 4308//4300 4316//4308 4317//4309 
s 16
f 4308//4300 4310//4302 4318//4310 4316//4308 
s 8
f 4310//4302 4311//4303 4319//4311 4318//4310 
s 16
f 4311//4303 4312//4304 4320//4312 4319//4311 
s 8
f 4312//4304 4313//4305 4321//4313 4320//4312 
s 16
f 4313//4305 4314//4306 4322//4314 4321//4313 
s 8
f 4314//4306 4315//4307 4323//4315 4322//4314 
s 16
f 4315//4307 4309//4301 4317//4309 4323//4315 
s 2
f 4317//4309 4316//4308 4324//4316 4325//4317 
s 4
f 4316//4308 4318//4310 4326//4318 4324//4316 
s 2
f 4318//4310 4319//4311 4327//4319 4326//4318 
s 4
f 4319//4311 4320//4312 4328//4320 4327//4319 
s 2
f 4320//4312 4321//4313 4329//4321 4328//4320 
s 4
f 4321//4313 4322//4314 4330//4322 4329//4321 
s 2
f 4322//4314 4323//4315 4331//4323 4330//4322 
s 4
f 4323//4315 4317//4309 4325//4317 4331//4323 
s off
f 4325//4317 4324//4316 4332//4324 4333//4325 
f 4324//4316 4326//4318 4334//4326 4332//4324 
f 4326//4318 4327//4319 4335//4327 4334//4326 
f 4327//4319 4328//4320 4336//4328 4335//4327 
f 4328//4320 4329//4321 4337//4329 4336//4328 
f 4329//4321 4330//4322 4338//4330 4337//4329 
f 4330//4322 4331//4323 4339//4331 4338//4330 
f 4331//4323 4325//4317 4333//4325 4339//4331 
f 4333//4325 4332//4324 4340//4332 4341//4333 
f 4332//4324 4334//4326 4342//4334 4340//4332 
f 4334//4326 4335//4327 4343//4335 4342//4334 
f 4335//4327 4336//4328 4344//4336 4343//4335 
f 4336//4328 4337//4329 4345//4337 4344//4336 
f 4337//4329 4338//4330 4346//4338 4345//4337 
f 4338//4330 4339//4331 4347//4339 4346//4338 
f 4339//4331 4333//4325 4341//4333 4347//4339 
f 4348//4340 4341//4333 4340//4332 
f 4348//4340 4340//4332 4342//4334 
f 4348//4340 4342//4334 4343//4335 
f 4348//4340 4343//4335 4344//4336 
f 4348//4340 4344//4336 4345//4337 
f 4348//4340 4345//4337 4346//4338 
f 4348//4340 4346//4338 4347//4339 
f 4348//4340 4347//4339 4341//4333 
# 37 polygons - 12 triangles

#
# object Bip001_R_Finger31
#

v  -817.9047 1453.1622 -89.3294
v  -818.6825 1453.2623 -84.4788
v  -819.0679 1457.4863 -84.6278
v  -818.2900 1457.3862 -89.4784
v  -813.0176 1453.5038 -92.2858
v  -813.3120 1450.4109 -88.5361
v  -813.4029 1457.7278 -92.4348
v  -814.2753 1460.9708 -88.9086
v  -815.0532 1461.0710 -84.0580
v  -815.3475 1457.9781 -80.3083
v  -814.9622 1453.7540 -80.1593
v  -814.0898 1450.5110 -83.6855
v  -798.8431 1454.8760 -90.0412
v  -798.8770 1451.7495 -87.9164
v  -799.6606 1459.1556 -87.4954
v  -800.2737 1462.3654 -85.5860
v  -800.7058 1462.4210 -82.8912
v  -800.7410 1459.2947 -80.7584
v  -800.7877 1455.1263 -77.9146
v  -800.1760 1451.9167 -79.8158
v  -788.9157 1455.4001 -89.3865
v  -789.2459 1451.9309 -85.1805
v  -789.3741 1460.4257 -89.5638
v  -790.3527 1464.0634 -85.6084
v  -791.2781 1464.1825 -79.8375
v  -791.6083 1460.7133 -75.6314
v  -791.1498 1455.6877 -75.4542
v  -790.1713 1452.0500 -79.4095
v  -784.5784 1454.6658 -91.6367
v  -785.0454 1449.7594 -85.6885
v  -785.2268 1461.7728 -91.8874
v  -786.6107 1466.9174 -86.2937
v  -787.9194 1467.0858 -78.1323
v  -788.3864 1462.1796 -72.1842
v  -787.7380 1455.0725 -71.9334
v  -786.3541 1449.9279 -77.5271
v  -781.3564 1456.1320 -88.1894
v  -781.6866 1452.6627 -83.9834
v  -781.8149 1461.1575 -88.3667
v  -782.7935 1464.7952 -84.4113
v  -783.7189 1464.9143 -78.6404
v  -784.0491 1461.4451 -74.4343
v  -783.5906 1456.4196 -74.2571
v  -782.6121 1452.7819 -78.2124
v  -781.1372 1458.9401 -81.0640
# 45 vertices

vn -0.6924 -0.4988 -0.5214
vn -0.8239 -0.4818 0.2985
vn -0.8993 0.3447 0.2693
vn -0.7678 0.3278 -0.5505
vn -0.0704 -0.3944 -0.9162
vn -0.1239 -0.9293 -0.3478
vn -0.0704 0.3143 -0.9467
vn -0.2593 0.8670 -0.4256
vn -0.3737 0.8817 0.2880
vn -0.3607 0.3516 0.8639
vn -0.3558 -0.3577 0.8634
vn -0.2324 -0.9154 0.3288
vn 0.1235 -0.0172 -0.9922
vn 0.1341 -0.8550 -0.5009
vn 0.0307 0.4584 -0.8882
vn -0.0465 0.8521 -0.5213
vn -0.2016 0.8721 0.4459
vn -0.2455 0.4940 0.8341
vn -0.1929 0.0235 0.9809
vn -0.0347 -0.8333 0.5517
vn -0.1518 -0.4094 -0.8996
vn -0.1664 -0.9161 -0.3649
vn -0.3007 0.2847 -0.9102
vn -0.3578 0.8200 -0.4468
vn -0.4742 0.8350 0.2792
vn -0.5683 0.3192 0.7584
vn -0.4280 -0.3739 0.8228
vn -0.2780 -0.9017 0.3312
vn 0.1810 -0.3997 -0.8986
vn 0.1445 -0.9273 -0.3453
vn 0.1115 0.3620 -0.9255
vn -0.0233 0.9117 -0.4102
vn -0.1445 0.9273 0.3453
vn -0.1810 0.3997 0.8986
vn -0.1115 -0.3620 0.9255
vn 0.0233 -0.9117 0.4102
vn 0.8631 -0.1887 -0.4685
vn 0.8392 -0.5331 -0.1074
vn 0.8177 0.3084 -0.4860
vn 0.7297 0.6671 -0.1497
vn 0.6507 0.6773 0.3434
vn 0.6268 0.3330 0.7044
vn 0.6722 -0.1642 0.7220
vn 0.7602 -0.5229 0.3857
vn 0.9832 0.0952 0.1557
# 45 vertex normals

o Bip001_R_Finger31
g Bip001_R_Finger31
usemtl wire_113134006
s off
f 4349//4341 4350//4342 4351//4343 4352//4344 
f 4349//4341 4353//4345 4354//4346 
f 4349//4341 4352//4344 4355//4347 4353//4345 
f 4352//4344 4356//4348 4355//4347 
f 4352//4344 4351//4343 4357//4349 4356//4348 
f 4351//4343 4358//4350 4357//4349 
f 4351//4343 4350//4342 4359//4351 4358//4350 
f 4350//4342 4360//4352 4359//4351 
f 4350//4342 4349//4341 4354//4346 4360//4352 
s 8
f 4354//4346 4353//4345 4361//4353 4362//4354 
s 16
f 4353//4345 4355//4347 4363//4355 4361//4353 
s 8
f 4355//4347 4356//4348 4364//4356 4363//4355 
s 16
f 4356//4348 4357//4349 4365//4357 4364//4356 
s 8
f 4357//4349 4358//4350 4366//4358 4365//4357 
s 16
f 4358//4350 4359//4351 4367//4359 4366//4358 
s 8
f 4359//4351 4360//4352 4368//4360 4367//4359 
s 16
f 4360//4352 4354//4346 4362//4354 4368//4360 
s 2
f 4362//4354 4361//4353 4369//4361 4370//4362 
s 4
f 4361//4353 4363//4355 4371//4363 4369//4361 
s 2
f 4363//4355 4364//4356 4372//4364 4371//4363 
s 4
f 4364//4356 4365//4357 4373//4365 4372//4364 
s 2
f 4365//4357 4366//4358 4374//4366 4373//4365 
s 4
f 4366//4358 4367//4359 4375//4367 4374//4366 
s 2
f 4367//4359 4368//4360 4376//4368 4375//4367 
s 4
f 4368//4360 4362//4354 4370//4362 4376//4368 
s off
f 4370//4362 4369//4361 4377//4369 4378//4370 
f 4369//4361 4371//4363 4379//4371 4377//4369 
f 4371//4363 4372//4364 4380//4372 4379//4371 
f 4372//4364 4373//4365 4381//4373 4380//4372 
f 4373//4365 4374//4366 4382//4374 4381//4373 
f 4374//4366 4375//4367 4383//4375 4382//4374 
f 4375//4367 4376//4368 4384//4376 4383//4375 
f 4376//4368 4370//4362 4378//4370 4384//4376 
f 4378//4370 4377//4369 4385//4377 4386//4378 
f 4377//4369 4379//4371 4387//4379 4385//4377 
f 4379//4371 4380//4372 4388//4380 4387//4379 
f 4380//4372 4381//4373 4389//4381 4388//4380 
f 4381//4373 4382//4374 4390//4382 4389//4381 
f 4382//4374 4383//4375 4391//4383 4390//4382 
f 4383//4375 4384//4376 4392//4384 4391//4383 
f 4384//4376 4378//4370 4386//4378 4392//4384 
f 4393//4385 4386//4378 4385//4377 
f 4393//4385 4385//4377 4387//4379 
f 4393//4385 4387//4379 4388//4380 
f 4393//4385 4388//4380 4389//4381 
f 4393//4385 4389//4381 4390//4382 
f 4393//4385 4390//4382 4391//4383 
f 4393//4385 4391//4383 4392//4384 
f 4393//4385 4392//4384 4386//4378 
# 37 polygons - 12 triangles

#
# object Bip001_R_Finger32
#

v  -847.3355 1448.8894 -93.7283
v  -848.0407 1448.9802 -89.3306
v  -848.6205 1453.1230 -89.5091
v  -847.9153 1453.0322 -93.9068
v  -842.8670 1449.3994 -96.4068
v  -842.9611 1446.3604 -92.9746
v  -843.4469 1453.5424 -96.5853
v  -844.4108 1456.7175 -93.4209
v  -845.1160 1456.8083 -89.0232
v  -845.2100 1453.7693 -85.5910
v  -844.6301 1449.6263 -85.4125
v  -843.6663 1446.4512 -88.5769
v  -829.8921 1451.3035 -94.3655
v  -829.7498 1448.2340 -92.4065
v  -830.8638 1455.4968 -92.1008
v  -831.5925 1458.6418 -90.4023
v  -831.9843 1458.6923 -87.9591
v  -831.8432 1455.6229 -85.9928
v  -831.6551 1451.5304 -83.3711
v  -830.9276 1448.3856 -85.0623
v  -820.7844 1452.2028 -93.7635
v  -820.8899 1448.7938 -89.9136
v  -821.4744 1457.1317 -93.9759
v  -822.5555 1460.6934 -90.4264
v  -823.3945 1460.8014 -85.1943
v  -823.4999 1457.3925 -81.3444
v  -822.8100 1452.4635 -81.1320
v  -821.7289 1448.9019 -84.6815
v  -816.7623 1451.6356 -95.7912
v  -816.9114 1446.8147 -90.3467
v  -817.7380 1458.6062 -96.0916
v  -819.2668 1463.6432 -91.0718
v  -820.4534 1463.7959 -83.6725
v  -820.6025 1458.9750 -78.2280
v  -819.6268 1452.0044 -77.9277
v  -818.0980 1446.9674 -82.9474
v  -813.8649 1453.2181 -92.6748
v  -813.9703 1449.8093 -88.8250
v  -814.5547 1458.1471 -92.8872
v  -815.6359 1461.7087 -89.3377
v  -816.4749 1461.8168 -84.1056
v  -816.5803 1458.4078 -80.2558
v  -815.8904 1453.4789 -80.0434
v  -814.8093 1449.9172 -83.5929
v  -813.7895 1456.0233 -86.2398
# 45 vertices

vn -0.6681 -0.5354 -0.5167
vn -0.7995 -0.5185 0.3031
vn -0.9146 0.3032 0.2677
vn -0.7831 0.2863 -0.5521
vn -0.0521 -0.4044 -0.9131
vn -0.0794 -0.9369 -0.3405
vn -0.0861 0.3032 -0.9490
vn -0.3010 0.8502 -0.4319
vn -0.4154 0.8649 0.2816
vn -0.3765 0.3406 0.8616
vn -0.3375 -0.3677 0.8665
vn -0.1879 -0.9229 0.3361
vn 0.1234 -0.0189 -0.9922
vn 0.1746 -0.8515 -0.4945
vn 0.0079 0.4525 -0.8917
vn -0.0877 0.8449 -0.5277
vn -0.2428 0.8648 0.4394
vn -0.2683 0.4880 0.8306
vn -0.1930 0.0218 0.9810
vn 0.0058 -0.8297 0.5581
vn -0.1327 -0.4232 -0.8963
vn -0.1225 -0.9258 -0.3577
vn -0.3147 0.2629 -0.9120
vn -0.3971 0.7984 -0.4526
vn -0.5135 0.8134 0.2733
vn -0.5823 0.2974 0.7566
vn -0.4089 -0.3876 0.8262
vn -0.2341 -0.9114 0.3384
vn 0.1992 -0.3975 -0.8957
vn 0.1885 -0.9219 -0.3384
vn 0.0933 0.3598 -0.9284
vn -0.0674 0.9063 -0.4172
vn -0.1885 0.9219 0.3384
vn -0.1993 0.3975 0.8957
vn -0.0933 -0.3598 0.9284
vn 0.0674 -0.9063 0.4172
vn 0.8708 -0.1507 -0.4680
vn 0.8638 -0.4930 -0.1043
vn 0.8016 0.3435 -0.4893
vn 0.6968 0.7002 -0.1557
vn 0.6177 0.7104 0.3374
vn 0.6107 0.3681 0.7011
vn 0.6799 -0.1261 0.7224
vn 0.7847 -0.4828 0.3888
vn 0.9776 0.1435 0.1538
# 45 vertex normals

o Bip001_R_Finger32
g Bip001_R_Finger32
usemtl wire_113134006
s off
f 4394//4386 4395//4387 4396//4388 4397//4389 
f 4394//4386 4398//4390 4399//4391 
f 4394//4386 4397//4389 4400//4392 4398//4390 
f 4397//4389 4401//4393 4400//4392 
f 4397//4389 4396//4388 4402//4394 4401//4393 
f 4396//4388 4403//4395 4402//4394 
f 4396//4388 4395//4387 4404//4396 4403//4395 
f 4395//4387 4405//4397 4404//4396 
f 4395//4387 4394//4386 4399//4391 4405//4397 
s 8
f 4399//4391 4398//4390 4406//4398 4407//4399 
s 16
f 4398//4390 4400//4392 4408//4400 4406//4398 
s 8
f 4400//4392 4401//4393 4409//4401 4408//4400 
s 16
f 4401//4393 4402//4394 4410//4402 4409//4401 
s 8
f 4402//4394 4403//4395 4411//4403 4410//4402 
s 16
f 4403//4395 4404//4396 4412//4404 4411//4403 
s 8
f 4404//4396 4405//4397 4413//4405 4412//4404 
s 16
f 4405//4397 4399//4391 4407//4399 4413//4405 
s 2
f 4407//4399 4406//4398 4414//4406 4415//4407 
s 4
f 4406//4398 4408//4400 4416//4408 4414//4406 
s 2
f 4408//4400 4409//4401 4417//4409 4416//4408 
s 4
f 4409//4401 4410//4402 4418//4410 4417//4409 
s 2
f 4410//4402 4411//4403 4419//4411 4418//4410 
s 4
f 4411//4403 4412//4404 4420//4412 4419//4411 
s 2
f 4412//4404 4413//4405 4421//4413 4420//4412 
s 4
f 4413//4405 4407//4399 4415//4407 4421//4413 
s off
f 4415//4407 4414//4406 4422//4414 4423//4415 
f 4414//4406 4416//4408 4424//4416 4422//4414 
f 4416//4408 4417//4409 4425//4417 4424//4416 
f 4417//4409 4418//4410 4426//4418 4425//4417 
f 4418//4410 4419//4411 4427//4419 4426//4418 
f 4419//4411 4420//4412 4428//4420 4427//4419 
f 4420//4412 4421//4413 4429//4421 4428//4420 
f 4421//4413 4415//4407 4423//4415 4429//4421 
f 4423//4415 4422//4414 4430//4422 4431//4423 
f 4422//4414 4424//4416 4432//4424 4430//4422 
f 4424//4416 4425//4417 4433//4425 4432//4424 
f 4425//4417 4426//4418 4434//4426 4433//4425 
f 4426//4418 4427//4419 4435//4427 4434//4426 
f 4427//4419 4428//4420 4436//4428 4435//4427 
f 4428//4420 4429//4421 4437//4429 4436//4428 
f 4429//4421 4423//4415 4431//4423 4437//4429 
f 4438//4430 4431//4423 4430//4422 
f 4438//4430 4430//4422 4432//4424 
f 4438//4430 4432//4424 4433//4425 
f 4438//4430 4433//4425 4434//4426 
f 4438//4430 4434//4426 4435//4427 
f 4438//4430 4435//4427 4436//4428 
f 4438//4430 4436//4428 4437//4429 
f 4438//4430 4437//4429 4431//4423 
# 37 polygons - 12 triangles

#
# object Bip001_R_Finger4
#

v  -769.8510 1459.1545 -112.2856
v  -770.6295 1459.4517 -108.4244
v  -770.6211 1463.5984 -108.7419
v  -769.8427 1463.3011 -112.6031
v  -766.4146 1458.9697 -114.6093
v  -767.0046 1456.0826 -111.4753
v  -766.4062 1463.1163 -114.9268
v  -766.9838 1466.4492 -112.2690
v  -767.7623 1466.7463 -108.4078
v  -768.3524 1463.8594 -105.2739
v  -768.3608 1459.7126 -104.9564
v  -767.7831 1456.3799 -107.6141
v  -757.0196 1459.0951 -112.7247
v  -757.3489 1456.1085 -110.8842
v  -757.4437 1463.4069 -110.8971
v  -757.7618 1466.6406 -109.5264
v  -758.1943 1466.8057 -107.3813
v  -758.5250 1463.8196 -105.5344
v  -758.9658 1459.8380 -103.0718
v  -758.6490 1456.6047 -104.4361
v  -750.4156 1458.7327 -112.1175
v  -751.0776 1455.4943 -108.6021
v  -750.4057 1463.6660 -112.4952
v  -751.0536 1467.4044 -109.5140
v  -751.9798 1467.7581 -104.9203
v  -752.6417 1464.5197 -101.4049
v  -752.6517 1459.5862 -101.0272
v  -752.0037 1455.8478 -104.0084
v  -747.4494 1457.5675 -113.8336
v  -748.3856 1452.9878 -108.8621
v  -747.4354 1464.5444 -114.3677
v  -748.3516 1469.8313 -110.1517
v  -749.6615 1470.3314 -103.6552
v  -750.5976 1465.7516 -98.6837
v  -750.6116 1458.7748 -98.1496
v  -749.6954 1453.4878 -102.3656
v  -745.4053 1458.7994 -111.1124
v  -746.0672 1455.5612 -107.5971
v  -745.3953 1463.7329 -111.4901
v  -746.0432 1467.4713 -108.5089
v  -746.9694 1467.8248 -103.9152
v  -747.6313 1464.5865 -100.3998
v  -747.6413 1459.6531 -100.0221
v  -746.9934 1455.9147 -103.0033
v  -745.4807 1461.7068 -105.5480
# 45 vertices

vn -0.7125 -0.4559 -0.5334
vn -0.8762 -0.3934 0.2784
vn -0.8745 0.4347 0.2150
vn -0.7109 0.3722 -0.5968
vn -0.0676 -0.4241 -0.9031
vn -0.1935 -0.9281 -0.3182
vn -0.0016 0.2799 -0.9600
vn -0.1610 0.8684 -0.4690
vn -0.3034 0.9228 0.2375
vn -0.3631 0.4179 0.8328
vn -0.4229 -0.2884 0.8591
vn -0.3286 -0.8765 0.3518
vn 0.1630 -0.0691 -0.9842
vn 0.0764 -0.8836 -0.4620
vn 0.1096 0.4167 -0.9024
vn 0.0535 0.8306 -0.5543
vn -0.1396 0.9043 0.4034
vn -0.2342 0.5480 0.8030
vn -0.2310 0.0812 0.9696
vn -0.1337 -0.8034 0.5803
vn -0.1507 -0.4310 -0.8897
vn -0.2338 -0.9118 -0.3376
vn -0.2350 0.2727 -0.9330
vn -0.2624 0.8296 -0.4929
vn -0.4073 0.8849 0.2259
vn -0.5681 0.3998 0.7193
vn -0.4945 -0.2997 0.8159
vn -0.3728 -0.8587 0.3516
vn 0.1813 -0.4511 -0.8739
vn 0.0736 -0.9500 -0.3035
vn 0.1828 0.3121 -0.9323
vn 0.0773 0.8924 -0.4446
vn -0.0736 0.9500 0.3035
vn -0.1813 0.4511 0.8739
vn -0.1829 -0.3121 0.9323
vn -0.0773 -0.8924 0.4446
vn 0.8611 -0.2845 -0.4213
vn 0.7908 -0.6101 -0.0491
vn 0.8621 0.2136 -0.4595
vn 0.7932 0.5923 -0.1412
vn 0.6948 0.6299 0.3471
vn 0.6245 0.3043 0.7193
vn 0.6235 -0.1937 0.7575
vn 0.6924 -0.5725 0.4392
vn 0.9804 0.0131 0.1967
# 45 vertex normals

o Bip001_R_Finger4
g Bip001_R_Finger4
usemtl wire_113134006
s off
f 4439//4431 4440//4432 4441//4433 4442//4434 
f 4439//4431 4443//4435 4444//4436 
f 4439//4431 4442//4434 4445//4437 4443//4435 
f 4442//4434 4446//4438 4445//4437 
f 4442//4434 4441//4433 4447//4439 4446//4438 
f 4441//4433 4448//4440 4447//4439 
f 4441//4433 4440//4432 4449//4441 4448//4440 
f 4440//4432 4450//4442 4449//4441 
f 4440//4432 4439//4431 4444//4436 4450//4442 
s 8
f 4444//4436 4443//4435 4451//4443 4452//4444 
s 16
f 4443//4435 4445//4437 4453//4445 4451//4443 
s 8
f 4445//4437 4446//4438 4454//4446 4453//4445 
s 16
f 4446//4438 4447//4439 4455//4447 4454//4446 
s 8
f 4447//4439 4448//4440 4456//4448 4455//4447 
s 16
f 4448//4440 4449//4441 4457//4449 4456//4448 
s 8
f 4449//4441 4450//4442 4458//4450 4457//4449 
s 16
f 4450//4442 4444//4436 4452//4444 4458//4450 
s 2
f 4452//4444 4451//4443 4459//4451 4460//4452 
s 4
f 4451//4443 4453//4445 4461//4453 4459//4451 
s 2
f 4453//4445 4454//4446 4462//4454 4461//4453 
s 4
f 4454//4446 4455//4447 4463//4455 4462//4454 
s 2
f 4455//4447 4456//4448 4464//4456 4463//4455 
s 4
f 4456//4448 4457//4449 4465//4457 4464//4456 
s 2
f 4457//4449 4458//4450 4466//4458 4465//4457 
s 4
f 4458//4450 4452//4444 4460//4452 4466//4458 
s off
f 4460//4452 4459//4451 4467//4459 4468//4460 
f 4459//4451 4461//4453 4469//4461 4467//4459 
f 4461//4453 4462//4454 4470//4462 4469//4461 
f 4462//4454 4463//4455 4471//4463 4470//4462 
f 4463//4455 4464//4456 4472//4464 4471//4463 
f 4464//4456 4465//4457 4473//4465 4472//4464 
f 4465//4457 4466//4458 4474//4466 4473//4465 
f 4466//4458 4460//4452 4468//4460 4474//4466 
f 4468//4460 4467//4459 4475//4467 4476//4468 
f 4467//4459 4469//4461 4477//4469 4475//4467 
f 4469//4461 4470//4462 4478//4470 4477//4469 
f 4470//4462 4471//4463 4479//4471 4478//4470 
f 4471//4463 4472//4464 4480//4472 4479//4471 
f 4472//4464 4473//4465 4481//4473 4480//4472 
f 4473//4465 4474//4466 4482//4474 4481//4473 
f 4474//4466 4468//4460 4476//4468 4482//4474 
f 4483//4475 4476//4468 4475//4467 
f 4483//4475 4475//4467 4477//4469 
f 4483//4475 4477//4469 4478//4470 
f 4483//4475 4478//4470 4479//4471 
f 4483//4475 4479//4471 4480//4472 
f 4483//4475 4480//4472 4481//4473 
f 4483//4475 4481//4473 4482//4474 
f 4483//4475 4482//4474 4476//4468 
# 37 polygons - 12 triangles

#
# object Bip001_R_Finger41
#

v  -793.7030 1458.7919 -117.4099
v  -794.6137 1459.1395 -112.8930
v  -794.6060 1463.3138 -113.2128
v  -793.6954 1462.9662 -117.7296
v  -789.8210 1458.5745 -120.1559
v  -790.5098 1455.7045 -116.5284
v  -789.8134 1462.7488 -120.4756
v  -790.4907 1466.1403 -117.3278
v  -791.4014 1466.4878 -112.8109
v  -792.0901 1463.6179 -109.1835
v  -792.0978 1459.4436 -108.8637
v  -791.4205 1456.0521 -112.0116
v  -779.2852 1458.7170 -118.0426
v  -779.6689 1455.7306 -115.9283
v  -779.7835 1463.0845 -115.8530
v  -780.1572 1466.3600 -114.2108
v  -780.6631 1466.5531 -111.7014
v  -781.0484 1463.5673 -109.5796
v  -781.5620 1459.5862 -106.7505
v  -781.1898 1456.3112 -108.3851
v  -771.8723 1458.3544 -117.3999
v  -772.6448 1455.1351 -113.3311
v  -771.8631 1463.3207 -117.7804
v  -772.6228 1467.1248 -114.2495
v  -773.7063 1467.5385 -108.8756
v  -774.4789 1464.3192 -104.8067
v  -774.4880 1459.3529 -104.4263
v  -773.7283 1455.5487 -107.9572
v  -768.5230 1457.1570 -119.4446
v  -769.6156 1452.6042 -113.6903
v  -768.5101 1464.1804 -119.9825
v  -769.5845 1469.5603 -114.9891
v  -771.1168 1470.1453 -107.3893
v  -772.2094 1465.5925 -101.6351
v  -772.2222 1458.5691 -101.0971
v  -771.1478 1453.1892 -106.0905
v  -766.2535 1458.4303 -116.2729
v  -767.0260 1455.2112 -112.2040
v  -766.2443 1463.3966 -116.6534
v  -767.0040 1467.2008 -113.1225
v  -768.0875 1467.6144 -107.7486
v  -768.8601 1464.3953 -103.6797
v  -768.8692 1459.4290 -103.2993
v  -768.1095 1455.6248 -106.8302
v  -766.3931 1461.4285 -109.7429
# 45 vertices

vn -0.7125 -0.4560 -0.5333
vn -0.8761 -0.3935 0.2784
vn -0.8746 0.4345 0.2150
vn -0.7110 0.3720 -0.5968
vn -0.0675 -0.4241 -0.9031
vn -0.1934 -0.9281 -0.3181
vn -0.0016 0.2799 -0.9600
vn -0.1611 0.8684 -0.4690
vn -0.3036 0.9227 0.2375
vn -0.3631 0.4179 0.8328
vn -0.4228 -0.2884 0.8591
vn -0.3284 -0.8766 0.3518
vn 0.1630 -0.0692 -0.9842
vn 0.0765 -0.8836 -0.4620
vn 0.1096 0.4167 -0.9024
vn 0.0533 0.8306 -0.5543
vn -0.1398 0.9043 0.4034
vn -0.2343 0.5480 0.8030
vn -0.2310 0.0812 0.9696
vn -0.1336 -0.8034 0.5803
vn -0.1506 -0.4310 -0.8897
vn -0.2337 -0.9118 -0.3376
vn -0.2350 0.2726 -0.9330
vn -0.2625 0.8295 -0.4929
vn -0.4074 0.8849 0.2259
vn -0.5682 0.3998 0.7193
vn -0.4945 -0.2998 0.8159
vn -0.3727 -0.8588 0.3516
vn 0.1814 -0.4511 -0.8739
vn 0.0737 -0.9500 -0.3035
vn 0.1828 0.3121 -0.9323
vn 0.0771 0.8924 -0.4446
vn -0.0737 0.9500 0.3035
vn -0.1814 0.4511 0.8739
vn -0.1828 -0.3121 0.9323
vn -0.0771 -0.8924 0.4446
vn 0.8612 -0.2843 -0.4213
vn 0.7909 -0.6099 -0.0491
vn 0.8621 0.2137 -0.4595
vn 0.7931 0.5925 -0.1412
vn 0.6947 0.6300 0.3471
vn 0.6244 0.3044 0.7193
vn 0.6235 -0.1936 0.7575
vn 0.6925 -0.5724 0.4392
vn 0.9804 0.0133 0.1966
# 45 vertex normals

o Bip001_R_Finger41
g Bip001_R_Finger41
usemtl wire_113134006
s off
f 4484//4476 4485//4477 4486//4478 4487//4479 
f 4484//4476 4488//4480 4489//4481 
f 4484//4476 4487//4479 4490//4482 4488//4480 
f 4487//4479 4491//4483 4490//4482 
f 4487//4479 4486//4478 4492//4484 4491//4483 
f 4486//4478 4493//4485 4492//4484 
f 4486//4478 4485//4477 4494//4486 4493//4485 
f 4485//4477 4495//4487 4494//4486 
f 4485//4477 4484//4476 4489//4481 4495//4487 
s 8
f 4489//4481 4488//4480 4496//4488 4497//4489 
s 16
f 4488//4480 4490//4482 4498//4490 4496//4488 
s 8
f 4490//4482 4491//4483 4499//4491 4498//4490 
s 16
f 4491//4483 4492//4484 4500//4492 4499//4491 
s 8
f 4492//4484 4493//4485 4501//4493 4500//4492 
s 16
f 4493//4485 4494//4486 4502//4494 4501//4493 
s 8
f 4494//4486 4495//4487 4503//4495 4502//4494 
s 16
f 4495//4487 4489//4481 4497//4489 4503//4495 
s 2
f 4497//4489 4496//4488 4504//4496 4505//4497 
s 4
f 4496//4488 4498//4490 4506//4498 4504//4496 
s 2
f 4498//4490 4499//4491 4507//4499 4506//4498 
s 4
f 4499//4491 4500//4492 4508//4500 4507//4499 
s 2
f 4500//4492 4501//4493 4509//4501 4508//4500 
s 4
f 4501//4493 4502//4494 4510//4502 4509//4501 
s 2
f 4502//4494 4503//4495 4511//4503 4510//4502 
s 4
f 4503//4495 4497//4489 4505//4497 4511//4503 
s off
f 4505//4497 4504//4496 4512//4504 4513//4505 
f 4504//4496 4506//4498 4514//4506 4512//4504 
f 4506//4498 4507//4499 4515//4507 4514//4506 
f 4507//4499 4508//4500 4516//4508 4515//4507 
f 4508//4500 4509//4501 4517//4509 4516//4508 
f 4509//4501 4510//4502 4518//4510 4517//4509 
f 4510//4502 4511//4503 4519//4511 4518//4510 
f 4511//4503 4505//4497 4513//4505 4519//4511 
f 4513//4505 4512//4504 4520//4512 4521//4513 
f 4512//4504 4514//4506 4522//4514 4520//4512 
f 4514//4506 4515//4507 4523//4515 4522//4514 
f 4515//4507 4516//4508 4524//4516 4523//4515 
f 4516//4508 4517//4509 4525//4517 4524//4516 
f 4517//4509 4518//4510 4526//4518 4525//4517 
f 4518//4510 4519//4511 4527//4519 4526//4518 
f 4519//4511 4513//4505 4521//4513 4527//4519 
f 4528//4520 4521//4513 4520//4512 
f 4528//4520 4520//4512 4522//4514 
f 4528//4520 4522//4514 4523//4515 
f 4528//4520 4523//4515 4524//4516 
f 4528//4520 4524//4516 4525//4517 
f 4528//4520 4525//4517 4526//4518 
f 4528//4520 4526//4518 4527//4519 
f 4528//4520 4527//4519 4521//4513 
# 37 polygons - 12 triangles

#
# object Bip001_R_Finger42
#

v  -816.9953 1457.5576 -121.8740
v  -817.8531 1457.8851 -117.6191
v  -818.0251 1461.6180 -117.9411
v  -817.1672 1461.2906 -122.1960
v  -813.2307 1457.5088 -124.4510
v  -813.7452 1454.9547 -121.0183
v  -813.4027 1461.2417 -124.7730
v  -814.1750 1464.2871 -121.8233
v  -815.0329 1464.6145 -117.5685
v  -815.5474 1462.0604 -114.1358
v  -815.3754 1458.3275 -113.8138
v  -814.6030 1455.2821 -116.7635
v  -802.9511 1458.1567 -122.4283
v  -803.1782 1455.4929 -120.4210
v  -803.5997 1462.0717 -120.3864
v  -804.0861 1465.0078 -118.8551
v  -804.5627 1465.1897 -116.4913
v  -804.7911 1462.5265 -114.4769
v  -805.0958 1458.9755 -111.7911
v  -804.6108 1456.0398 -113.3154
v  -795.7071 1458.1871 -121.7989
v  -796.2841 1455.3223 -117.9485
v  -795.9116 1462.6284 -122.1820
v  -796.7780 1466.0443 -118.8734
v  -797.7986 1466.4340 -113.8113
v  -798.3757 1463.5691 -109.9609
v  -798.1711 1459.1278 -109.5778
v  -797.3047 1455.7119 -112.8864
v  -792.4133 1457.2454 -123.7113
v  -793.2294 1453.1937 -118.2660
v  -792.7026 1463.5262 -124.2530
v  -793.9279 1468.3571 -119.5740
v  -795.3712 1468.9081 -112.4150
v  -796.1873 1464.8564 -106.9698
v  -795.8979 1458.5756 -106.4280
v  -794.6728 1453.7448 -111.1071
v  -790.2249 1458.5327 -120.7202
v  -790.8019 1455.6678 -116.8698
v  -790.4295 1462.9740 -121.1033
v  -791.2958 1466.3899 -117.7947
v  -792.3165 1466.7795 -112.7325
v  -792.8935 1463.9147 -108.8821
v  -792.6890 1459.4734 -108.4991
v  -791.8226 1456.0575 -111.8077
v  -790.4238 1461.2953 -114.5778
# 45 vertices

vn -0.6918 -0.4945 -0.5262
vn -0.8555 -0.4320 0.2856
vn -0.8935 0.3945 0.2143
vn -0.7299 0.3321 -0.5975
vn -0.0504 -0.4355 -0.8988
vn -0.1501 -0.9393 -0.3086
vn -0.0182 0.2702 -0.9626
vn -0.2038 0.8551 -0.4766
vn -0.3463 0.9095 0.2299
vn -0.3797 0.4082 0.8302
vn -0.4057 -0.2999 0.8634
vn -0.2852 -0.8877 0.3614
vn 0.1627 -0.0708 -0.9841
vn 0.1169 -0.8834 -0.4539
vn 0.0865 0.4127 -0.9067
vn 0.0118 0.8268 -0.5624
vn -0.1812 0.9005 0.3953
vn -0.2573 0.5440 0.7987
vn -0.2312 0.0795 0.9696
vn -0.0933 -0.8032 0.5884
vn -0.1330 -0.4463 -0.8850
vn -0.1912 -0.9251 -0.3280
vn -0.2509 0.2521 -0.9346
vn -0.3034 0.8113 -0.4997
vn -0.4483 0.8666 0.2191
vn -0.5841 0.3793 0.7177
vn -0.4769 -0.3150 0.8206
vn -0.3302 -0.8721 0.3612
vn 0.1996 -0.4504 -0.8702
vn 0.1178 -0.9483 -0.2948
vn 0.1645 0.3114 -0.9359
vn 0.0331 0.8907 -0.4534
vn -0.1178 0.9483 0.2948
vn -0.1996 0.4504 0.8702
vn -0.1645 -0.3114 0.9359
vn -0.0331 -0.8907 0.4534
vn 0.8723 -0.2472 -0.4219
vn 0.8189 -0.5721 -0.0464
vn 0.8494 0.2500 -0.4648
vn 0.7636 0.6281 -0.1499
vn 0.6651 0.6657 0.3384
vn 0.6117 0.3407 0.7140
vn 0.6346 -0.1564 0.7568
vn 0.7204 -0.5345 0.4419
vn 0.9793 0.0617 0.1927
# 45 vertex normals

o Bip001_R_Finger42
g Bip001_R_Finger42
usemtl wire_113134006
s off
f 4529//4521 4530//4522 4531//4523 4532//4524 
f 4529//4521 4533//4525 4534//4526 
f 4529//4521 4532//4524 4535//4527 4533//4525 
f 4532//4524 4536//4528 4535//4527 
f 4532//4524 4531//4523 4537//4529 4536//4528 
f 4531//4523 4538//4530 4537//4529 
f 4531//4523 4530//4522 4539//4531 4538//4530 
f 4530//4522 4540//4532 4539//4531 
f 4530//4522 4529//4521 4534//4526 4540//4532 
s 8
f 4534//4526 4533//4525 4541//4533 4542//4534 
s 16
f 4533//4525 4535//4527 4543//4535 4541//4533 
s 8
f 4535//4527 4536//4528 4544//4536 4543//4535 
s 16
f 4536//4528 4537//4529 4545//4537 4544//4536 
s 8
f 4537//4529 4538//4530 4546//4538 4545//4537 
s 16
f 4538//4530 4539//4531 4547//4539 4546//4538 
s 8
f 4539//4531 4540//4532 4548//4540 4547//4539 
s 16
f 4540//4532 4534//4526 4542//4534 4548//4540 
s 2
f 4542//4534 4541//4533 4549//4541 4550//4542 
s 4
f 4541//4533 4543//4535 4551//4543 4549//4541 
s 2
f 4543//4535 4544//4536 4552//4544 4551//4543 
s 4
f 4544//4536 4545//4537 4553//4545 4552//4544 
s 2
f 4545//4537 4546//4538 4554//4546 4553//4545 
s 4
f 4546//4538 4547//4539 4555//4547 4554//4546 
s 2
f 4547//4539 4548//4540 4556//4548 4555//4547 
s 4
f 4548//4540 4542//4534 4550//4542 4556//4548 
s off
f 4550//4542 4549//4541 4557//4549 4558//4550 
f 4549//4541 4551//4543 4559//4551 4557//4549 
f 4551//4543 4552//4544 4560//4552 4559//4551 
f 4552//4544 4553//4545 4561//4553 4560//4552 
f 4553//4545 4554//4546 4562//4554 4561//4553 
f 4554//4546 4555//4547 4563//4555 4562//4554 
f 4555//4547 4556//4548 4564//4556 4563//4555 
f 4556//4548 4550//4542 4558//4550 4564//4556 
f 4558//4550 4557//4549 4565//4557 4566//4558 
f 4557//4549 4559//4551 4567//4559 4565//4557 
f 4559//4551 4560//4552 4568//4560 4567//4559 
f 4560//4552 4561//4553 4569//4561 4568//4560 
f 4561//4553 4562//4554 4570//4562 4569//4561 
f 4562//4554 4563//4555 4571//4563 4570//4562 
f 4563//4555 4564//4556 4572//4564 4571//4563 
f 4564//4556 4558//4550 4566//4558 4572//4564 
f 4573//4565 4566//4558 4565//4557 
f 4573//4565 4565//4557 4567//4559 
f 4573//4565 4567//4559 4568//4560 
f 4573//4565 4568//4560 4569//4561 
f 4573//4565 4569//4561 4570//4562 
f 4573//4565 4570//4562 4571//4563 
f 4573//4565 4571//4563 4572//4564 
f 4573//4565 4572//4564 4566//4558 
# 37 polygons - 12 triangles

#
# object Bip001_Head
#

v  -66.7165 1723.7499 79.9211
v  -69.8901 1774.2136 62.5555
v  -79.2290 1774.3706 37.1211
v  -87.8534 1723.8843 58.1381
v  -81.0519 1703.1357 59.5260
v  -94.4848 1701.8671 -34.4528
v  -69.8902 1699.4437 -108.6822
v  -81.5860 1644.9015 -35.8818
v  -60.8420 1588.3094 3.6320
v  -40.3896 1638.6462 -91.9462
v  -48.8713 1593.8164 -73.0940
v  -69.8901 1737.7555 -114.9262
v  -93.3411 1737.4265 -62.5565
v  -89.4089 1774.9762 -60.9809
v  -69.8901 1775.2568 -106.7029
v  -24.0970 1578.7025 82.5201
v  -22.5350 1583.8275 99.8294
v  -42.0020 1613.8817 85.9220
v  -63.1905 1633.9502 66.7017
v  48.8712 1593.8163 -73.0941
v  60.8419 1588.3094 3.6322
v  -0.0001 1682.4993 -126.9439
v  40.3895 1638.6462 -91.9461
v  -52.1197 1687.4105 71.3360
v  -13.9085 1691.8843 82.4788
v  -13.4456 1723.6313 98.9132
v  -76.5104 1664.7766 74.5584
v  -13.3232 1650.6195 104.3430
v  -9.9960 1654.0450 121.9030
v  -11.4169 1663.7756 126.5333
v  -13.2558 1666.8090 96.0647
v  -10.9982 1694.5216 112.7974
v  -38.2520 1644.2819 87.1973
v  -91.0658 1737.3953 15.5750
v  -89.4090 1774.5413 9.3948
v  0.0002 1774.0786 85.0175
v  -69.8900 1795.7391 38.4002
v  0.0003 1801.6990 55.1225
v  -69.8903 1806.3768 -2.8749
v  0.0001 1814.8668 4.0299
v  -69.8902 1806.3082 -47.1106
v  0.0001 1814.7817 -50.7275
v  -69.8902 1795.6292 -82.1311
v  0.0002 1801.5629 -94.0774
v  0.0002 1775.3698 -124.5000
v  -0.0001 1737.8597 -134.6242
v  24.0970 1578.7028 82.5201
v  22.5353 1583.8275 99.8295
v  -18.8236 1631.5402 100.7989
v  -39.6832 1635.3622 88.2193
v  -30.7003 1612.8335 89.4303
v  0.0001 1629.7764 103.9982
v  13.3235 1650.6195 104.3431
v  -16.0345 1610.8741 97.2317
v  16.0348 1610.8741 97.2317
v  18.8239 1631.5402 100.7990
v  66.7166 1723.7498 79.9213
v  87.8536 1723.8845 58.1381
v  77.9085 1774.3483 40.7179
v  69.8903 1774.2139 62.5557
v  81.0520 1703.1357 59.5259
v  94.4849 1701.8671 -34.4528
v  81.5861 1644.9015 -35.8816
v  69.8902 1699.4437 -108.6820
v  69.8902 1737.7555 -114.9263
v  93.3413 1737.4264 -62.5563
v  69.8902 1775.2571 -106.7027
v  89.4092 1774.9761 -60.9806
v  42.0020 1613.8816 85.9221
v  63.1909 1633.9501 66.7017
v  10.9985 1694.5216 112.7974
v  13.4457 1723.6313 98.9129
v  11.4171 1663.7756 126.5331
v  52.1198 1687.4104 71.3362
v  76.5105 1664.7766 74.5584
v  13.2558 1666.8090 96.0648
v  9.9963 1654.0450 121.9031
v  13.9086 1691.8843 82.4785
v  38.2520 1644.2820 87.1974
v  89.4091 1774.5415 9.3950
v  91.0658 1737.3951 15.5750
v  69.8903 1795.7390 38.4004
v  69.8904 1806.3768 -2.8747
v  69.8904 1806.3082 -47.1107
v  69.8905 1795.6293 -82.1309
v  30.7003 1612.8337 89.4304
v  39.6833 1635.3622 88.2191
# 87 vertices

vn -0.5514 -0.0304 0.8337
vn -0.6604 0.3809 0.6471
vn -0.9131 0.2737 0.3021
vn -0.9272 0.0042 0.3744
vn -0.8621 -0.1656 0.4788
vn -0.9918 -0.1139 -0.0578
vn -0.6986 -0.2270 -0.6786
vn -0.9259 -0.3272 -0.1890
vn -0.6579 -0.7526 -0.0266
vn -0.4753 -0.4343 -0.7652
vn -0.6020 -0.6043 -0.5218
vn -0.6570 0.0191 -0.7537
vn -0.9810 0.0043 -0.1941
vn -0.9379 0.2953 -0.1822
vn -0.6080 0.3922 -0.6903
vn -0.3820 -0.9101 0.1605
vn -0.4282 -0.5062 0.7486
vn -0.7043 -0.1727 0.6886
vn -0.8484 -0.3129 0.4270
vn 0.6020 -0.6043 -0.5218
vn 0.6579 -0.7526 -0.0266
vn 0.0000 -0.3127 -0.9498
vn 0.4753 -0.4343 -0.7652
vn -0.1122 -0.9896 -0.0900
vn -0.7095 -0.0246 0.7043
vn -0.3270 0.1440 0.9340
vn -0.8686 -0.1171 0.4816
vn -0.6126 -0.1865 0.7681
vn -0.4916 -0.6666 0.5603
vn -0.6281 -0.0346 0.7774
vn -0.8390 0.1733 0.5157
vn -0.6657 0.2760 0.6933
vn -0.6940 0.3058 0.6518
vn -0.9979 0.0278 0.0586
vn -0.9496 0.2720 0.1556
vn -0.0000 0.4938 0.8696
vn -0.6163 0.6944 0.3714
vn 0.0000 0.8462 0.5329
vn -0.5681 0.8169 0.0997
vn -0.0000 0.9896 0.1441
vn -0.5583 0.8206 -0.1223
vn 0.0000 0.9861 -0.1661
vn -0.7291 0.5946 -0.3390
vn -0.0000 0.8491 -0.5282
vn 0.0000 0.4819 -0.8762
vn -0.0000 0.0562 -0.9984
vn 0.3820 -0.9101 0.1605
vn 0.4282 -0.5062 0.7486
vn -0.3802 -0.1844 0.9063
vn -0.6321 0.0772 0.7710
vn -0.2830 0.5051 0.8154
vn 0.0190 -0.1864 0.9823
vn 0.6303 -0.1488 0.7619
vn -0.2948 0.0405 0.9547
vn 0.2456 -0.0175 0.9692
vn 0.4228 -0.1099 0.8995
vn 0.5218 -0.1133 0.8455
vn 0.9288 -0.0019 0.3705
vn 0.9131 0.2737 0.3021
vn 0.6604 0.3809 0.6471
vn 0.8621 -0.1656 0.4788
vn 0.9918 -0.1139 -0.0578
vn 0.9259 -0.3272 -0.1890
vn 0.6986 -0.2270 -0.6786
vn 0.6570 0.0191 -0.7537
vn 0.9810 0.0043 -0.1941
vn 0.6080 0.3922 -0.6903
vn 0.9379 0.2953 -0.1821
vn 0.6609 0.0778 0.7464
vn 0.8484 -0.3129 0.4270
vn 0.6657 0.2760 0.6933
vn 0.3150 0.1533 0.9366
vn 0.6281 -0.0346 0.7773
vn 0.2737 -0.9541 -0.1216
vn 0.8685 -0.1171 0.4816
vn 0.8390 0.1733 0.5157
vn 0.4916 -0.6666 0.5603
vn 0.7095 -0.0246 0.7043
vn 0.6994 0.2044 0.6848
vn 0.9496 0.2720 0.1556
vn 0.9979 0.0278 0.0586
vn 0.6261 0.6891 0.3650
vn 0.5681 0.8169 0.0997
vn 0.5583 0.8206 -0.1223
vn 0.7291 0.5946 -0.3389
vn 0.2954 0.5775 0.7611
vn 0.2626 0.8939 0.3633
# 87 vertex normals

o Bip001_Head
g Bip001_Head
usemtl wire_166202240
s 2
f 4574//4566 4575//4567 4576//4568 4577//4569 
f 4577//4569 4578//4570 4574//4566 
f 4579//4571 4580//4572 4581//4573 
f 4581//4573 4578//4570 4579//4571 
f 4582//4574 4583//4575 4584//4576 
f 4581//4573 4583//4575 4582//4574 
f 4583//4575 4581//4573 4580//4572 
f 4585//4577 4580//4572 4586//4578 
f 4586//4578 4587//4579 4588//4580 4585//4577 
f 4582//4574 4589//4581 4590//4582 4591//4583 
f 4582//4574 4591//4583 4592//4584 
s 4
f 4584//4576 4593//4585 4594//4586 4582//4574 
s 2
f 4583//4575 4595//4587 4596//4588 
f 4580//4572 4595//4587 4583//4575 
s 8
f 4597//4589 4598//4590 4599//4591 4574//4566 
f 4574//4566 4578//4570 4597//4589 
s 2
f 4600//4592 4578//4570 4581//4573 4592//4584 
f 4592//4584 4581//4573 4582//4574 
s 16
f 4601//4593 4602//4594 4603//4595 4604//4596 
f 4604//4596 4603//4595 4605//4597 4598//4590 
f 4598//4590 4605//4597 4599//4591 
s 2
f 4597//4589 4578//4570 4600//4592 4598//4590 
f 4600//4592 4592//4584 4606//4598 4604//4596 
f 4598//4590 4600//4592 4604//4596 
f 4607//4599 4577//4569 4576//4568 4608//4600 
f 4586//4578 4607//4599 4608//4600 4587//4579 
f 4579//4571 4607//4599 4586//4578 
f 4579//4571 4578//4570 4577//4569 4607//4599 
f 4580//4572 4579//4571 4586//4578 
f 4575//4567 4574//4566 4599//4591 4609//4601 
f 4610//4602 4575//4567 4609//4601 4611//4603 
f 4612//4604 4610//4602 4611//4603 4613//4605 
f 4614//4606 4612//4604 4613//4605 4615//4607 
f 4616//4608 4614//4606 4615//4607 4617//4609 
f 4588//4580 4616//4608 4617//4609 4618//4610 
f 4585//4577 4588//4580 4618//4610 4619//4611 
f 4580//4572 4585//4577 4619//4611 4595//4587 
f 4610//4602 4612//4604 4608//4600 4576//4568 
f 4576//4568 4575//4567 4610//4602 
f 4612//4604 4614//4606 4587//4579 4608//4600 
f 4616//4608 4588//4580 4587//4579 4614//4606 
s 4
f 4589//4581 4582//4574 4594//4586 4620//4612 
s 2
f 4584//4576 4583//4575 4596//4588 4593//4585 
f 4590//4582 4589//4581 4620//4612 4621//4613 
f 4604//4596 4606//4598 4601//4593 
f 4622//4614 4623//4615 4591//4583 4624//4616 
f 4601//4593 4622//4614 4625//4617 4626//4618 
f 4622//4614 4601//4593 4606//4598 4623//4615 
f 4625//4617 4622//4614 4624//4616 4627//4619 
f 4625//4617 4627//4619 4628//4620 4629//4621 
f 4592//4584 4623//4615 4606//4598 
f 4623//4615 4592//4584 4591//4583 
f 4591//4583 4590//4582 4627//4619 4624//4616 
f 4627//4619 4590//4582 4621//4613 4628//4620 
f 4630//4622 4631//4623 4632//4624 4633//4625 
f 4631//4623 4630//4622 4634//4626 
f 4635//4627 4636//4628 4637//4629 
f 4636//4628 4635//4627 4634//4626 
f 4594//4586 4593//4585 4596//4588 
f 4636//4628 4594//4586 4596//4588 
f 4596//4588 4637//4629 4636//4628 
f 4638//4630 4639//4631 4637//4629 
f 4639//4631 4638//4630 4640//4632 4641//4633 
f 4594//4586 4642//4634 4621//4613 4620//4612 
f 4594//4586 4643//4635 4642//4634 
f 4644//4636 4645//4637 4599//4591 4605//4597 
f 4646//4638 4644//4636 4605//4597 4603//4595 
f 4637//4629 4596//4588 4595//4587 
s 8
f 4647//4639 4634//4626 4630//4622 4645//4637 
s 2
f 4648//4640 4643//4635 4636//4628 4634//4626 
f 4643//4635 4594//4586 4636//4628 
s 16
f 4626//4618 4649//4641 4646//4638 4650//4642 
f 4649//4641 4651//4643 4644//4636 4646//4638 
f 4651//4643 4645//4637 4644//4636 
s 2
f 4646//4638 4603//4595 4602//4594 4650//4642 
f 4647//4639 4651//4643 4648//4640 4634//4626 
f 4648//4640 4649//4641 4652//4644 4643//4635 
f 4652//4644 4649//4641 4626//4618 
f 4651//4643 4649//4641 4648//4640 
f 4653//4645 4632//4624 4631//4623 4654//4646 
f 4639//4631 4641//4633 4653//4645 4654//4646 
f 4635//4627 4639//4631 4654//4646 
f 4635//4627 4654//4646 4631//4623 4634//4626 
f 4637//4629 4639//4631 4635//4627 
f 4633//4625 4609//4601 4645//4637 4630//4622 
f 4655//4647 4611//4603 4609//4601 4633//4625 
f 4656//4648 4613//4605 4611//4603 4655//4647 
f 4657//4649 4615//4607 4613//4605 4656//4648 
f 4658//4650 4617//4609 4615//4607 4657//4649 
f 4640//4632 4618//4610 4617//4609 4658//4650 
f 4638//4630 4619//4611 4618//4610 4640//4632 
f 4637//4629 4595//4587 4619//4611 4638//4630 
f 4655//4647 4632//4624 4653//4645 4656//4648 
f 4656//4648 4653//4645 4641//4633 4657//4649 
f 4658//4650 4657//4649 4641//4633 4640//4632 
s 32
f 4650//4642 4602//4594 4601//4593 4626//4618 
s 2
f 4609//4601 4599//4591 4645//4637 
f 4629//4621 4628//4620 4659//4651 4660//4652 
f 4626//4618 4625//4617 4629//4621 
f 4629//4621 4660//4652 4643//4635 4652//4644 
f 4660//4652 4659//4651 4642//4634 4643//4635 
f 4626//4618 4629//4621 4652//4644 
f 4642//4634 4659//4651 4628//4620 4621//4613 
s 8
f 4645//4637 4651//4643 4647//4639 
s 2
f 4632//4624 4655//4647 4633//4625 
# 65 polygons - 40 triangles

#
# object Bip001_L_Thigh
#

v  49.7526 952.3857 -86.8892
v  116.6419 952.3857 -86.8893
v  138.7670 843.5593 -89.0952
v  71.8777 843.5598 -89.0951
v  146.7231 657.6174 -42.7206
v  75.5104 657.6174 -42.7205
v  147.1855 646.0277 -3.6859
v  75.0481 646.0278 -3.6858
v  147.1855 630.3832 -0.0678
v  75.0481 630.3832 -0.0677
v  147.1855 629.8602 21.5583
v  75.0481 629.8602 21.5584
v  147.1855 650.4366 34.1049
v  75.0482 650.4366 34.1050
v  146.7233 655.6845 67.2423
v  75.5105 655.6846 67.2424
v  156.7909 778.7291 92.9463
v  71.8779 778.7291 92.9464
v  134.6658 1003.9529 96.6138
v  49.7528 1003.9529 96.6140
v  75.5105 656.8676 -0.0454
v  187.0321 811.7100 0.3378
v  164.9070 977.6091 2.8696
v  146.7232 656.6515 12.2174
v  82.4303 1012.7676 34.6448
v  83.4916 991.5944 -35.8127
v  140.1734 991.6172 -35.8463
v  140.0594 1012.7953 34.6932
v  85.8146 1044.3014 22.5851
v  75.0949 1045.0363 -7.8266
v  85.8853 1045.7782 -38.5022
v  111.9085 1046.0802 -51.0430
v  138.0580 1045.7672 -38.1713
v  148.9192 1045.0331 -7.8097
v  138.0581 1044.2904 22.9151
v  111.9183 1043.9946 35.2082
v  111.9905 1086.2275 -43.4045
v  85.8507 1085.9219 -30.7370
v  111.9906 1093.4943 1.4569
v  75.0234 1085.1821 -0.1550
v  85.8516 1084.4423 30.4251
v  111.9907 1084.1361 43.0926
v  138.1305 1084.4423 30.4250
v  148.9578 1085.1820 -0.1560
v  138.1304 1085.9218 -30.7370
v  111.9905 1066.5941 -65.2112
v  75.0233 1066.1610 -47.2966
v  59.7118 1065.1151 -4.0481
v  75.0234 1064.0687 39.2014
v  111.9907 1063.6356 57.1149
v  148.9579 1064.0687 39.2003
v  164.2702 1065.1150 -4.0482
v  148.9577 1066.1610 -47.2967
# 53 vertices

vn -0.6942 0.1969 -0.6923
vn 0.3881 0.2205 -0.8948
vn 0.5017 -0.0071 -0.8650
vn -0.6541 -0.0995 -0.7498
vn 0.6297 -0.4032 -0.6640
vn -0.6211 -0.4150 -0.6649
vn 0.8186 -0.2914 -0.4949
vn -0.8198 -0.2917 -0.4928
vn 0.5884 -0.5831 -0.5602
vn -0.5884 -0.5831 -0.5602
vn 0.5879 -0.6614 0.4658
vn -0.5879 -0.6614 0.4658
vn 0.8714 -0.2879 0.3973
vn 0.6204 -0.5452 0.5638
vn 0.5887 -0.5111 0.6262
vn -0.5922 -0.5042 0.6286
vn 0.5811 -0.0441 0.8126
vn -0.6989 -0.0460 0.7137
vn 0.4833 0.5065 0.7140
vn -0.6442 0.5177 0.5631
vn -0.9955 0.0247 -0.0914
vn 0.9920 -0.0363 -0.1208
vn 0.9587 0.2538 -0.1281
vn 0.9983 -0.0587 -0.0037
vn -0.7360 0.6245 0.2613
vn -0.5139 0.4128 -0.7520
vn 0.6565 0.2165 -0.7226
vn 0.8366 0.2649 0.4795
vn -0.6331 0.5463 0.5484
vn -0.8921 0.4516 -0.0163
vn -0.5604 0.5103 -0.6524
vn 0.0410 0.4523 -0.8909
vn 0.6693 0.5042 -0.5457
vn 0.9273 0.3742 0.0085
vn 0.5449 0.5309 0.6491
vn 0.0044 0.4344 0.9007
vn -0.0000 0.7192 -0.6948
vn -0.5293 0.7022 -0.4762
vn -0.0000 0.9970 0.0778
vn -0.7486 0.6610 0.0516
vn -0.5293 0.6198 0.5793
vn -0.0000 0.6028 0.7979
vn 0.5294 0.6198 0.5793
vn 0.7486 0.6610 0.0516
vn 0.5293 0.7022 -0.4762
vn 0.0004 0.0767 -0.9971
vn -0.7073 0.0544 -0.7048
vn -1.0000 -0.0005 -0.0004
vn -0.7070 -0.0551 0.7051
vn -0.0007 -0.0776 0.9970
vn 0.7076 -0.0537 0.7046
vn 1.0000 -0.0006 -0.0007
vn 0.7071 0.0528 -0.7051
vn -0.3554 -0.2912 -0.8882
vn -0.8635 -0.3291 -0.3821
vn -0.8632 -0.3847 0.3271
vn -0.3567 -0.4239 0.8325
vn 0.3478 -0.4271 0.8346
vn 0.8633 -0.3833 0.3282
vn 0.8612 -0.3294 -0.3872
vn 0.3611 -0.2968 -0.8840
# 61 vertex normals

o Bip001_L_Thigh
g Bip001_L_Thigh
usemtl wire_028028177
s off
f 4661//4653 4662//4654 4663//4655 4664//4656 
f 4664//4656 4663//4655 4665//4657 4666//4658 
f 4666//4658 4665//4657 4667//4659 4668//4660 
f 4668//4660 4667//4659 4669//4661 4670//4662 
f 4670//4662 4669//4661 4671//4663 4672//4664 
f 4672//4664 4671//4663 4673//4665 4674//4666 
f 4674//4666 4673//4665 4675//4667 4676//4668 
f 4676//4668 4675//4667 4677//4669 4678//4670 
f 4678//4670 4677//4669 4679//4671 4680//4672 
s 8
f 4678//4670 4680//4672 4661//4653 4664//4656 
f 4678//4670 4664//4656 4666//4658 4681//4673 
f 4676//4668 4678//4670 4681//4673 4668//4660 
s off
f 4674//4666 4676//4668 4668//4660 4672//4664 
f 4672//4664 4668//4660 4670//4662 
s 2
f 4682//4674 4663//4655 4662//4654 4683//4675 
f 4682//4674 4684//4676 4665//4657 4663//4655 
s off
f 4673//4665 4667//4659 4684//4676 4675//4667 
s 4
f 4684//4676 4682//4674 4677//4669 4675//4667 
s off
f 4671//4663 4669//4661 4667//4659 4673//4665 
s 256
f 4680//4672 4685//4677 4686//4678 4661//4653 
s off
f 4661//4653 4686//4678 4687//4679 4662//4654 
f 4687//4679 4688//4680 4679//4671 4683//4675 
s 2
f 4662//4654 4687//4679 4683//4675 
s off
f 4679//4671 4688//4680 4685//4677 4680//4672 
s 64
f 4685//4677 4689//4681 4690//4682 4686//4678 
s 128
f 4686//4678 4691//4683 4692//4684 4687//4679 
s 16
f 4687//4679 4693//4685 4694//4686 4688//4680 
s 32
f 4688//4680 4695//4687 4696//4688 4685//4677 
s off
f 4695//4687 4692//4684 4691//4683 4696//4688 
s 4
f 4677//4669 4682//4674 4683//4675 4679//4671 
s 8
f 4681//4673 4666//4658 4668//4660 
s off
f 4667//4659 4665//4657 4684//4676 
f 4693//4685 4692//4684 4695//4687 4694//4686 
s 128
f 4687//4679 4692//4684 4693//4685 
s 16
f 4688//4680 4694//4686 4695//4687 
s off
f 4696//4688 4691//4683 4690//4682 4689//4681 
s 32
f 4685//4677 4696//4688 4689//4681 
s 64
f 4686//4678 4690//4682 4691//4683 
s off
f 4697//4689 4698//4690 4699//4691 
f 4698//4690 4700//4692 4699//4691 
f 4700//4692 4701//4693 4699//4691 
f 4701//4693 4702//4694 4699//4691 
f 4702//4694 4703//4695 4699//4691 
f 4703//4695 4704//4696 4699//4691 
f 4704//4696 4705//4697 4699//4691 
f 4705//4697 4697//4689 4699//4691 
f 4706//4698 4707//4699 4698//4690 4697//4689 
f 4707//4699 4708//4700 4700//4692 4698//4690 
f 4708//4700 4709//4701 4701//4693 4700//4692 
f 4709//4701 4710//4702 4702//4694 4701//4693 
f 4710//4702 4711//4703 4703//4695 4702//4694 
f 4711//4703 4712//4704 4704//4696 4703//4695 
f 4712//4704 4713//4705 4705//4697 4704//4696 
f 4713//4705 4706//4698 4697//4689 4705//4697 
f 4692//4706 4691//4706 4706//4698 
f 4691//4683 4707//4699 4706//4698 
f 4691//4707 4690//4707 4707//4699 
f 4690//4682 4708//4700 4707//4699 
f 4690//4708 4689//4708 4708//4700 
f 4689//4681 4709//4701 4708//4700 
f 4689//4709 4696//4709 4709//4701 
f 4696//4688 4710//4702 4709//4701 
f 4696//4710 4695//4710 4710//4702 
f 4695//4687 4711//4703 4710//4702 
f 4695//4711 4694//4711 4711//4703 
f 4694//4686 4712//4704 4711//4703 
f 4694//4712 4693//4712 4712//4704 
f 4693//4685 4713//4705 4712//4704 
f 4693//4713 4692//4713 4713//4705 
f 4692//4684 4706//4698 4713//4705 
# 38 polygons - 32 triangles

#
# object Bip001_L_Calf
#

v  73.0333 603.5998 -50.9291
v  151.0622 603.5998 -50.9292
v  164.1108 481.7538 -110.9867
v  33.7846 481.7538 -110.9865
v  142.0850 334.8775 -69.0635
v  83.8155 334.8775 -69.0634
v  147.5393 131.9111 -116.9058
v  78.3609 131.9111 -116.9057
v  147.5393 119.9486 -95.3667
v  78.3609 119.9488 -95.3677
v  147.5393 105.8544 -89.9497
v  78.3609 105.8544 -89.9496
v  147.5393 104.1898 -70.0512
v  78.3610 104.1898 -70.0511
v  147.5393 114.3126 -59.1430
v  78.3610 114.3126 -59.1429
v  147.5385 122.9767 -32.3651
v  78.3610 122.9767 -32.3650
v  130.6379 316.6516 -7.8359
v  95.2627 316.6516 -7.8358
v  130.2154 464.8438 31.7544
v  151.0623 589.6730 65.5017
v  73.0335 589.6730 65.5018
v  95.0188 464.8088 29.4258
v  148.8523 606.1885 10.4811
v  138.0557 602.6884 40.8344
v  111.9905 601.2382 53.4077
v  85.9252 602.6884 40.8345
v  111.9903 611.1396 -32.4463
v  138.0556 609.6894 -19.8731
v  75.1285 606.1887 10.4802
v  85.9251 609.6894 -19.8730
v  32.8111 471.4218 -30.6089
v  167.7143 470.5220 -15.8052
v  111.9904 659.9995 8.8777
v  138.0556 654.2679 -21.2013
v  111.9904 655.7177 -33.7746
v  148.8524 650.7671 9.1529
v  138.0557 647.2664 39.5060
v  111.9905 645.8162 52.0793
v  85.9252 647.2664 39.5061
v  75.1285 650.7673 9.1519
v  85.9251 654.2679 -21.2012
v  148.8523 633.4290 -33.1110
v  111.9903 635.4796 -50.8919
v  164.1209 628.4779 9.8165
v  148.8524 623.5268 52.7440
v  111.9905 621.4762 70.5249
v  75.1285 623.5268 52.7441
v  59.8599 628.4779 9.8166
v  75.1284 633.4290 -33.1109
# 51 vertices

vn -0.5895 0.5838 -0.5583
vn 0.6272 0.5404 -0.5609
vn 0.6710 0.0837 -0.7367
vn -0.8124 0.0114 -0.5830
vn 0.7967 0.0000 -0.6044
vn -0.4203 0.0243 -0.9070
vn 0.6169 -0.2269 -0.7536
vn -0.6207 -0.2265 -0.7506
vn 0.7890 -0.2723 -0.5507
vn -0.7890 -0.2724 -0.5507
vn 0.5844 -0.6072 -0.5383
vn -0.5845 -0.6072 -0.5383
vn 0.6107 -0.6895 0.3893
vn -0.6107 -0.6895 0.3893
vn 0.7548 -0.4417 0.4849
vn -0.7548 -0.4418 0.4849
vn 0.6409 -0.3831 0.6652
vn -0.6346 -0.3939 0.6649
vn 0.6170 -0.1492 0.7727
vn -0.2288 -0.1490 0.9620
vn 0.3616 -0.2163 0.9069
vn 0.6365 0.2847 0.7168
vn -0.5833 0.3035 0.7534
vn 0.0569 -0.2108 0.9759
vn 1.0000 -0.0090 0.0032
vn 0.4507 -0.7985 0.3992
vn -0.1381 -0.3088 0.9411
vn -0.6871 0.2814 0.6699
vn 0.1517 -0.0159 -0.9883
vn 0.6807 0.4181 -0.6015
vn -0.9999 -0.0125 0.0029
vn -0.4507 -0.7394 -0.5002
vn -0.7796 0.3188 -0.5391
vn 0.7686 0.5608 0.3078
vn 0.0000 0.9978 0.0656
vn 0.5293 0.6963 -0.4847
vn -0.0000 0.7107 -0.7035
vn 0.7486 0.6616 0.0435
vn 0.5293 0.6269 0.5717
vn 0.0000 0.6125 0.7905
vn -0.5293 0.6269 0.5717
vn -0.7486 0.6616 0.0435
vn -0.5293 0.6963 -0.4847
vn 0.7071 0.0464 -0.7056
vn -0.0000 0.0656 -0.9978
vn 1.0000 0.0000 -0.0000
vn 0.7071 -0.0464 0.7056
vn 0.0000 -0.0656 0.9978
vn -0.7071 -0.0464 0.7056
vn -1.0000 -0.0000 0.0000
vn -0.7071 0.0464 -0.7056
# 51 vertex normals

o Bip001_L_Calf
g Bip001_L_Calf
usemtl wire_028028177
s off
f 4714//4714 4715//4715 4716//4716 4717//4717 
f 4717//4717 4716//4716 4718//4718 4719//4719 
f 4719//4719 4718//4718 4720//4720 4721//4721 
f 4721//4721 4720//4720 4722//4722 4723//4723 
f 4723//4723 4722//4722 4724//4724 4725//4725 
f 4725//4725 4724//4724 4726//4726 4727//4727 
f 4727//4727 4726//4726 4728//4728 4729//4729 
f 4729//4729 4728//4728 4730//4730 4731//4731 
f 4731//4731 4730//4730 4732//4732 4733//4733 
s 256
f 4734//4734 4735//4735 4736//4736 4737//4737 
s 128
f 4733//4733 4732//4732 4734//4734 4737//4737 
s off
f 4735//4735 4738//4738 4739//4739 4740//4740 
f 4736//4736 4735//4735 4740//4740 4741//4741 
f 4742//4742 4743//4743 4715//4715 4714//4714 
f 4744//4744 4745//4745 4742//4742 4714//4714 
f 4723//4723 4725//4725 4727//4727 4729//4729 
s 2
f 4719//4719 4721//4721 4723//4723 4731//4731 
s off
f 4723//4723 4729//4729 4731//4731 
s 10
f 4719//4719 4731//4731 4733//4733 4746//4746 
s off
f 4746//4746 4733//4733 4737//4737 4736//4736 
s 40
f 4717//4717 4719//4719 4746//4746 4736//4736 
s 32
f 4714//4714 4717//4717 4736//4736 4744//4744 
s off
f 4722//4722 4728//4728 4726//4726 4724//4724 
f 4728//4728 4722//4722 4720//4720 4730//4730 
s 4
f 4718//4718 4732//4732 4730//4730 4720//4720 
s 16
f 4718//4718 4716//4716 4747//4747 4732//4732 
s 64
f 4715//4715 4738//4738 4735//4735 4716//4716 
s off
f 4748//4748 4749//4749 4750//4750 
f 4748//4748 4751//4751 4749//4749 
f 4748//4748 4752//4752 4751//4751 
f 4748//4748 4753//4753 4752//4752 
f 4748//4748 4754//4754 4753//4753 
f 4748//4748 4755//4755 4754//4754 
f 4748//4748 4756//4756 4755//4755 
f 4748//4748 4750//4750 4756//4756 
f 4750//4750 4749//4749 4757//4757 4758//4758 
f 4749//4749 4751//4751 4759//4759 4757//4757 
f 4751//4751 4752//4752 4760//4760 4759//4759 
f 4752//4752 4753//4753 4761//4761 4760//4760 
f 4753//4753 4754//4754 4762//4762 4761//4761 
f 4754//4754 4755//4755 4763//4763 4762//4762 
f 4755//4755 4756//4756 4764//4764 4763//4763 
f 4756//4756 4750//4750 4758//4758 4764//4764 
f 4758//4758 4757//4757 4743//4743 4742//4742 
f 4757//4757 4759//4759 4738//4738 4743//4743 
f 4759//4759 4760//4760 4739//4739 4738//4738 
f 4760//4760 4761//4761 4740//4740 4739//4739 
f 4761//4761 4762//4762 4741//4741 4740//4740 
f 4762//4762 4763//4763 4744//4744 4741//4741 
f 4763//4763 4764//4764 4745//4745 4744//4744 
f 4764//4764 4758//4758 4742//4742 4745//4745 
f 4736//4736 4741//4741 4744//4744 
f 4743//4743 4738//4738 4715//4715 
s 64
f 4747//4747 4716//4716 4735//4735 4734//4734 
s off
f 4747//4747 4734//4734 4732//4732 
# 43 polygons - 12 triangles

#
# object Bip001_L_Foot
#

v  63.8280 77.2584 -42.2313
v  111.9900 88.0068 -54.4603
v  98.3756 88.0068 -54.4603
v  84.8583 87.8823 -54.3959
v  92.7363 87.9084 -71.1537
v  98.3755 87.8389 -82.9577
v  98.3755 87.8101 -87.8472
v  84.8582 87.6863 -88.2721
v  98.3755 87.9780 -59.3497
v  111.9901 87.8101 -87.8472
v  63.8280 77.0234 -97.7372
v  63.8280 0.0966 -63.6400
v  159.1294 0.0966 -63.6401
v  159.1293 6.3606 -6.2681
v  63.8279 6.3606 -6.2682
v  176.2836 0.5357 88.2027
v  46.6737 0.5357 88.2027
v  176.2836 12.9927 90.4933
v  46.6737 12.9927 90.4933
v  176.2836 38.9819 8.5603
v  46.6736 38.9820 8.5602
v  159.1293 77.2584 -42.2314
v  138.0992 87.8822 -54.3958
v  125.6045 88.0068 -54.4603
v  125.6045 87.8101 -87.8473
v  159.1294 77.0234 -97.7373
v  147.8588 71.5674 -111.2086
v  75.0986 71.5674 -111.2085
v  175.9251 16.8302 -128.2179
v  47.0322 16.8302 -128.2177
v  125.6045 87.8389 -82.9578
v  131.2439 87.9084 -71.1538
v  138.0992 87.6863 -88.2721
v  125.6045 87.9780 -59.3498
v  56.2331 20.8032 0.2969
v  47.0322 -0.2123 -119.8020
v  175.9251 -0.2118 -119.6632
v  111.9901 118.8436 -71.3361
v  125.6045 113.4664 -83.1088
v  111.9901 113.4376 -87.9983
v  131.2439 113.5360 -71.3048
v  125.6045 113.6056 -59.5008
v  111.9900 113.6344 -54.6113
v  98.3756 113.6056 -59.5008
v  92.7363 113.5360 -71.3047
v  98.3755 113.4664 -83.1088
v  131.2438 100.6238 -87.9228
v  111.9900 100.5831 -94.8373
v  139.2190 100.7222 -71.2293
v  131.2438 100.8206 -54.5358
v  111.9900 100.8613 -47.6213
v  92.7362 100.8206 -54.5358
v  84.7610 100.7222 -71.2292
v  92.7363 100.6238 -87.9227
# 54 vertices

vn -0.6566 0.5938 0.4650
vn 0.0000 0.1926 0.9813
vn -0.0037 0.7908 0.6120
vn -0.2043 0.8737 0.4415
vn -0.6581 0.7529 -0.0042
vn -0.3532 0.6797 -0.6428
vn -0.0029 0.9629 -0.2698
vn -0.1970 0.8418 -0.5026
vn -0.3532 0.6873 0.6348
vn -0.0000 0.1434 -0.9897
vn -0.6601 0.5983 -0.4543
vn -0.5798 -0.7797 0.2363
vn 0.5796 -0.7798 0.2366
vn 0.5493 -0.8351 -0.0313
vn -0.5493 -0.8350 -0.0313
vn 0.6596 -0.6156 0.4312
vn -0.6304 -0.6282 0.4560
vn 0.6087 0.3437 0.7151
vn -0.6087 0.3437 0.7151
vn 0.9039 0.4187 0.0876
vn -0.9039 0.4187 0.0876
vn 0.6497 0.6073 0.4573
vn 0.2048 0.8735 0.4416
vn 0.0040 0.7912 0.6116
vn 0.0026 0.8360 -0.5488
vn 0.6600 0.5984 -0.4543
vn 0.1315 0.4636 -0.8763
vn -0.1315 0.4636 -0.8763
vn 0.8121 0.0419 -0.5821
vn -0.8132 0.0431 -0.5804
vn 0.3532 0.6797 -0.6428
vn 0.6593 0.7519 -0.0042
vn 0.1969 0.8412 -0.5036
vn 0.3532 0.6873 0.6348
vn -0.8284 -0.2434 -0.5045
vn -0.6920 -0.6249 -0.3613
vn 0.6924 -0.6257 -0.3593
vn 0.0000 1.0000 -0.0059
vn 0.4020 0.6179 -0.6757
vn -0.0000 0.5527 -0.8334
vn 0.7308 0.6826 -0.0040
vn 0.4020 0.6258 0.6684
vn 0.0000 0.5625 0.8268
vn -0.4020 0.6258 0.6684
vn -0.7308 0.6826 -0.0040
vn -0.4020 0.6179 -0.6757
vn 0.5549 -0.0049 -0.8319
vn -0.0000 -0.0059 -1.0000
vn 1.0000 -0.0000 0.0000
vn 0.5549 0.0049 0.8319
vn 0.0000 0.0059 1.0000
vn -0.5549 0.0049 0.8319
vn -1.0000 0.0000 -0.0000
vn -0.5549 -0.0049 -0.8319
# 54 vertex normals

o Bip001_L_Foot
g Bip001_L_Foot
usemtl wire_028028177
s off
f 4765//4765 4766//4766 4767//4767 4768//4768 
f 4769//4769 4770//4770 4771//4771 4772//4772 
f 4768//4768 4767//4767 4773//4773 4769//4769 
f 4772//4772 4771//4771 4774//4774 4775//4775 
f 4776//4776 4777//4777 4778//4778 4779//4779 
f 4779//4779 4778//4778 4780//4780 4781//4781 
f 4781//4781 4780//4780 4782//4782 4783//4783 
f 4783//4783 4782//4782 4784//4784 4785//4785 
f 4785//4785 4784//4784 4786//4786 4765//4765 
f 4786//4786 4787//4787 4788//4788 4766//4766 
f 4765//4765 4786//4786 4766//4766 
f 4774//4774 4789//4789 4790//4790 4775//4775 
f 4775//4775 4790//4790 4791//4791 4792//4792 
f 4792//4792 4791//4791 4793//4793 4794//4794 
f 4795//4795 4796//4796 4797//4797 4789//4789 
f 4798//4798 4788//4788 4787//4787 4796//4796 
f 4789//4789 4797//4797 4790//4790 
f 4781//4781 4783//4783 4785//4785 4799//4799 
f 4776//4776 4779//4779 4799//4799 4765//4765 
f 4799//4799 4785//4785 4765//4765 
f 4792//4792 4794//4794 4775//4775 
s 2
f 4775//4775 4794//4794 4800//4800 4765//4765 
s off
f 4775//4775 4765//4765 4768//4768 4772//4772 
f 4780//4780 4778//4778 4784//4784 4782//4782 
f 4786//4786 4784//4784 4778//4778 4777//4777 
s 2
f 4793//4793 4790//4790 4786//4786 4801//4801 
s off
f 4790//4790 4793//4793 4791//4791 
f 4790//4790 4797//4797 4787//4787 4786//4786 
f 4802//4802 4803//4803 4804//4804 
f 4802//4802 4805//4805 4803//4803 
f 4802//4802 4806//4806 4805//4805 
f 4802//4802 4807//4807 4806//4806 
f 4802//4802 4808//4808 4807//4807 
f 4802//4802 4809//4809 4808//4808 
f 4802//4802 4810//4810 4809//4809 
f 4802//4802 4804//4804 4810//4810 
f 4804//4804 4803//4803 4811//4811 4812//4812 
f 4803//4803 4805//4805 4813//4813 4811//4811 
f 4805//4805 4806//4806 4814//4814 4813//4813 
f 4806//4806 4807//4807 4815//4815 4814//4814 
f 4807//4807 4808//4808 4816//4816 4815//4815 
f 4808//4808 4809//4809 4817//4817 4816//4816 
f 4809//4809 4810//4810 4818//4818 4817//4817 
f 4810//4810 4804//4804 4812//4812 4818//4818 
f 4812//4812 4811//4811 4795//4795 4774//4774 
f 4811//4811 4813//4813 4796//4796 4795//4795 
f 4813//4813 4814//4814 4798//4798 4796//4796 
f 4814//4814 4815//4815 4766//4766 4798//4798 
f 4815//4815 4816//4816 4773//4773 4766//4766 
f 4816//4816 4817//4817 4769//4769 4773//4773 
f 4817//4817 4818//4818 4770//4770 4769//4769 
f 4818//4818 4812//4812 4774//4774 4770//4770 
f 4787//4787 4797//4797 4796//4796 
f 4773//4773 4767//4767 4766//4766 
f 4798//4798 4766//4766 4788//4788 
f 4768//4768 4769//4769 4772//4772 
f 4770//4770 4774//4774 4771//4771 
f 4774//4774 4795//4795 4789//4789 
f 4779//4779 4781//4781 4799//4799 
s 2
f 4800//4800 4776//4776 4765//4765 
f 4801//4801 4786//4786 4777//4777 
s off
f 4801//4801 4800//4800 4794//4794 4793//4793 
f 4777//4777 4776//4776 4800//4800 4801//4801 
# 41 polygons - 22 triangles

#
# object Bip001_L_Toe0
#

v  171.4828 59.3021 89.6347
v  56.8832 59.3021 89.6348
v  56.8831 41.4357 159.8922
v  171.4826 41.4356 159.8921
v  190.6779 30.0652 159.9591
v  190.6780 47.9317 89.7017
v  37.6879 47.9317 89.7018
v  37.6878 30.0653 159.9592
v  190.6780 -1.2998 89.9918
v  171.4828 -12.6701 90.0588
v  190.6779 -0.8864 160.1415
v  171.4826 -12.2567 160.2085
v  56.8831 -12.2567 160.2086
v  37.6878 -0.8864 160.1417
v  37.6878 -1.2998 89.9919
v  56.8832 -12.6701 90.0589
# 16 vertices

vn 0.3470 0.7671 -0.5396
vn -0.3470 0.7671 -0.5396
vn -0.3307 0.6354 0.6977
vn 0.3307 0.6354 0.6977
vn 0.7158 0.2139 0.6647
vn 0.7391 0.2937 -0.6062
vn -0.7391 0.2937 -0.6062
vn -0.7158 0.2139 0.6648
vn 0.7256 -0.2564 -0.6385
vn 0.3411 -0.7093 -0.6168
vn 0.7256 -0.2489 0.6415
vn 0.3411 -0.7020 0.6252
vn -0.3411 -0.7020 0.6252
vn -0.7256 -0.2489 0.6415
vn -0.7256 -0.2564 -0.6385
vn -0.3411 -0.7093 -0.6168
# 16 vertex normals

o Bip001_L_Toe0
g Bip001_L_Toe0
usemtl wire_108008136
s off
f 4819//4819 4820//4820 4821//4821 4822//4822 
f 4819//4819 4822//4822 4823//4823 4824//4824 
f 4821//4821 4820//4820 4825//4825 4826//4826 
f 4819//4819 4824//4824 4827//4827 4828//4828 
f 4824//4824 4823//4823 4829//4829 4827//4827 
f 4823//4823 4822//4822 4830//4830 4829//4829 
f 4822//4822 4821//4821 4831//4831 4830//4830 
f 4821//4821 4826//4826 4832//4832 4831//4831 
f 4826//4826 4825//4825 4833//4833 4832//4832 
f 4825//4825 4820//4820 4834//4834 4833//4833 
f 4820//4820 4819//4819 4828//4828 4834//4834 
f 4827//4827 4829//4829 4830//4830 4828//4828 
f 4832//4832 4833//4833 4834//4834 4831//4831 
f 4834//4834 4828//4828 4830//4830 4831//4831 
# 14 polygons

#
# object Bip001_R_Thigh
#

v  -71.8781 843.5598 -89.0949
v  -138.7674 843.5593 -89.0948
v  -116.6422 952.3857 -86.8889
v  -49.7529 952.3856 -86.8890
v  -75.5109 657.6173 -42.7203
v  -146.7236 657.6174 -42.7202
v  -75.0485 646.0277 -3.6856
v  -147.1859 646.0278 -3.6855
v  -75.0485 630.3831 -0.0675
v  -147.1859 630.3832 -0.0674
v  -75.0485 629.8602 21.5586
v  -147.1858 629.8602 21.5587
v  -75.0484 650.4366 34.1052
v  -147.1858 650.4366 34.1053
v  -75.5107 655.6844 67.2427
v  -146.7234 655.6845 67.2428
v  -71.8779 778.7291 92.9466
v  -156.7909 778.7291 92.9467
v  -49.7526 1003.9529 96.6141
v  -134.6656 1003.9529 96.6142
v  -75.5108 656.8675 -0.0452
v  -164.9071 977.6091 2.8700
v  -187.0323 811.7100 0.3384
v  -146.7235 656.6515 12.2178
v  -83.4918 991.5944 -35.8125
v  -82.4303 1012.7676 34.6450
v  -140.1736 991.6172 -35.8460
v  -140.0593 1012.7954 34.6936
v  -85.8854 1045.7782 -38.5020
v  -75.0949 1045.0361 -7.8264
v  -85.8146 1044.3014 22.5854
v  -138.0581 1045.7672 -38.1710
v  -111.9087 1046.0802 -51.0427
v  -138.0580 1044.2904 22.9155
v  -148.9192 1045.0331 -7.8092
v  -111.9182 1043.9946 35.2085
v  -111.9906 1093.4943 1.4572
v  -85.8508 1085.9218 -30.7367
v  -111.9906 1086.2275 -43.4042
v  -75.0234 1085.1820 -0.1548
v  -85.8515 1084.4423 30.4253
v  -111.9905 1084.1361 43.0929
v  -138.1304 1084.4423 30.4254
v  -148.9578 1085.1821 -0.1556
v  -138.1304 1085.9219 -30.7367
v  -75.0234 1066.1610 -47.2964
v  -111.9907 1066.5941 -65.2108
v  -59.7118 1065.1150 -4.0479
v  -75.0233 1064.0687 39.2016
v  -111.9905 1063.6356 57.1152
v  -148.9577 1064.0687 39.2007
v  -164.2702 1065.1151 -4.0478
v  -148.9579 1066.1610 -47.2963
# 53 vertices

vn 0.6541 -0.0995 -0.7498
vn -0.5017 -0.0071 -0.8650
vn -0.3881 0.2205 -0.8948
vn 0.6942 0.1969 -0.6923
vn 0.6211 -0.4150 -0.6649
vn -0.6297 -0.4032 -0.6640
vn 0.8198 -0.2917 -0.4928
vn -0.8186 -0.2914 -0.4949
vn 0.5884 -0.5831 -0.5602
vn -0.5884 -0.5831 -0.5602
vn 0.5879 -0.6614 0.4658
vn -0.5879 -0.6614 0.4658
vn -0.6204 -0.5452 0.5638
vn -0.8714 -0.2879 0.3973
vn 0.5922 -0.5042 0.6286
vn -0.5887 -0.5111 0.6262
vn 0.6989 -0.0460 0.7137
vn -0.5811 -0.0441 0.8126
vn 0.6442 0.5177 0.5631
vn -0.4833 0.5065 0.7140
vn 0.9955 0.0247 -0.0914
vn -0.9587 0.2538 -0.1281
vn -0.9920 -0.0363 -0.1207
vn -0.9983 -0.0587 -0.0037
vn 0.5325 0.4062 -0.7426
vn 0.7093 0.6280 0.3202
vn -0.6391 0.2240 -0.7358
vn -0.8678 0.2622 0.4220
vn 0.5604 0.5103 -0.6524
vn 0.9065 0.3937 -0.1528
vn 0.6331 0.5463 0.5484
vn -0.6693 0.5042 -0.5457
vn -0.1294 0.4480 -0.8846
vn -0.5449 0.5309 0.6491
vn -0.8899 0.4358 0.1346
vn 0.1513 0.4299 0.8901
vn 0.0000 0.9970 0.0778
vn 0.5293 0.7022 -0.4762
vn -0.0000 0.7192 -0.6948
vn 0.7486 0.6610 0.0516
vn 0.5293 0.6198 0.5793
vn 0.0000 0.6028 0.7979
vn -0.5294 0.6198 0.5793
vn -0.7486 0.6610 0.0516
vn -0.5293 0.7022 -0.4762
vn 0.7073 0.0544 -0.7048
vn -0.0004 0.0767 -0.9971
vn 1.0000 -0.0005 -0.0004
vn 0.7070 -0.0551 0.7051
vn 0.0007 -0.0776 0.9970
vn -0.7076 -0.0537 0.7046
vn -1.0000 -0.0006 -0.0007
vn -0.7071 0.0528 -0.7051
vn 0.3554 -0.2912 -0.8882
vn 0.8635 -0.3291 -0.3821
vn 0.8632 -0.3847 0.3271
vn 0.3567 -0.4239 0.8325
vn -0.3478 -0.4271 0.8346
vn -0.8633 -0.3833 0.3282
vn -0.8612 -0.3294 -0.3872
vn -0.3611 -0.2968 -0.8840
# 61 vertex normals

o Bip001_R_Thigh
g Bip001_R_Thigh
usemtl wire_006134006
s off
f 4835//4835 4836//4836 4837//4837 4838//4838 
f 4839//4839 4840//4840 4836//4836 4835//4835 
f 4841//4841 4842//4842 4840//4840 4839//4839 
f 4843//4843 4844//4844 4842//4842 4841//4841 
f 4845//4845 4846//4846 4844//4844 4843//4843 
f 4847//4847 4848//4848 4846//4846 4845//4845 
f 4849//4849 4850//4850 4848//4848 4847//4847 
f 4851//4851 4852//4852 4850//4850 4849//4849 
f 4853//4853 4854//4854 4852//4852 4851//4851 
s 8
f 4838//4838 4853//4853 4851//4851 4835//4835 
f 4839//4839 4835//4835 4851//4851 4855//4855 
f 4855//4855 4851//4851 4849//4849 4841//4841 
s off
f 4841//4841 4849//4849 4847//4847 4845//4845 
f 4843//4843 4841//4841 4845//4845 
s 2
f 4856//4856 4837//4837 4836//4836 4857//4857 
f 4836//4836 4840//4840 4858//4858 4857//4857 
s off
f 4850//4850 4858//4858 4842//4842 4848//4848 
s 4
f 4850//4850 4852//4852 4857//4857 4858//4858 
s off
f 4848//4848 4842//4842 4844//4844 4846//4846 
s 256
f 4838//4838 4859//4859 4860//4860 4853//4853 
s off
f 4837//4837 4861//4861 4859//4859 4838//4838 
f 4856//4856 4854//4854 4862//4862 4861//4861 
s 2
f 4856//4856 4861//4861 4837//4837 
s off
f 4853//4853 4860//4860 4862//4862 4854//4854 
s 64
f 4859//4859 4863//4863 4864//4864 4860//4860 
f 4864//4864 4865//4865 4860//4860 
s 128
f 4861//4861 4866//4866 4867//4867 4859//4859 
f 4867//4867 4863//4863 4859//4859 
s 16
f 4862//4862 4868//4868 4869//4869 4861//4861 
f 4869//4869 4866//4866 4861//4861 
s 32
f 4860//4860 4865//4865 4870//4870 4862//4862 
f 4870//4870 4868//4868 4862//4862 
s off
f 4870//4870 4864//4864 4863//4863 4868//4868 
f 4868//4868 4863//4863 4867//4867 4869//4869 
s 4
f 4854//4854 4856//4856 4857//4857 4852//4852 
s 8
f 4841//4841 4839//4839 4855//4855 
s off
f 4858//4858 4840//4840 4842//4842 
f 4869//4869 4867//4867 4866//4866 
f 4865//4865 4864//4864 4870//4870 
f 4871//4871 4872//4872 4873//4873 
f 4871//4871 4874//4874 4872//4872 
f 4871//4871 4875//4875 4874//4874 
f 4871//4871 4876//4876 4875//4875 
f 4871//4871 4877//4877 4876//4876 
f 4871//4871 4878//4878 4877//4877 
f 4871//4871 4879//4879 4878//4878 
f 4871//4871 4873//4873 4879//4879 
f 4873//4873 4872//4872 4880//4880 4881//4881 
f 4872//4872 4874//4874 4882//4882 4880//4880 
f 4874//4874 4875//4875 4883//4883 4882//4882 
f 4875//4875 4876//4876 4884//4884 4883//4883 
f 4876//4876 4877//4877 4885//4885 4884//4884 
f 4877//4877 4878//4878 4886//4886 4885//4885 
f 4878//4878 4879//4879 4887//4887 4886//4886 
f 4879//4879 4873//4873 4881//4881 4887//4887 
f 4881//4881 4863//4888 4867//4888 
f 4881//4881 4880//4880 4863//4863 
f 4880//4880 4864//4889 4863//4889 
f 4880//4880 4882//4882 4864//4864 
f 4882//4882 4865//4890 4864//4890 
f 4882//4882 4883//4883 4865//4865 
f 4883//4883 4870//4891 4865//4891 
f 4883//4883 4884//4884 4870//4870 
f 4884//4884 4868//4892 4870//4892 
f 4884//4884 4885//4885 4868//4868 
f 4885//4885 4869//4893 4868//4893 
f 4885//4885 4886//4886 4869//4869 
f 4886//4886 4866//4894 4869//4894 
f 4886//4886 4887//4887 4866//4866 
f 4887//4887 4867//4895 4866//4895 
f 4887//4887 4881//4881 4867//4867 
# 37 polygons - 34 triangles

#
# object Bip001_R_Calf
#

v  -33.7854 481.7538 -110.9864
v  -164.1116 481.7538 -110.9863
v  -151.0627 603.5998 -50.9288
v  -73.0338 603.5998 -50.9289
v  -83.8163 334.8775 -69.0632
v  -142.0858 334.8775 -69.0631
v  -78.3620 131.9111 -116.9055
v  -147.5404 131.9111 -116.9054
v  -78.3620 119.9488 -95.3674
v  -147.5404 119.9487 -95.3663
v  -78.3620 105.8544 -89.9494
v  -147.5404 105.8544 -89.9493
v  -78.3620 104.1898 -70.0509
v  -147.5403 104.1898 -70.0508
v  -78.3620 114.3126 -59.1427
v  -147.5403 114.3126 -59.1426
v  -78.3619 122.9767 -32.3648
v  -147.5394 122.9767 -32.3647
v  -95.2634 316.6516 -7.8356
v  -130.6386 316.6516 -7.8355
v  -73.0337 589.6730 65.5020
v  -151.0626 589.6730 65.5021
v  -130.2159 464.8438 31.7547
v  -95.0192 464.8088 29.4261
v  -138.0560 602.6884 40.8348
v  -148.8527 606.1885 10.4815
v  -111.9907 601.2382 53.4080
v  -85.9255 602.6884 40.8347
v  -138.0561 609.6894 -19.8727
v  -111.9908 611.1396 -32.4460
v  -85.9256 609.6894 -19.8727
v  -75.1288 606.1887 10.4804
v  -32.8117 471.4217 -30.6088
v  -167.7149 470.5220 -15.8047
v  -111.9908 655.7177 -33.7743
v  -138.0560 654.2679 -21.2009
v  -111.9907 659.9995 8.8780
v  -148.8527 650.7671 9.1533
v  -138.0560 647.2664 39.5064
v  -111.9907 645.8162 52.0797
v  -85.9255 647.2664 39.5064
v  -75.1288 650.7673 9.1521
v  -85.9255 654.2679 -21.2010
v  -111.9908 635.4796 -50.8916
v  -148.8528 633.4290 -33.1106
v  -164.1213 628.4779 9.8169
v  -148.8526 623.5268 52.7444
v  -111.9907 621.4762 70.5252
v  -75.1288 623.5268 52.7443
v  -59.8602 628.4779 9.8168
v  -75.1289 633.4290 -33.1107
# 51 vertices

vn 0.8124 0.0114 -0.5830
vn -0.7317 0.0550 -0.6794
vn -0.6272 0.5404 -0.5609
vn 0.5895 0.5838 -0.5583
vn 0.4203 0.0243 -0.9070
vn -0.7816 -0.0310 -0.6230
vn 0.6207 -0.2265 -0.7506
vn -0.6169 -0.2269 -0.7536
vn 0.7890 -0.2724 -0.5507
vn -0.7890 -0.2723 -0.5507
vn 0.5845 -0.6072 -0.5383
vn -0.5845 -0.6072 -0.5383
vn 0.6107 -0.6895 0.3893
vn -0.6107 -0.6895 0.3893
vn 0.7548 -0.4418 0.4849
vn -0.7548 -0.4417 0.4849
vn 0.6346 -0.3939 0.6649
vn -0.6409 -0.3831 0.6652
vn 0.2288 -0.1490 0.9620
vn -0.6273 -0.1196 0.7695
vn 0.5833 0.3035 0.7534
vn -0.6304 0.2970 0.7172
vn -0.3616 -0.2163 0.9069
vn -0.0569 -0.2108 0.9759
vn -0.4507 -0.7985 0.3992
vn -1.0000 -0.0090 0.0032
vn 0.1381 -0.3088 0.9411
vn 0.6871 0.2814 0.6699
vn -0.6807 0.4181 -0.6015
vn -0.1517 -0.0159 -0.9883
vn 0.4507 -0.7394 -0.5002
vn 0.9999 -0.0125 0.0029
vn 0.7796 0.3188 -0.5391
vn -0.7662 0.1882 -0.6144
vn -0.0000 0.7107 -0.7035
vn -0.5293 0.6963 -0.4847
vn 0.0000 0.9978 0.0656
vn -0.7486 0.6616 0.0435
vn -0.5293 0.6269 0.5717
vn 0.0000 0.6125 0.7905
vn 0.5294 0.6269 0.5717
vn 0.7486 0.6616 0.0435
vn 0.5293 0.6963 -0.4847
vn -0.0000 0.0656 -0.9978
vn -0.7071 0.0464 -0.7056
vn -1.0000 0.0000 -0.0000
vn -0.7071 -0.0464 0.7056
vn 0.0000 -0.0656 0.9978
vn 0.7071 -0.0464 0.7056
vn 1.0000 -0.0000 0.0000
vn 0.7071 0.0464 -0.7056
# 51 vertex normals

o Bip001_R_Calf
g Bip001_R_Calf
usemtl wire_006134006
s off
f 4888//4896 4889//4897 4890//4898 4891//4899 
f 4892//4900 4893//4901 4889//4897 4888//4896 
f 4894//4902 4895//4903 4893//4901 4892//4900 
f 4896//4904 4897//4905 4895//4903 4894//4902 
f 4898//4906 4899//4907 4897//4905 4896//4904 
f 4900//4908 4901//4909 4899//4907 4898//4906 
f 4902//4910 4903//4911 4901//4909 4900//4908 
f 4904//4912 4905//4913 4903//4911 4902//4910 
f 4906//4914 4907//4915 4905//4913 4904//4912 
s 256
f 4908//4916 4909//4917 4910//4918 4911//4919 
s 128
f 4911//4919 4910//4918 4907//4915 4906//4914 
s off
f 4912//4920 4913//4921 4909//4917 4914//4922 
f 4914//4922 4909//4917 4908//4916 4915//4923 
f 4891//4899 4890//4898 4916//4924 4917//4925 
f 4891//4899 4917//4925 4918//4926 4919//4927 
f 4900//4908 4898//4906 4896//4904 4902//4910 
s 2
f 4904//4912 4896//4904 4894//4902 4892//4900 
s off
f 4904//4912 4902//4910 4896//4904 
s 10
f 4906//4914 4904//4912 4892//4900 4920//4928 
s off
f 4911//4919 4906//4914 4920//4928 4908//4916 
s 40
f 4908//4916 4920//4928 4892//4900 4888//4896 
s 32
f 4908//4916 4888//4896 4891//4899 4919//4927 
s off
f 4899//4907 4901//4909 4903//4911 4897//4905 
f 4905//4913 4895//4903 4897//4905 4903//4911 
s 4
f 4895//4903 4905//4913 4907//4915 4893//4901 
s 16
f 4907//4915 4910//4918 4921//4929 4893//4901 
s 80
f 4893//4901 4921//4929 4909//4917 4889//4897 
s 64
f 4889//4897 4909//4917 4913//4921 4890//4898 
s off
f 4922//4930 4923//4931 4924//4932 
f 4923//4931 4925//4933 4924//4932 
f 4925//4933 4926//4934 4924//4932 
f 4926//4934 4927//4935 4924//4932 
f 4927//4935 4928//4936 4924//4932 
f 4928//4936 4929//4937 4924//4932 
f 4929//4937 4930//4938 4924//4932 
f 4930//4938 4922//4930 4924//4932 
f 4931//4939 4932//4940 4923//4931 4922//4930 
f 4932//4940 4933//4941 4925//4933 4923//4931 
f 4933//4941 4934//4942 4926//4934 4925//4933 
f 4934//4942 4935//4943 4927//4935 4926//4934 
f 4935//4943 4936//4944 4928//4936 4927//4935 
f 4936//4944 4937//4945 4929//4937 4928//4936 
f 4937//4945 4938//4946 4930//4938 4929//4937 
f 4938//4946 4931//4939 4922//4930 4930//4938 
f 4917//4925 4916//4924 4932//4940 4931//4939 
f 4916//4924 4913//4921 4933//4941 4932//4940 
f 4913//4921 4912//4920 4934//4942 4933//4941 
f 4912//4920 4914//4922 4935//4943 4934//4942 
f 4914//4922 4915//4923 4936//4944 4935//4943 
f 4915//4923 4919//4927 4937//4945 4936//4944 
f 4919//4927 4918//4926 4938//4946 4937//4945 
f 4918//4926 4917//4925 4931//4939 4938//4946 
f 4919//4927 4915//4923 4908//4916 
f 4890//4898 4913//4921 4916//4924 
f 4910//4918 4909//4917 4921//4929 
# 43 polygons - 12 triangles

#
# object Bip001_R_Foot
#

v  -160.1532 77.2584 -42.2309
v  -111.9912 88.0068 -54.4600
v  -125.6056 88.0068 -54.4599
v  -139.1229 87.8823 -54.3956
v  -131.2449 87.9084 -71.1534
v  -125.6057 87.8389 -82.9574
v  -125.6057 87.8101 -87.8469
v  -139.1230 87.6863 -88.2718
v  -125.6056 87.9780 -59.3494
v  -111.9911 87.8101 -87.8469
v  -160.1532 77.0234 -97.7369
v  -160.1532 0.0966 -63.6397
v  -64.8518 0.0966 -63.6398
v  -64.8518 6.3606 -6.2678
v  -160.1532 6.3606 -6.2679
v  -47.6976 0.5357 88.2030
v  -177.3074 0.5357 88.2030
v  -47.6976 12.9927 90.4936
v  -177.3074 12.9927 90.4936
v  -47.6976 38.9819 8.5606
v  -177.3076 38.9820 8.5605
v  -64.8519 77.2584 -42.2311
v  -85.8820 87.8822 -54.3955
v  -98.3767 88.0068 -54.4600
v  -98.3767 87.8101 -87.8469
v  -64.8518 77.0234 -97.7370
v  -76.1223 71.5674 -111.2083
v  -148.8826 71.5674 -111.2082
v  -48.0561 16.8302 -128.2176
v  -176.9490 16.8302 -128.2174
v  -98.3767 87.8389 -82.9575
v  -92.7373 87.9084 -71.1535
v  -85.8820 87.6863 -88.2718
v  -98.3767 87.9780 -59.3495
v  -167.7481 20.8032 0.2972
v  -176.9490 -0.2123 -119.8017
v  -48.0561 -0.2118 -119.6629
v  -111.9911 118.8436 -71.3358
v  -98.3767 113.4664 -83.1085
v  -111.9911 113.4376 -87.9980
v  -92.7373 113.5360 -71.3045
v  -98.3767 113.6056 -59.5005
v  -111.9912 113.6344 -54.6110
v  -125.6056 113.6056 -59.5005
v  -131.2449 113.5360 -71.3044
v  -125.6057 113.4664 -83.1085
v  -92.7374 100.6238 -87.9225
v  -111.9911 100.5831 -94.8370
v  -84.7622 100.7222 -71.2290
v  -92.7374 100.8206 -54.5355
v  -111.9912 100.8613 -47.6210
v  -131.2450 100.8206 -54.5354
v  -139.2202 100.7222 -71.2289
v  -131.2449 100.6238 -87.9224
# 54 vertices

vn -0.6566 0.5938 0.4650
vn 0.0000 0.1926 0.9813
vn -0.0037 0.7908 0.6120
vn -0.2043 0.8737 0.4415
vn -0.6581 0.7529 -0.0042
vn -0.3532 0.6797 -0.6428
vn -0.0029 0.9629 -0.2698
vn -0.1970 0.8418 -0.5026
vn -0.3532 0.6873 0.6348
vn -0.0000 0.1434 -0.9897
vn -0.6601 0.5983 -0.4543
vn -0.5798 -0.7797 0.2363
vn 0.5796 -0.7798 0.2366
vn 0.5493 -0.8351 -0.0313
vn -0.5493 -0.8350 -0.0313
vn 0.6596 -0.6156 0.4312
vn -0.6304 -0.6282 0.4560
vn 0.6087 0.3437 0.7151
vn -0.6087 0.3437 0.7151
vn 0.9039 0.4187 0.0876
vn -0.9039 0.4187 0.0876
vn 0.6497 0.6073 0.4573
vn 0.2048 0.8735 0.4416
vn 0.0040 0.7912 0.6116
vn 0.0026 0.8360 -0.5488
vn 0.6600 0.5984 -0.4543
vn 0.1315 0.4636 -0.8763
vn -0.1315 0.4636 -0.8763
vn 0.8121 0.0419 -0.5821
vn -0.8132 0.0431 -0.5804
vn 0.3532 0.6797 -0.6428
vn 0.6593 0.7519 -0.0042
vn 0.1969 0.8412 -0.5036
vn 0.3532 0.6873 0.6348
vn -0.8284 -0.2434 -0.5045
vn -0.6920 -0.6249 -0.3613
vn 0.6924 -0.6257 -0.3593
vn 0.0000 1.0000 -0.0059
vn 0.4020 0.6179 -0.6757
vn -0.0000 0.5527 -0.8334
vn 0.7308 0.6826 -0.0040
vn 0.4020 0.6258 0.6684
vn 0.0000 0.5625 0.8268
vn -0.4020 0.6258 0.6684
vn -0.7308 0.6826 -0.0040
vn -0.4020 0.6179 -0.6757
vn 0.5549 -0.0049 -0.8319
vn -0.0000 -0.0059 -1.0000
vn 1.0000 -0.0000 0.0000
vn 0.5549 0.0049 0.8319
vn 0.0000 0.0059 1.0000
vn -0.5549 0.0049 0.8319
vn -1.0000 0.0000 -0.0000
vn -0.5549 -0.0049 -0.8319
# 54 vertex normals

o Bip001_R_Foot
g Bip001_R_Foot
usemtl wire_006134006
s off
f 4939//4947 4940//4948 4941//4949 4942//4950 
f 4943//4951 4944//4952 4945//4953 4946//4954 
f 4942//4950 4941//4949 4947//4955 4943//4951 
f 4946//4954 4945//4953 4948//4956 4949//4957 
f 4950//4958 4951//4959 4952//4960 4953//4961 
f 4953//4961 4952//4960 4954//4962 4955//4963 
f 4955//4963 4954//4962 4956//4964 4957//4965 
f 4957//4965 4956//4964 4958//4966 4959//4967 
f 4959//4967 4958//4966 4960//4968 4939//4947 
f 4960//4968 4961//4969 4962//4970 4940//4948 
f 4939//4947 4960//4968 4940//4948 
f 4948//4956 4963//4971 4964//4972 4949//4957 
f 4949//4957 4964//4972 4965//4973 4966//4974 
f 4966//4974 4965//4973 4967//4975 4968//4976 
f 4969//4977 4970//4978 4971//4979 4963//4971 
f 4972//4980 4962//4970 4961//4969 4970//4978 
f 4963//4971 4971//4979 4964//4972 
f 4955//4963 4957//4965 4959//4967 4973//4981 
f 4950//4958 4953//4961 4973//4981 4939//4947 
f 4973//4981 4959//4967 4939//4947 
f 4966//4974 4968//4976 4949//4957 
s 2
f 4949//4957 4968//4976 4974//4982 4939//4947 
s off
f 4949//4957 4939//4947 4942//4950 4946//4954 
f 4954//4962 4952//4960 4958//4966 4956//4964 
f 4960//4968 4958//4966 4952//4960 4951//4959 
s 2
f 4967//4975 4964//4972 4960//4968 4975//4983 
s off
f 4964//4972 4967//4975 4965//4973 
f 4964//4972 4971//4979 4961//4969 4960//4968 
f 4976//4984 4977//4985 4978//4986 
f 4976//4984 4979//4987 4977//4985 
f 4976//4984 4980//4988 4979//4987 
f 4976//4984 4981//4989 4980//4988 
f 4976//4984 4982//4990 4981//4989 
f 4976//4984 4983//4991 4982//4990 
f 4976//4984 4984//4992 4983//4991 
f 4976//4984 4978//4986 4984//4992 
f 4978//4986 4977//4985 4985//4993 4986//4994 
f 4977//4985 4979//4987 4987//4995 4985//4993 
f 4979//4987 4980//4988 4988//4996 4987//4995 
f 4980//4988 4981//4989 4989//4997 4988//4996 
f 4981//4989 4982//4990 4990//4998 4989//4997 
f 4982//4990 4983//4991 4991//4999 4990//4998 
f 4983//4991 4984//4992 4992//5000 4991//4999 
f 4984//4992 4978//4986 4986//4994 4992//5000 
f 4986//4994 4985//4993 4969//4977 4948//4956 
f 4985//4993 4987//4995 4970//4978 4969//4977 
f 4987//4995 4988//4996 4972//4980 4970//4978 
f 4988//4996 4989//4997 4940//4948 4972//4980 
f 4989//4997 4990//4998 4947//4955 4940//4948 
f 4990//4998 4991//4999 4943//4951 4947//4955 
f 4991//4999 4992//5000 4944//4952 4943//4951 
f 4992//5000 4986//4994 4948//4956 4944//4952 
f 4961//4969 4971//4979 4970//4978 
f 4947//4955 4941//4949 4940//4948 
f 4972//4980 4940//4948 4962//4970 
f 4942//4950 4943//4951 4946//4954 
f 4944//4952 4948//4956 4945//4953 
f 4948//4956 4969//4977 4963//4971 
f 4953//4961 4955//4963 4973//4981 
s 2
f 4974//4982 4950//4958 4939//4947 
f 4975//4983 4960//4968 4951//4959 
s off
f 4975//4983 4974//4982 4968//4976 4967//4975 
f 4951//4959 4950//4958 4974//4982 4975//4983 
# 41 polygons - 22 triangles

#
# object Bip001_R_Toe0
#

v  -52.4984 59.3021 89.6350
v  -167.0980 59.3021 89.6351
v  -167.0981 41.4357 159.8925
v  -52.4986 41.4356 159.8924
v  -33.3033 30.0652 159.9594
v  -33.3032 47.9317 89.7020
v  -186.2933 47.9317 89.7021
v  -186.2934 30.0653 159.9595
v  -33.3032 -1.2998 89.9921
v  -52.4984 -12.6701 90.0591
v  -33.3033 -0.8864 160.1418
v  -52.4986 -12.2567 160.2088
v  -167.0981 -12.2567 160.2089
v  -186.2934 -0.8864 160.1420
v  -186.2934 -1.2998 89.9922
v  -167.0980 -12.6701 90.0592
# 16 vertices

vn 0.3470 0.7671 -0.5396
vn -0.3470 0.7671 -0.5396
vn -0.3307 0.6354 0.6977
vn 0.3307 0.6354 0.6977
vn 0.7158 0.2139 0.6647
vn 0.7391 0.2937 -0.6062
vn -0.7391 0.2937 -0.6062
vn -0.7158 0.2139 0.6648
vn 0.7256 -0.2564 -0.6385
vn 0.3411 -0.7093 -0.6168
vn 0.7256 -0.2489 0.6415
vn 0.3411 -0.7020 0.6252
vn -0.3411 -0.7020 0.6252
vn -0.7256 -0.2489 0.6415
vn -0.7256 -0.2564 -0.6385
vn -0.3411 -0.7093 -0.6168
# 16 vertex normals

o Bip001_R_Toe0
g Bip001_R_Toe0
usemtl wire_113134006
s off
f 4993//5001 4994//5002 4995//5003 4996//5004 
f 4993//5001 4996//5004 4997//5005 4998//5006 
f 4995//5003 4994//5002 4999//5007 5000//5008 
f 4993//5001 4998//5006 5001//5009 5002//5010 
f 4998//5006 4997//5005 5003//5011 5001//5009 
f 4997//5005 4996//5004 5004//5012 5003//5011 
f 4996//5004 4995//5003 5005//5013 5004//5012 
f 4995//5003 5000//5008 5006//5014 5005//5013 
f 5000//5008 4999//5007 5007//5015 5006//5014 
f 4999//5007 4994//5002 5008//5016 5007//5015 
f 4994//5002 4993//5001 5002//5010 5008//5016 
f 5001//5009 5003//5011 5004//5012 5002//5010 
f 5006//5014 5007//5015 5008//5016 5005//5013 
f 5008//5016 5002//5010 5004//5012 5005//5013 
# 14 polygons

#
# object Head
#

v  19.1276 1672.6743 78.6115
v  15.2594 1674.1423 82.5703
v  14.1529 1663.1757 82.0846
v  18.3843 1662.6871 77.9171
v  10.3976 1675.6799 86.8345
v  5.3321 1676.3137 91.8584
v  4.6335 1665.1993 92.6941
v  9.1871 1664.3992 87.1907
v  15.1856 1688.9673 90.1521
v  8.3588 1689.1770 96.7335
v  24.8957 1683.9684 80.7195
v  20.8556 1687.3069 85.0011
v  22.8393 1654.4296 78.6311
v  25.1153 1654.8049 73.3950
v  20.5729 1662.3350 73.5660
v  26.5614 1680.6775 76.6666
v  35.4106 1687.8295 77.5905
v  34.9672 1694.8546 81.6021
v  46.1381 1691.4391 75.7088
v  47.7218 1698.6541 77.8060
v  57.4815 1692.3063 72.6801
v  59.9987 1699.1310 73.0345
v  67.6660 1690.7438 68.8481
v  70.8551 1697.3605 67.1128
v  75.4115 1687.2621 63.4032
v  79.0504 1693.3835 59.4656
v  84.0800 1687.4952 51.8076
v  80.2386 1682.7305 57.8119
v  82.1664 1676.9741 54.4033
v  85.8817 1679.3694 46.8978
v  80.6863 1656.1410 53.4554
v  84.6142 1668.3165 47.1633
v  81.1582 1669.1278 54.5523
v  77.4877 1660.5142 58.8110
v  40.4333 1646.6392 77.6703
v  41.9717 1648.1366 73.1031
v  32.8220 1650.0887 73.2798
v  31.2882 1649.4048 78.5174
v  61.5203 1645.1422 73.3376
v  61.1287 1650.5907 71.0203
v  51.3439 1648.6948 72.7389
v  50.2994 1645.6072 76.4246
v  72.7176 1646.5298 64.8545
v  70.8830 1653.8785 66.2479
v  0.0000 1651.4741 109.4043
v  0.0000 1647.9308 116.4022
v  4.5722 1646.2367 107.8155
v  4.9537 1650.6886 103.2897
v  10.5589 1655.4830 91.3372
v  5.0976 1656.8586 97.3815
v  18.4041 1652.7002 84.3355
v  8.9259 1643.7880 101.3666
v  10.3872 1648.8424 96.9041
v  7.1361 1639.5280 104.4613
v  3.9811 1642.2936 109.3677
v  3.0568 1638.7605 109.3954
v  4.3671 1635.6123 106.8246
v  0.0000 1643.7114 114.9645
v  16.5960 1645.7097 91.0930
v  6.1323 1631.2937 104.2415
v  10.4858 1635.6740 100.6044
v  0.0000 1633.6570 108.5506
v  0.0000 1628.8190 106.0090
v  13.7616 1640.3719 96.2790
v  12.1250 1706.5168 101.2515
v  23.1754 1706.1198 94.9905
v  33.6407 1704.6754 87.4749
v  19.2714 1636.4144 92.3253
v  14.2641 1631.3943 97.2065
v  18.8493 1626.8419 93.6835
v  25.5948 1632.2965 89.2302
v  24.4326 1641.9794 88.0709
v  0.0000 1662.3906 96.6487
v  0.0000 1656.9700 100.5739
v  0.0000 1638.7057 111.7335
v  8.2542 1626.7961 101.9790
v  32.7788 1638.3848 86.3994
v  0.0000 1625.6621 104.5965
v  11.3712 1620.9802 99.5115
v  9.0215 1614.5862 99.8317
v  0.0000 1614.2163 103.0589
v  -0.0000 1610.6118 98.6266
v  7.2378 1610.4276 96.7126
v  8.2186 1603.5387 96.9142
v  -0.0000 1603.5598 98.5988
v  -0.0000 1597.0490 92.5511
v  8.6546 1597.1632 91.7563
v  15.2270 1613.8213 95.0705
v  18.8014 1618.0337 93.6030
v  16.2590 1598.3817 89.3021
v  14.1457 1603.7826 92.8662
v  19.9295 1612.2388 90.9913
v  23.8300 1614.6907 89.5771
v  22.2456 1601.1587 86.4597
v  19.0331 1604.5055 89.5204
v  23.0153 1606.2650 87.4412
v  26.0497 1605.1781 85.3459
v  26.6381 1610.2032 86.7214
v  23.3388 1609.5439 88.2682
v  19.7360 1608.1217 89.1149
v  16.8018 1608.6740 90.6845
v  12.7341 1609.5477 93.4223
v  -0.0000 1588.0963 88.9532
v  10.0005 1589.0834 87.1683
v  24.6237 1622.5574 89.8044
v  19.5365 1591.6409 83.5830
v  29.7681 1617.6512 86.4401
v  27.5183 1596.6047 80.3224
v  32.5930 1611.3373 83.3451
v  32.1441 1604.0238 80.7078
v  41.2491 1634.3289 83.4562
v  48.0249 1641.2993 79.7553
v  38.2765 1644.1407 82.2523
v  32.4697 1627.8188 86.2946
v  29.0370 1647.4628 83.5750
v  49.6927 1629.3876 78.4372
v  59.0395 1638.2426 74.7684
v  38.7394 1622.3291 82.4675
v  10.5892 1579.3751 81.4207
v  -0.0000 1576.9435 86.3427
v  21.4706 1582.8376 74.0442
v  34.3342 1590.3870 65.6175
v  42.6913 1614.8224 77.5459
v  41.9118 1604.4425 71.5003
v  55.9425 1622.3690 70.1711
v  70.2535 1635.5620 61.0844
v  56.2126 1612.5564 59.3557
v  71.0490 1626.5321 45.6087
v  82.0860 1645.0800 31.4762
v  82.0498 1651.1259 45.3692
v  86.8411 1667.4933 38.0958
v  88.2248 1665.7814 25.3361
v  91.1917 1684.9656 27.5437
v  88.6670 1682.0092 38.3884
v  44.7231 1727.3284 90.2099
v  50.5330 1707.8511 79.8536
v  58.5803 1724.8572 80.9526
v  63.3334 1707.4163 72.5560
v  70.0798 1721.8153 70.6208
v  74.0010 1704.8004 64.1601
v  79.0978 1716.8811 58.9986
v  82.1993 1699.8713 54.4132
v  86.3705 1709.7010 46.6904
v  15.9781 1730.7046 102.5576
v  30.9801 1729.4163 97.3598
v  0.0000 1619.4966 104.1989
v  0.0000 1731.0710 104.9467
v  0.0000 1706.7692 103.9846
v  51.7735 1601.8423 47.9302
v  68.0562 1617.4883 31.5397
v  80.3777 1638.8115 15.5259
v  88.5810 1665.7847 10.2214
v  92.9979 1688.8242 16.4256
v  94.1111 1706.9473 25.1011
v  91.0881 1699.7010 34.7327
v  52.3183 1751.6361 83.6598
v  65.7436 1746.0735 74.7044
v  76.0265 1739.5077 63.8665
v  84.0779 1731.3589 51.4895
v  90.4721 1720.7534 38.2273
v  0.0001 1759.8624 99.0781
v  19.1111 1758.8834 96.4462
v  36.6576 1756.0101 90.7201
v  87.3115 1692.5676 44.7548
v  56.5026 1774.7224 68.1874
v  69.7941 1766.1516 59.9571
v  79.9393 1756.4447 50.5785
v  87.6864 1745.3507 40.1752
v  93.5564 1730.9399 28.1377
v  96.2462 1713.5190 15.6288
v  0.0001 1788.0819 82.6395
v  20.9572 1786.3297 80.2828
v  40.0662 1781.6024 74.9730
v  59.0334 1793.4799 46.4552
v  72.8621 1782.7686 40.2169
v  83.3403 1770.6934 33.2682
v  90.8048 1757.0696 25.4913
v  97.3338 1719.3632 5.6620
v  95.8526 1739.6643 15.9436
v  0.0001 1809.4677 56.5567
v  21.4547 1807.5519 55.1895
v  41.6706 1802.0206 51.6029
v  60.3796 1805.4337 19.7908
v  74.8222 1793.7085 16.3928
v  85.5592 1780.2139 12.5009
v  92.9111 1764.7426 7.8416
v  97.2318 1745.2572 1.6842
v  97.5480 1723.2557 -5.0983
v  21.5504 1820.2343 24.6769
v  42.2400 1814.5582 22.6654
v  60.6271 1808.8071 -9.9195
v  75.2607 1796.8824 -10.1982
v  85.8749 1783.1296 -10.5504
v  93.0994 1767.0815 -11.5552
v  97.1415 1746.8650 -13.7860
v  96.9879 1724.1265 -16.7212
v  21.4186 1822.9989 -8.7050
v  42.1674 1817.7393 -9.3651
v  59.8029 1802.6390 -40.1920
v  74.2065 1791.6337 -37.1549
v  84.4349 1779.0059 -33.7030
v  91.5568 1763.7919 -30.8363
v  95.6208 1744.6187 -29.2107
v  95.7781 1723.1705 -28.8861
v  0.0001 1816.8986 -42.6582
v  0.0001 1824.7206 -8.4273
v  20.8956 1815.4850 -42.5628
v  41.3643 1810.8604 -41.9547
v  57.7892 1785.7146 -67.6462
v  71.8298 1776.5958 -61.5575
v  81.7837 1766.4955 -54.6571
v  88.8649 1753.7480 -48.1315
v  92.9919 1738.2368 -42.9513
v  93.6596 1721.0994 -40.0304
v  20.2223 1797.2152 -73.6369
v  39.9289 1792.9042 -71.6780
v  53.8475 1758.2800 -87.6338
v  67.4869 1751.4677 -79.6124
v  77.6867 1743.9705 -70.4678
v  84.9268 1734.7185 -61.1733
v  89.2801 1725.2301 -53.0476
v  91.0793 1717.7496 -47.6693
v  19.1919 1766.8162 -96.5314
v  37.4587 1763.4486 -93.3324
v  48.2755 1723.0845 -96.8195
v  60.7881 1718.8672 -88.4018
v  70.9857 1714.0902 -78.6040
v  78.4577 1708.6455 -68.1209
v  83.4525 1703.0782 -57.9559
v  87.1079 1699.9124 -48.5527
v  17.5282 1728.3875 -107.4319
v  33.8513 1726.2373 -103.3931
v  94.3291 1694.6394 6.1548
v  94.6890 1699.6052 -2.4328
v  94.2298 1702.1191 -10.2971
v  93.0539 1701.4160 -18.9476
v  91.6652 1699.7128 -29.1462
v  89.9376 1699.3118 -39.0971
v  82.3184 1669.8669 -26.1687
v  80.7054 1669.1932 -37.4352
v  78.4963 1671.8794 -48.0285
v  74.5212 1674.2924 -57.9222
v  69.0453 1677.3137 -68.1234
v  61.5669 1680.1793 -78.1950
v  51.9590 1682.7843 -87.2904
v  41.0197 1684.8431 -94.7411
v  28.8960 1686.3860 -101.1195
v  15.2048 1687.5186 -105.8219
v  0.0000 1687.9683 -107.4692
v  0.0000 1729.2419 -108.6995
v  74.9184 1630.6708 2.3926
v  60.0344 1608.4473 18.7600
v  42.5897 1593.9675 35.8536
v  28.7219 1584.9155 52.5348
v  18.2903 1579.1626 64.9769
v  9.1396 1575.3583 74.2437
v  -0.0000 1573.4430 79.5111
v  0.0001 1822.1055 25.3893
v  0.0001 1798.6316 -74.1579
v  0.0001 1768.1343 -97.5199
v  75.2251 1654.1429 -30.1692
v  64.9694 1640.5127 -44.8632
v  65.7880 1637.3422 -35.9779
v  61.6753 1642.6221 -53.8748
v  56.6496 1643.9375 -63.3328
v  49.9314 1645.7783 -71.4583
v  41.9287 1647.2502 -78.9019
v  32.6884 1648.3121 -85.0372
v  22.6864 1648.9495 -90.3317
v  11.9652 1649.4064 -94.8682
v  6.5579 1576.0480 67.8033
v  10.0970 1578.5533 59.1242
v  -0.0000 1580.9128 43.4567
v  14.3502 1581.8806 45.3044
v  -0.0000 1578.3542 57.7443
v  -0.0000 1578.7615 29.0085
v  21.4021 1583.4977 27.0775
v  43.9679 1595.5349 8.4003
v  67.5066 1629.9298 -7.1864
v  48.7120 1600.6248 -9.0344
v  64.0086 1629.4727 -15.6833
v  49.6595 1603.0933 -18.9743
v  63.3825 1629.9153 -22.1526
v  50.1614 1604.6969 -26.1633
v  63.8772 1632.0153 -28.2163
v  50.1916 1607.1660 -33.4692
v  49.0331 1609.1233 -41.0348
v  47.1790 1611.3405 -48.8796
v  43.5947 1612.3326 -56.3690
v  38.7388 1613.2202 -63.3411
v  32.7028 1615.0222 -68.9955
v  24.8529 1615.7690 -73.0079
v  16.9073 1617.3724 -76.0063
v  8.4497 1617.5864 -78.3125
v  -0.0000 1617.4651 -79.3321
v  0.0000 1649.4614 -96.9007
v  99.1197 1680.9741 -7.3155
v  98.6091 1690.0391 -11.9148
v  93.1761 1688.1503 -6.7384
v  92.6895 1680.4944 -1.0113
v  104.4300 1681.2518 -14.8795
v  104.6921 1689.3854 -18.6900
v  109.1294 1676.5627 -19.9921
v  109.1331 1681.5090 -25.0885
v  111.2712 1669.0793 -22.6679
v  111.3384 1670.6570 -29.5398
v  111.3190 1662.1770 -22.4951
v  108.5815 1653.8414 -20.2777
v  107.9015 1651.9244 -27.1770
v  111.0790 1662.1292 -30.0424
v  103.4924 1647.0839 -16.1352
v  101.6429 1643.5359 -21.6745
v  95.5996 1641.2820 -9.9487
v  93.0790 1636.8108 -14.7865
v  85.9776 1635.6804 -3.1643
v  83.5583 1630.6432 -6.4793
v  94.6059 1686.0441 -16.4733
v  91.8598 1688.5917 -11.0119
v  102.3730 1670.8187 -28.7803
v  100.8435 1678.3193 -25.7268
v  97.9664 1683.6052 -21.3221
v  101.9080 1664.1952 -29.3355
v  98.9545 1655.6086 -28.0623
v  94.3065 1647.6979 -24.9738
v  87.6769 1641.2878 -20.1237
v  78.5238 1632.6847 -9.9713
v  88.2751 1683.9047 -18.9434
v  89.2571 1678.6544 -20.4352
v  92.7871 1670.0573 -24.1583
v  92.1287 1673.4248 -23.6052
v  90.9518 1676.3091 -22.3235
v  92.4630 1666.8711 -24.3425
v  88.2472 1658.6299 -24.3928
v  90.8148 1662.7922 -24.3818
v  84.7029 1654.6946 -24.5274
v  93.4515 1671.4248 -8.5841
v  88.7664 1670.1479 -1.3530
v  99.7247 1671.1440 -15.8188
v  104.3946 1669.0895 -21.7445
v  107.9980 1666.7855 -21.2495
v  107.2513 1662.0275 -20.5070
v  106.2117 1655.7844 -18.5484
v  102.3159 1651.6327 -15.9790
v  95.0975 1647.5583 -11.2893
v  86.1492 1643.3461 -4.8717
v  79.1414 1637.8440 2.6214
v  80.6133 1651.7578 -23.8944
v  85.8166 1659.2009 0.1632
v  88.5178 1659.3568 -8.1881
v  96.9933 1660.1348 -14.1634
v  102.5228 1660.7953 -20.2934
v  77.0516 1651.2064 -22.7044
v  74.6848 1651.6788 -23.4480
v  74.2121 1651.5420 -26.3886
v  23.6639 1661.5968 62.2001
v  21.8388 1661.8044 68.4206
v  26.8418 1655.0135 67.2861
v  28.5032 1655.8584 61.8550
v  23.0303 1669.2875 62.3455
v  21.9214 1670.8285 70.7219
v  26.3429 1677.1893 60.8643
v  26.9410 1678.4547 72.4322
v  33.9585 1682.2673 60.0814
v  34.8690 1683.2444 72.6249
v  45.7545 1684.3010 61.2893
v  44.6402 1685.9994 71.9563
v  57.0250 1683.3452 63.2575
v  55.1024 1686.5704 69.7389
v  65.1239 1681.2360 63.3434
v  63.3457 1684.5387 67.3519
v  71.4667 1679.1477 61.6251
v  74.4077 1676.8824 59.5519
v  74.5481 1678.7635 60.9368
v  70.1991 1681.7039 64.2076
v  74.5413 1674.6008 58.3598
v  73.8942 1670.7268 57.8673
v  75.6493 1670.3511 58.2330
v  76.1261 1675.7019 58.8901
v  72.1312 1665.4396 59.4506
v  72.6804 1663.3938 60.6491
v  35.7250 1652.4769 61.0960
v  34.2725 1650.9188 67.0266
v  43.8617 1649.8965 67.8329
v  45.1865 1652.7028 61.4784
v  53.3170 1655.1372 62.3866
v  52.2821 1651.4260 68.5128
v  59.6756 1654.3353 67.0157
v  60.4381 1658.0010 62.2706
v  67.2849 1658.3468 64.3763
v  67.5207 1661.4167 61.2449
v  51.4357 1668.9175 56.8902
v  21.0506 1671.6768 74.7983
v  0.0000 1689.4408 99.3128
v  0.0000 1676.5651 94.1440
v  -0.0000 1575.4911 69.0393
v  -19.1276 1672.6743 78.6115
v  -18.3843 1662.6871 77.9171
v  -14.1529 1663.1757 82.0846
v  -15.2594 1674.1423 82.5703
v  -10.3976 1675.6799 86.8345
v  -9.1871 1664.3992 87.1907
v  -4.6335 1665.1993 92.6941
v  -5.3320 1676.3137 91.8584
v  -15.1855 1688.9673 90.1521
v  -8.3588 1689.1770 96.7335
v  -24.8956 1683.9684 80.7195
v  -20.8555 1687.3069 85.0011
v  -22.8393 1654.4296 78.6311
v  -20.5728 1662.3350 73.5660
v  -25.1153 1654.8049 73.3950
v  -34.9671 1694.8546 81.6021
v  -35.4105 1687.8295 77.5905
v  -26.5613 1680.6776 76.6666
v  -47.7217 1698.6541 77.8060
v  -46.1381 1691.4392 75.7088
v  -59.9987 1699.1311 73.0345
v  -57.4814 1692.3063 72.6801
v  -70.8550 1697.3605 67.1128
v  -67.6660 1690.7438 68.8481
v  -79.0503 1693.3835 59.4656
v  -75.4115 1687.2621 63.4032
v  -84.0799 1687.4954 51.8076
v  -85.8816 1679.3694 46.8978
v  -82.1663 1676.9742 54.4033
v  -80.2385 1682.7305 57.8119
v  -80.6863 1656.1410 53.4554
v  -77.4876 1660.5142 58.8110
v  -81.1581 1669.1279 54.5523
v  -84.6141 1668.3165 47.1633
v  -40.4333 1646.6392 77.6703
v  -31.2881 1649.4048 78.5174
v  -32.8219 1650.0889 73.2798
v  -41.9717 1648.1366 73.1031
v  -61.5202 1645.1422 73.3376
v  -50.2993 1645.6072 76.4246
v  -51.3439 1648.6949 72.7389
v  -61.1286 1650.5907 71.0203
v  -72.7176 1646.5299 64.8545
v  -70.8830 1653.8785 66.2479
v  -4.9537 1650.6886 103.2897
v  -4.5722 1646.2367 107.8155
v  -10.5588 1655.4830 91.3372
v  -5.0976 1656.8586 97.3815
v  -18.4041 1652.7002 84.3355
v  -10.3872 1648.8424 96.9041
v  -8.9259 1643.7880 101.3666
v  -7.1361 1639.5280 104.4613
v  -4.3671 1635.6123 106.8246
v  -3.0567 1638.7605 109.3954
v  -3.9811 1642.2936 109.3677
v  -16.5959 1645.7097 91.0930
v  -6.1322 1631.2937 104.2415
v  -10.4858 1635.6740 100.6044
v  -13.7615 1640.3719 96.2790
v  -12.1250 1706.5170 101.2515
v  -23.1753 1706.1198 94.9905
v  -33.6407 1704.6754 87.4749
v  -19.2714 1636.4144 92.3253
v  -25.5948 1632.2966 89.2302
v  -18.8493 1626.8419 93.6835
v  -14.2640 1631.3943 97.2065
v  -24.4326 1641.9794 88.0709
v  -8.2542 1626.7961 101.9790
v  -32.7788 1638.3848 86.3994
v  -11.3712 1620.9802 99.5115
v  -9.0215 1614.5862 99.8317
v  -7.2378 1610.4276 96.7126
v  -8.2186 1603.5387 96.9142
v  -8.6546 1597.1632 91.7563
v  -18.8014 1618.0337 93.6030
v  -15.2270 1613.8213 95.0705
v  -14.1457 1603.7826 92.8662
v  -16.2590 1598.3817 89.3021
v  -23.8300 1614.6907 89.5771
v  -19.9295 1612.2388 90.9913
v  -19.0331 1604.5055 89.5204
v  -22.2456 1601.1587 86.4597
v  -23.0153 1606.2650 87.4412
v  -23.3388 1609.5439 88.2682
v  -26.6381 1610.2032 86.7214
v  -26.0497 1605.1781 85.3459
v  -19.7360 1608.1217 89.1149
v  -16.8018 1608.6740 90.6845
v  -12.7341 1609.5477 93.4223
v  -10.0005 1589.0834 87.1683
v  -24.6237 1622.5574 89.8044
v  -19.5365 1591.6409 83.5830
v  -29.7681 1617.6512 86.4401
v  -27.5183 1596.6047 80.3224
v  -32.5930 1611.3373 83.3451
v  -32.1441 1604.0239 80.7078
v  -41.2491 1634.3289 83.4562
v  -38.2764 1644.1407 82.2523
v  -48.0249 1641.2994 79.7553
v  -32.4696 1627.8188 86.2946
v  -29.0369 1647.4628 83.5750
v  -49.6927 1629.3877 78.4372
v  -59.0395 1638.2427 74.7684
v  -38.7394 1622.3291 82.4675
v  -10.5892 1579.3751 81.4207
v  -21.4706 1582.8376 74.0442
v  -34.3342 1590.3870 65.6175
v  -42.6913 1614.8224 77.5459
v  -41.9118 1604.4426 71.5003
v  -55.9425 1622.3691 70.1711
v  -70.2535 1635.5620 61.0844
v  -56.2126 1612.5565 59.3557
v  -71.0490 1626.5322 45.6087
v  -82.0498 1651.1260 45.3692
v  -82.0860 1645.0801 31.4762
v  -86.8411 1667.4934 38.0958
v  -88.2247 1665.7815 25.3361
v  -88.6670 1682.0092 38.3884
v  -91.1916 1684.9657 27.5437
v  -44.7230 1727.3284 90.2099
v  -58.5803 1724.8572 80.9526
v  -50.5329 1707.8512 79.8536
v  -70.0797 1721.8153 70.6208
v  -63.3333 1707.4163 72.5560
v  -79.0977 1716.8812 58.9986
v  -74.0009 1704.8004 64.1601
v  -86.3704 1709.7010 46.6904
v  -82.1992 1699.8715 54.4132
v  -15.9781 1730.7046 102.5576
v  -30.9800 1729.4163 97.3598
v  -51.7735 1601.8423 47.9302
v  -68.0562 1617.4883 31.5397
v  -80.3777 1638.8115 15.5259
v  -88.5809 1665.7848 10.2214
v  -92.9978 1688.8243 16.4256
v  -91.0881 1699.7010 34.7327
v  -94.1110 1706.9474 25.1011
v  -52.3182 1751.6361 83.6598
v  -65.7435 1746.0736 74.7044
v  -76.0264 1739.5078 63.8665
v  -84.0778 1731.3590 51.4895
v  -90.4720 1720.7535 38.2273
v  -19.1110 1758.8835 96.4462
v  -36.6575 1756.0101 90.7201
v  -87.3115 1692.5677 44.7548
v  -56.5025 1774.7224 68.1874
v  -69.7940 1766.1516 59.9571
v  -79.9391 1756.4448 50.5785
v  -87.6863 1745.3508 40.1752
v  -93.5563 1730.9399 28.1377
v  -96.2461 1713.5192 15.6288
v  -20.9571 1786.3297 80.2828
v  -40.0660 1781.6024 74.9730
v  -59.0333 1793.4799 46.4552
v  -72.8620 1782.7686 40.2169
v  -83.3401 1770.6935 33.2682
v  -90.8047 1757.0696 25.4913
v  -97.3337 1719.3633 5.6620
v  -95.8525 1739.6644 15.9436
v  -21.4546 1807.5519 55.1895
v  -41.6705 1802.0206 51.6029
v  -60.3794 1805.4337 19.7908
v  -74.8221 1793.7085 16.3928
v  -85.5591 1780.2139 12.5009
v  -92.9109 1764.7426 7.8416
v  -97.2317 1745.2572 1.6842
v  -97.5479 1723.2557 -5.0983
v  -21.5502 1820.2343 24.6769
v  -42.2399 1814.5583 22.6654
v  -60.6270 1808.8071 -9.9195
v  -75.2605 1796.8826 -10.1982
v  -85.8748 1783.1296 -10.5504
v  -93.0993 1767.0815 -11.5552
v  -97.1414 1746.8651 -13.7860
v  -96.9879 1724.1266 -16.7212
v  -21.4184 1822.9989 -8.7050
v  -42.1673 1817.7393 -9.3651
v  -59.8027 1802.6392 -40.1920
v  -74.2064 1791.6337 -37.1549
v  -84.4348 1779.0060 -33.7030
v  -91.5567 1763.7920 -30.8363
v  -95.6208 1744.6187 -29.2107
v  -95.7780 1723.1707 -28.8861
v  -20.8954 1815.4850 -42.5628
v  -41.3641 1810.8605 -41.9547
v  -57.7891 1785.7146 -67.6462
v  -71.8296 1776.5959 -61.5575
v  -81.7836 1766.4956 -54.6571
v  -88.8648 1753.7482 -48.1315
v  -92.9918 1738.2369 -42.9513
v  -93.6595 1721.0994 -40.0304
v  -20.2222 1797.2152 -73.6369
v  -39.9288 1792.9043 -71.6780
v  -53.8474 1758.2800 -87.6338
v  -67.4868 1751.4678 -79.6124
v  -77.6866 1743.9705 -70.4678
v  -84.9267 1734.7186 -61.1733
v  -89.2800 1725.2301 -53.0476
v  -91.0793 1717.7496 -47.6693
v  -19.1917 1766.8162 -96.5314
v  -37.4586 1763.4486 -93.3324
v  -48.2754 1723.0845 -96.8195
v  -60.7880 1718.8672 -88.4018
v  -70.9857 1714.0902 -78.6040
v  -78.4576 1708.6456 -68.1209
v  -83.4525 1703.0782 -57.9559
v  -87.1079 1699.9124 -48.5527
v  -17.5281 1728.3875 -107.4319
v  -33.8512 1726.2373 -103.3931
v  -94.3290 1694.6395 6.1548
v  -94.6889 1699.6053 -2.4328
v  -94.2298 1702.1191 -10.2971
v  -93.0539 1701.4160 -18.9476
v  -91.6651 1699.7129 -29.1462
v  -89.9376 1699.3119 -39.0971
v  -80.7054 1669.1932 -37.4352
v  -82.3184 1669.8669 -26.1687
v  -78.4962 1671.8794 -48.0285
v  -74.5212 1674.2924 -57.9222
v  -69.0452 1677.3137 -68.1234
v  -61.5669 1680.1794 -78.1950
v  -51.9589 1682.7843 -87.2904
v  -41.0197 1684.8433 -94.7411
v  -28.8960 1686.3860 -101.1195
v  -15.2047 1687.5186 -105.8219
v  -74.9183 1630.6709 2.3926
v  -60.0344 1608.4473 18.7600
v  -42.5897 1593.9675 35.8535
v  -28.7219 1584.5911 52.5349
v  -18.2903 1579.1626 64.9769
v  -9.1396 1575.3583 74.2437
v  -75.2251 1654.1429 -30.1692
v  -64.9694 1640.5128 -44.8632
v  -65.7880 1637.3422 -35.9779
v  -61.6753 1642.6221 -53.8748
v  -56.6495 1643.9375 -63.3328
v  -49.9313 1645.7783 -71.4584
v  -41.9286 1647.2502 -78.9019
v  -32.6884 1648.3121 -85.0372
v  -22.6864 1648.9495 -90.3317
v  -11.9652 1649.4064 -94.8682
v  -6.5580 1576.0480 67.8033
v  -10.0970 1578.5533 59.1242
v  -14.3502 1581.8806 45.3044
v  -21.4021 1583.4977 27.0775
v  -67.5066 1629.9299 -7.1864
v  -43.9680 1595.5349 8.4003
v  -48.7120 1600.6248 -9.0344
v  -64.0085 1629.4727 -15.6833
v  -49.6595 1603.0933 -18.9743
v  -63.3824 1629.9153 -22.1526
v  -50.1614 1604.6969 -26.1634
v  -63.8772 1632.0153 -28.2163
v  -50.1917 1607.1661 -33.4693
v  -49.0332 1609.1233 -41.0348
v  -47.1790 1611.3405 -48.8796
v  -43.5947 1612.3326 -56.3690
v  -38.7388 1613.2202 -63.3412
v  -32.7028 1615.0222 -68.9955
v  -24.8529 1615.7689 -73.0079
v  -16.9073 1617.3724 -76.0063
v  -8.4498 1617.5864 -78.3125
v  -99.1197 1680.9741 -7.3155
v  -92.6895 1680.4945 -1.0113
v  -93.1760 1688.1503 -6.7384
v  -98.6090 1690.0391 -11.9148
v  -104.6920 1689.3855 -18.6900
v  -104.4299 1681.2520 -14.8795
v  -109.1331 1681.5090 -25.0885
v  -109.1294 1676.5629 -19.9921
v  -111.3384 1670.6571 -29.5398
v  -111.2711 1669.0795 -22.6679
v  -111.3189 1662.1771 -22.4951
v  -111.0790 1662.1292 -30.0424
v  -107.9015 1651.9246 -27.1770
v  -108.5815 1653.8416 -20.2777
v  -101.6428 1643.5359 -21.6745
v  -103.4923 1647.0840 -16.1352
v  -93.0790 1636.8108 -14.7865
v  -95.5996 1641.2820 -9.9487
v  -83.5583 1630.6432 -6.4793
v  -85.9776 1635.6805 -3.1643
v  -91.8597 1688.5917 -11.0119
v  -94.6059 1686.0441 -16.4733
v  -100.8435 1678.3195 -25.7268
v  -102.3730 1670.8187 -28.7803
v  -97.9664 1683.6052 -21.3221
v  -101.9079 1664.1952 -29.3355
v  -98.9544 1655.6088 -28.0623
v  -94.3064 1647.6980 -24.9738
v  -87.6769 1641.2878 -20.1237
v  -78.5238 1632.6848 -9.9713
v  -88.2750 1683.9048 -18.9434
v  -89.2571 1678.6545 -20.4352
v  -92.7871 1670.0574 -24.1583
v  -92.1286 1673.4249 -23.6052
v  -90.9518 1676.3092 -22.3235
v  -92.4629 1666.8712 -24.3425
v  -88.2472 1658.6300 -24.3928
v  -90.8148 1662.7924 -24.3818
v  -84.7029 1654.6947 -24.5274
v  -93.4514 1671.4249 -8.5841
v  -88.7664 1670.1481 -1.3530
v  -99.7246 1671.1440 -15.8188
v  -104.3946 1669.0896 -21.7445
v  -107.9979 1666.7855 -21.2495
v  -107.2513 1662.0276 -20.5070
v  -106.2117 1655.7845 -18.5484
v  -102.3158 1651.6327 -15.9790
v  -95.0975 1647.5583 -11.2893
v  -86.1492 1643.3462 -4.8717
v  -79.1414 1637.8440 2.6214
v  -80.6133 1651.7579 -23.8944
v  -85.8166 1659.2010 0.1632
v  -88.5178 1659.3569 -8.1881
v  -96.9932 1660.1349 -14.1634
v  -102.5228 1660.7954 -20.2934
v  -77.0516 1651.2064 -22.7044
v  -74.6848 1651.6790 -23.4480
v  -74.2121 1651.5421 -26.3886
v  -23.6639 1661.5968 62.2001
v  -28.5032 1655.8584 61.8550
v  -26.8418 1655.0135 67.2861
v  -21.8388 1661.8046 68.4206
v  -23.0303 1669.2875 62.3455
v  -21.9214 1670.8285 70.7219
v  -26.3428 1677.1893 60.8643
v  -26.9410 1678.4547 72.4322
v  -33.9585 1682.2675 60.0814
v  -34.8689 1683.2444 72.6249
v  -45.7544 1684.3010 61.2893
v  -44.6401 1685.9994 71.9563
v  -55.1023 1686.5706 69.7389
v  -57.0249 1683.3452 63.2575
v  -63.3456 1684.5387 67.3519
v  -65.1239 1681.2360 63.3434
v  -71.4666 1679.1478 61.6251
v  -70.1991 1681.7039 64.2076
v  -74.5481 1678.7635 60.9368
v  -74.4076 1676.8826 59.5519
v  -74.5412 1674.6010 58.3598
v  -76.1260 1675.7019 58.8901
v  -75.6492 1670.3512 58.2330
v  -73.8942 1670.7268 57.8673
v  -72.1312 1665.4396 59.4506
v  -72.6804 1663.3938 60.6491
v  -35.7250 1652.4769 61.0960
v  -45.1865 1652.7029 61.4784
v  -43.8617 1649.8966 67.8329
v  -34.2725 1650.9188 67.0266
v  -53.3170 1655.1372 62.3866
v  -60.4380 1658.0010 62.2706
v  -59.6756 1654.3354 67.0157
v  -52.2821 1651.4261 68.5128
v  -67.5207 1661.4167 61.2449
v  -67.2849 1658.3469 64.3763
v  -51.4357 1668.9175 56.8902
v  -21.0506 1671.6768 74.7983
# 753 vertices

vn 0.7316 -0.2834 0.6200
vn 0.6203 -0.2424 0.7460
vn 0.7156 0.1653 0.6786
vn 0.7971 0.1820 0.5757
vn 0.6361 -0.2289 0.7369
vn 0.5407 -0.2036 0.8162
vn 0.6894 0.1786 0.7020
vn 0.7489 0.1603 0.6431
vn 0.5813 -0.4257 0.6934
vn 0.4632 -0.3601 0.8098
vn 0.5158 -0.4664 0.7186
vn 0.5106 -0.4206 0.7499
vn 0.6127 0.6192 0.4911
vn 0.6789 0.6789 0.2797
vn 0.9222 0.2108 0.3241
vn 0.5779 -0.6054 0.5473
vn 0.3423 -0.5709 0.7462
vn 0.3852 -0.4365 0.8131
vn 0.2779 -0.4540 0.8466
vn 0.3549 -0.3175 0.8793
vn 0.2731 -0.3310 0.9032
vn 0.4061 -0.1508 0.9013
vn 0.4030 -0.1936 0.8945
vn 0.5803 0.0103 0.8143
vn 0.6067 -0.1266 0.7848
vn 0.7694 0.0432 0.6373
vn 0.8808 0.0056 0.4735
vn 0.7429 -0.0868 0.6638
vn 0.8069 -0.0848 0.5846
vn 0.9354 -0.0561 0.3491
vn 0.8980 -0.1560 0.4115
vn 0.9374 -0.1193 0.3271
vn 0.7793 -0.0659 0.6231
vn 0.6976 0.0663 0.7135
vn 0.2226 0.8579 0.4630
vn 0.0791 0.9378 0.3380
vn 0.3615 0.9075 0.2140
vn 0.3921 0.8455 0.3624
vn 0.4507 0.1859 0.8731
vn 0.1257 0.5661 0.8147
vn -0.0379 0.8065 0.5900
vn 0.2013 0.6265 0.7530
vn 0.7611 -0.1885 0.6207
vn 0.4805 0.2557 0.8389
vn 0.0000 0.8807 0.4736
vn 0.0000 0.3339 0.9426
vn 0.8643 0.2122 0.4560
vn 0.7269 0.4620 0.5081
vn 0.7003 0.4180 0.5787
vn 0.6038 0.4820 0.6349
vn 0.5655 0.5198 0.6403
vn 0.8105 0.1675 0.5613
vn 0.7423 0.3692 0.5592
vn 0.7916 -0.0277 0.6104
vn 0.8177 -0.0458 0.5738
vn 0.6534 -0.2443 0.7165
vn 0.6279 -0.2505 0.7369
vn -0.0000 -0.3992 0.9168
vn 0.6191 0.4122 0.6684
vn 0.5445 -0.2042 0.8135
vn 0.7181 0.0086 0.6959
vn -0.0000 -0.4959 0.8684
vn -0.0000 -0.4331 0.9014
vn 0.7198 0.1925 0.6669
vn 0.3461 -0.2045 0.9156
vn 0.4850 -0.3413 0.8052
vn 0.4659 -0.3903 0.7941
vn 0.5767 0.1418 0.8046
vn 0.6497 0.0186 0.7599
vn 0.5833 0.0037 0.8122
vn 0.4377 0.0410 0.8982
vn 0.3971 0.3290 0.8568
vn -0.0000 0.4834 0.8754
vn 0.0000 0.7651 0.6440
vn -0.0000 -0.5387 0.8425
vn 0.4904 -0.1459 0.8592
vn 0.3372 0.1856 0.9229
vn -0.0000 -0.2339 0.9723
vn 0.5311 -0.0937 0.8421
vn 0.4164 -0.3831 0.8245
vn -0.0000 -0.4992 0.8665
vn -0.0000 -0.4668 0.8844
vn 0.3324 -0.3296 0.8836
vn 0.3728 -0.2620 0.8901
vn 0.0000 -0.3519 0.9360
vn 0.0000 -0.5395 0.8420
vn 0.2100 -0.5337 0.8192
vn 0.5303 -0.3780 0.7589
vn 0.5736 -0.1352 0.8079
vn 0.4337 -0.4150 0.7998
vn 0.5660 -0.1264 0.8147
vn 0.4662 -0.3902 0.7940
vn 0.5052 -0.2235 0.8336
vn 0.5355 -0.3218 0.7808
vn 0.5372 -0.0954 0.8381
vn 0.4675 -0.1924 0.8628
vn 0.5222 -0.2783 0.8061
vn 0.4895 -0.2548 0.8340
vn 0.4130 -0.2921 0.8626
vn 0.4214 -0.1896 0.8868
vn 0.4932 -0.1903 0.8489
vn 0.4817 -0.2504 0.8398
vn -0.0000 -0.2994 0.9541
vn 0.3127 -0.4497 0.8366
vn 0.5120 -0.0687 0.8562
vn 0.4963 -0.5080 0.7040
vn 0.4887 -0.1479 0.8598
vn 0.6122 -0.4821 0.6267
vn 0.5309 -0.2481 0.8103
vn 0.6001 -0.3549 0.7169
vn 0.4096 -0.0294 0.9118
vn 0.3944 0.2675 0.8792
vn 0.3384 0.5565 0.7588
vn 0.4060 -0.0808 0.9103
vn 0.3474 0.6345 0.6905
vn 0.5136 -0.2609 0.8174
vn 0.5950 -0.1847 0.7822
vn 0.4669 -0.2071 0.8597
vn 0.5031 -0.6364 0.5847
vn -0.0000 -0.5990 0.8007
vn 0.5810 -0.7146 0.3896
vn 0.6506 -0.6964 0.3031
vn 0.5781 -0.3423 0.7407
vn 0.6652 -0.4967 0.5575
vn 0.6742 -0.4141 0.6116
vn 0.7929 -0.4165 0.4447
vn 0.7460 -0.5523 0.3721
vn 0.8486 -0.4784 0.2259
vn 0.9311 -0.3533 0.0913
vn 0.9253 -0.3061 0.2238
vn 0.9698 -0.1635 0.1809
vn 0.9742 -0.2143 0.0710
vn 0.9809 -0.1218 0.1517
vn 0.9677 -0.0770 0.2400
vn 0.4887 -0.1249 0.8635
vn 0.4503 -0.2936 0.8432
vn 0.5855 -0.1384 0.7987
vn 0.5345 -0.1516 0.8315
vn 0.7070 -0.0968 0.7006
vn 0.6926 0.0055 0.7213
vn 0.8159 -0.0369 0.5770
vn 0.8370 0.0474 0.5451
vn 0.8940 -0.0067 0.4481
vn 0.2398 0.0478 0.9696
vn 0.3903 -0.0345 0.9201
vn 0.0000 -0.1411 0.9900
vn -0.0000 0.0815 0.9967
vn -0.0000 -0.1472 0.9891
vn 0.7038 -0.6964 0.1404
vn 0.8146 -0.5776 0.0529
vn 0.9146 -0.4044 -0.0077
vn 0.9646 -0.2633 -0.0143
vn 0.9851 -0.1566 0.0710
vn 0.9753 -0.0641 0.2112
vn 0.9546 -0.0411 0.2951
vn 0.5300 0.2425 0.8126
vn 0.6801 0.1737 0.7122
vn 0.8072 0.1042 0.5810
vn 0.8815 0.0455 0.4701
vn 0.9331 0.0021 0.3595
vn 0.0000 0.3562 0.9344
vn 0.2433 0.3365 0.9097
vn 0.3994 0.2991 0.8666
vn 0.9255 -0.0028 0.3789
vn 0.5819 0.4865 0.6518
vn 0.7265 0.3905 0.5654
vn 0.8353 0.2728 0.4773
vn 0.9077 0.1569 0.3891
vn 0.9594 0.0544 0.2768
vn 0.9905 -0.0541 0.1263
vn -0.0000 0.6478 0.7618
vn 0.2436 0.6193 0.7464
vn 0.4255 0.5591 0.7116
vn 0.5811 0.6655 0.4684
vn 0.7298 0.5370 0.4231
vn 0.8455 0.3884 0.3664
vn 0.9291 0.2316 0.2883
vn 0.9982 -0.0446 0.0404
vn 0.9794 0.0868 0.1823
vn -0.0000 0.8593 0.5114
vn 0.2088 0.8338 0.5110
vn 0.4032 0.7666 0.4998
vn 0.5553 0.7983 0.2333
vn 0.7196 0.6590 0.2190
vn 0.8530 0.4870 0.1875
vn 0.9464 0.2926 0.1372
vn 0.9924 0.1034 0.0670
vn 0.9980 -0.0558 -0.0282
vn 0.1843 0.9549 0.2326
vn 0.3714 0.8981 0.2358
vn 0.5318 0.8458 -0.0428
vn 0.7110 0.7024 -0.0338
vn 0.8524 0.5219 -0.0330
vn 0.9478 0.3162 -0.0409
vn 0.9925 0.1089 -0.0551
vn 0.9943 -0.0763 -0.0740
vn 0.1607 0.9847 -0.0672
vn 0.3379 0.9395 -0.0557
vn 0.5121 0.7898 -0.3376
vn 0.6990 0.6496 -0.2990
vn 0.8405 0.4788 -0.2537
vn 0.9323 0.2921 -0.2132
vn 0.9795 0.1043 -0.1725
vn 0.9880 -0.0799 -0.1320
vn 0.0000 0.9312 -0.3645
vn 0.0000 0.9974 -0.0719
vn 0.1396 0.9211 -0.3634
vn 0.3114 0.8804 -0.3578
vn 0.5045 0.6020 -0.6189
vn 0.6819 0.4805 -0.5515
vn 0.8149 0.3475 -0.4640
vn 0.8992 0.2068 -0.3855
vn 0.9478 0.0692 -0.3113
vn 0.9704 -0.0840 -0.2262
vn 0.1457 0.7377 -0.6593
vn 0.3137 0.6902 -0.6521
vn 0.4930 0.3128 -0.8118
vn 0.6532 0.2216 -0.7241
vn 0.7759 0.1348 -0.6163
vn 0.8532 0.0433 -0.5197
vn 0.8933 -0.0394 -0.4478
vn 0.9212 -0.1298 -0.3669
vn 0.1537 0.4370 -0.8862
vn 0.3172 0.3899 -0.8645
vn 0.4863 0.0068 -0.8737
vn 0.6132 -0.0437 -0.7887
vn 0.7264 -0.0931 -0.6809
vn 0.8103 -0.1474 -0.5672
vn 0.8605 -0.2000 -0.4686
vn 0.9034 -0.2369 -0.3573
vn 0.1643 0.1114 -0.9801
vn 0.3354 0.0634 -0.9399
vn 0.9930 -0.1171 0.0182
vn 0.9923 -0.1088 -0.0589
vn 0.9830 -0.1439 -0.1136
vn 0.9720 -0.2094 -0.1063
vn 0.9624 -0.2415 -0.1247
vn 0.9451 -0.2370 -0.2248
vn 0.7302 -0.1925 -0.6556
vn 0.9118 -0.3578 -0.2015
vn 0.8731 -0.3403 -0.3490
vn 0.8204 -0.3232 -0.4716
vn 0.7645 -0.2957 -0.5728
vn 0.6769 -0.2764 -0.6822
vn 0.5702 -0.2511 -0.7822
vn 0.4733 -0.2310 -0.8501
vn 0.3688 -0.2054 -0.9065
vn 0.2050 -0.1664 -0.9645
vn 0.0000 -0.1450 -0.9894
vn 0.0000 0.1285 -0.9917
vn 0.6547 -0.7558 -0.0105
vn 0.7151 -0.6937 -0.0862
vn 0.5572 -0.8277 -0.0667
vn 0.4576 -0.8864 -0.0695
vn 0.4066 -0.9128 -0.0371
vn 0.3697 -0.9231 0.1058
vn -0.0000 -0.9732 0.2299
vn 0.0000 0.9731 0.2303
vn 0.0000 0.7531 -0.6579
vn 0.0000 0.4540 -0.8910
vn 0.8828 -0.4366 -0.1733
vn 0.8461 -0.4293 -0.3160
vn 0.8824 -0.4425 -0.1598
vn 0.8022 -0.4093 -0.4346
vn 0.7318 -0.3882 -0.5602
vn 0.6359 -0.3673 -0.6788
vn 0.5439 -0.3596 -0.7582
vn 0.4519 -0.3631 -0.8149
vn 0.3808 -0.3766 -0.8445
vn 0.2511 -0.3764 -0.8918
vn 0.1094 -0.9738 -0.1995
vn 0.1285 -0.9697 -0.2080
vn -0.0000 -1.0000 -0.0015
vn 0.1606 -0.9821 -0.0980
vn -0.0000 -0.9781 -0.2083
vn -0.0000 -0.9891 0.1473
vn 0.3674 -0.9297 0.0262
vn 0.6783 -0.7344 0.0239
vn 0.5641 -0.7270 -0.3915
vn 0.8876 -0.4564 0.0620
vn 0.8441 -0.4906 -0.2163
vn 0.8881 -0.4584 -0.0335
vn 0.8808 -0.4622 -0.1025
vn 0.8882 -0.4521 -0.0822
vn 0.8853 -0.4561 -0.0901
vn 0.8650 -0.4631 -0.1930
vn 0.8412 -0.4615 -0.2818
vn 0.8174 -0.4385 -0.3737
vn 0.7603 -0.4227 -0.4932
vn 0.6612 -0.3875 -0.6424
vn 0.4875 -0.3810 -0.7856
vn 0.3245 -0.3957 -0.8592
vn 0.2329 -0.4368 -0.8689
vn 0.1670 -0.4695 -0.8670
vn 0.0000 -0.4813 -0.8766
vn 0.0000 -0.3710 -0.9286
vn 0.7600 -0.0630 0.6469
vn 0.1629 0.9535 0.2536
vn 0.9086 0.3635 0.2058
vn 0.9310 -0.1236 0.3433
vn 0.7818 -0.0113 0.6234
vn 0.4585 0.8781 -0.1367
vn 0.7821 -0.0053 0.6232
vn 0.6519 0.5549 -0.5168
vn 0.8774 0.0322 0.4787
vn 0.6705 0.2078 -0.7122
vn 0.8799 -0.0816 0.4681
vn 0.8604 -0.2667 0.4342
vn 0.5772 -0.5486 -0.6048
vn 0.6436 -0.1819 -0.7435
vn 0.7719 -0.3300 0.5434
vn 0.4790 -0.7859 -0.3910
vn 0.6860 -0.2861 0.6689
vn 0.4185 -0.8759 -0.2401
vn 0.5853 -0.2435 0.7734
vn 0.3212 -0.9469 0.0113
vn -0.3514 0.7449 -0.5672
vn 0.8691 0.3674 -0.3312
vn -0.2445 0.2145 -0.9456
vn -0.2505 0.4254 -0.8697
vn -0.3500 0.5919 -0.7260
vn -0.2528 0.0237 -0.9672
vn -0.2158 -0.1565 -0.9638
vn -0.1553 -0.3832 -0.9105
vn -0.1987 -0.5730 -0.7951
vn -0.0386 -0.8225 -0.5675
vn 0.8932 -0.0141 -0.4495
vn 0.0951 0.4552 -0.8853
vn -0.1634 0.1007 -0.9814
vn -0.1145 0.2499 -0.9615
vn -0.1465 0.4499 -0.8810
vn -0.1637 0.0732 -0.9838
vn 0.0470 -0.0214 -0.9987
vn -0.0873 0.0467 -0.9951
vn 0.1134 -0.1905 -0.9751
vn 0.7473 -0.3992 0.5312
vn 0.9329 -0.2837 0.2219
vn 0.7235 -0.2463 0.6449
vn 0.3475 -0.1639 0.9233
vn 0.1579 0.2083 0.9652
vn 0.2177 0.1847 0.9584
vn 0.5155 0.1231 0.8480
vn 0.4039 0.2399 0.8828
vn 0.4961 0.1679 0.8519
vn 0.6224 0.1084 0.7751
vn 0.8848 -0.4229 0.1956
vn -0.0276 -0.3936 -0.9188
vn 0.9565 -0.2688 0.1132
vn 0.7964 -0.1407 0.5881
vn 0.6624 0.0101 0.7491
vn 0.3927 0.2265 0.8913
vn -0.0318 -0.4212 -0.9064
vn 0.6636 -0.4521 -0.5960
vn 0.8940 -0.4384 -0.0928
vn 0.6787 0.2780 0.6797
vn 0.9361 0.2647 0.2317
vn 0.6490 0.7162 0.2568
vn 0.4542 0.5354 0.7121
vn 0.7698 -0.0637 0.6351
vn 0.9176 -0.3275 0.2253
vn 0.6526 -0.4216 0.6296
vn 0.6613 -0.7093 0.2439
vn 0.3055 -0.6962 0.6496
vn 0.3850 -0.8485 0.3630
vn -0.0459 -0.7714 0.6347
vn 0.2190 -0.8186 0.5309
vn -0.1865 -0.6985 0.6909
vn 0.1275 -0.7073 0.6953
vn -0.0713 -0.6588 0.7489
vn 0.1088 -0.5797 0.8075
vn -0.0001 -0.6622 0.7493
vn -0.3893 -0.4944 0.7772
vn 0.3964 -0.3675 0.8413
vn 0.2364 -0.4727 0.8489
vn -0.0897 -0.2604 0.9613
vn -0.1146 0.0878 0.9895
vn 0.2483 0.0362 0.9680
vn 0.3740 -0.2834 0.8831
vn -0.2036 0.3949 0.8959
vn 0.2559 0.3234 0.9110
vn 0.1602 0.6746 0.7206
vn 0.2830 0.9261 0.2496
vn -0.0698 0.9378 0.3401
vn -0.1602 0.6857 0.7100
vn -0.2628 0.6403 0.7218
vn -0.2139 0.8458 0.4887
vn -0.1639 0.7460 0.6455
vn -0.2064 0.6131 0.7625
vn -0.0056 0.5872 0.8094
vn -0.1960 0.5863 0.7861
vn -0.0286 0.0067 0.9996
vn 0.8605 -0.3314 0.3869
vn -0.0000 -0.3127 0.9499
vn 0.0000 -0.1194 0.9928
vn -0.0000 -0.9765 -0.2155
vn -0.7316 -0.2834 0.6200
vn -0.7971 0.1820 0.5757
vn -0.7156 0.1653 0.6786
vn -0.6203 -0.2424 0.7460
vn -0.6361 -0.2289 0.7369
vn -0.7489 0.1603 0.6431
vn -0.6894 0.1786 0.7020
vn -0.5407 -0.2036 0.8162
vn -0.5813 -0.4257 0.6934
vn -0.4632 -0.3601 0.8098
vn -0.5158 -0.4664 0.7186
vn -0.5106 -0.4206 0.7499
vn -0.6127 0.6192 0.4911
vn -0.9222 0.2108 0.3241
vn -0.6789 0.6789 0.2797
vn -0.3852 -0.4365 0.8131
vn -0.3423 -0.5709 0.7462
vn -0.5779 -0.6054 0.5473
vn -0.3549 -0.3175 0.8793
vn -0.2779 -0.4540 0.8466
vn -0.4061 -0.1508 0.9013
vn -0.2731 -0.3310 0.9032
vn -0.5803 0.0103 0.8143
vn -0.4030 -0.1936 0.8945
vn -0.7694 0.0432 0.6373
vn -0.6067 -0.1266 0.7848
vn -0.8808 0.0056 0.4735
vn -0.9354 -0.0561 0.3491
vn -0.8069 -0.0848 0.5846
vn -0.7429 -0.0868 0.6638
vn -0.8980 -0.1560 0.4115
vn -0.6976 0.0663 0.7135
vn -0.7793 -0.0659 0.6231
vn -0.9374 -0.1193 0.3271
vn -0.2226 0.8579 0.4630
vn -0.3921 0.8455 0.3624
vn -0.3615 0.9075 0.2140
vn -0.0791 0.9378 0.3380
vn -0.4507 0.1859 0.8731
vn -0.2013 0.6265 0.7530
vn 0.0379 0.8065 0.5900
vn -0.1257 0.5661 0.8147
vn -0.7611 -0.1885 0.6207
vn -0.4805 0.2557 0.8389
vn -0.7269 0.4620 0.5081
vn -0.8643 0.2122 0.4560
vn -0.7003 0.4180 0.5787
vn -0.6038 0.4820 0.6349
vn -0.5655 0.5198 0.6403
vn -0.7423 0.3692 0.5592
vn -0.8105 0.1675 0.5613
vn -0.7916 -0.0277 0.6104
vn -0.6279 -0.2505 0.7369
vn -0.6534 -0.2443 0.7165
vn -0.8177 -0.0458 0.5738
vn -0.6191 0.4122 0.6684
vn -0.5445 -0.2042 0.8135
vn -0.7181 0.0086 0.6959
vn -0.7198 0.1925 0.6669
vn -0.3461 -0.2045 0.9156
vn -0.4850 -0.3413 0.8052
vn -0.4659 -0.3903 0.7941
vn -0.5767 0.1418 0.8046
vn -0.4377 0.0410 0.8982
vn -0.5833 0.0037 0.8122
vn -0.6497 0.0186 0.7599
vn -0.3971 0.3290 0.8568
vn -0.4904 -0.1459 0.8592
vn -0.3372 0.1856 0.9229
vn -0.5311 -0.0937 0.8421
vn -0.4164 -0.3831 0.8245
vn -0.3324 -0.3296 0.8836
vn -0.3728 -0.2620 0.8901
vn -0.2100 -0.5337 0.8192
vn -0.5736 -0.1352 0.8079
vn -0.5303 -0.3780 0.7589
vn -0.5660 -0.1264 0.8147
vn -0.4337 -0.4150 0.7998
vn -0.5052 -0.2235 0.8336
vn -0.4662 -0.3902 0.7940
vn -0.5372 -0.0954 0.8381
vn -0.5355 -0.3218 0.7808
vn -0.4675 -0.1924 0.8628
vn -0.4130 -0.2921 0.8626
vn -0.4895 -0.2548 0.8340
vn -0.5222 -0.2783 0.8061
vn -0.4214 -0.1896 0.8868
vn -0.4932 -0.1903 0.8489
vn -0.4817 -0.2504 0.8398
vn -0.3127 -0.4497 0.8366
vn -0.5120 -0.0687 0.8562
vn -0.4963 -0.5080 0.7040
vn -0.4887 -0.1479 0.8598
vn -0.6122 -0.4821 0.6267
vn -0.5309 -0.2481 0.8103
vn -0.6001 -0.3549 0.7169
vn -0.4096 -0.0294 0.9118
vn -0.3384 0.5565 0.7588
vn -0.3944 0.2675 0.8792
vn -0.4060 -0.0808 0.9103
vn -0.3474 0.6345 0.6905
vn -0.5136 -0.2608 0.8174
vn -0.5950 -0.1847 0.7822
vn -0.4669 -0.2071 0.8597
vn -0.5031 -0.6364 0.5847
vn -0.5810 -0.7146 0.3896
vn -0.6528 -0.6916 0.3092
vn -0.5781 -0.3423 0.7407
vn -0.6652 -0.4967 0.5575
vn -0.6742 -0.4141 0.6116
vn -0.7929 -0.4165 0.4447
vn -0.7460 -0.5523 0.3721
vn -0.8486 -0.4784 0.2259
vn -0.9253 -0.3061 0.2238
vn -0.9311 -0.3533 0.0913
vn -0.9698 -0.1635 0.1809
vn -0.9742 -0.2143 0.0710
vn -0.9677 -0.0770 0.2400
vn -0.9809 -0.1218 0.1517
vn -0.4887 -0.1249 0.8635
vn -0.5855 -0.1384 0.7987
vn -0.4503 -0.2936 0.8432
vn -0.7070 -0.0968 0.7006
vn -0.5345 -0.1516 0.8315
vn -0.8159 -0.0369 0.5770
vn -0.6926 0.0055 0.7213
vn -0.8940 -0.0067 0.4481
vn -0.8370 0.0474 0.5451
vn -0.2398 0.0478 0.9696
vn -0.3903 -0.0345 0.9201
vn -0.7038 -0.6964 0.1404
vn -0.8146 -0.5775 0.0529
vn -0.9146 -0.4044 -0.0077
vn -0.9646 -0.2633 -0.0143
vn -0.9851 -0.1565 0.0710
vn -0.9546 -0.0411 0.2951
vn -0.9754 -0.0641 0.2112
vn -0.5300 0.2425 0.8126
vn -0.6801 0.1737 0.7122
vn -0.8072 0.1042 0.5810
vn -0.8815 0.0455 0.4701
vn -0.9331 0.0021 0.3595
vn -0.2433 0.3365 0.9097
vn -0.3994 0.2991 0.8666
vn -0.9255 -0.0028 0.3789
vn -0.5819 0.4865 0.6518
vn -0.7265 0.3905 0.5654
vn -0.8353 0.2728 0.4773
vn -0.9077 0.1569 0.3891
vn -0.9594 0.0544 0.2768
vn -0.9905 -0.0541 0.1263
vn -0.2436 0.6193 0.7464
vn -0.4255 0.5591 0.7116
vn -0.5811 0.6655 0.4684
vn -0.7298 0.5370 0.4231
vn -0.8455 0.3884 0.3664
vn -0.9291 0.2316 0.2883
vn -0.9982 -0.0446 0.0404
vn -0.9794 0.0868 0.1823
vn -0.2088 0.8338 0.5110
vn -0.4032 0.7666 0.4998
vn -0.5553 0.7983 0.2333
vn -0.7196 0.6590 0.2190
vn -0.8530 0.4870 0.1875
vn -0.9464 0.2926 0.1372
vn -0.9924 0.1034 0.0670
vn -0.9980 -0.0558 -0.0282
vn -0.1843 0.9550 0.2326
vn -0.3714 0.8981 0.2358
vn -0.5318 0.8458 -0.0428
vn -0.7110 0.7024 -0.0338
vn -0.8524 0.5219 -0.0330
vn -0.9478 0.3162 -0.0409
vn -0.9925 0.1089 -0.0551
vn -0.9943 -0.0763 -0.0740
vn -0.1607 0.9847 -0.0672
vn -0.3379 0.9395 -0.0557
vn -0.5121 0.7898 -0.3376
vn -0.6990 0.6496 -0.2990
vn -0.8405 0.4788 -0.2537
vn -0.9323 0.2921 -0.2132
vn -0.9795 0.1043 -0.1725
vn -0.9880 -0.0799 -0.1320
vn -0.1396 0.9211 -0.3634
vn -0.3114 0.8804 -0.3578
vn -0.5045 0.6020 -0.6189
vn -0.6819 0.4805 -0.5515
vn -0.8149 0.3475 -0.4640
vn -0.8992 0.2068 -0.3855
vn -0.9478 0.0692 -0.3113
vn -0.9704 -0.0840 -0.2262
vn -0.1457 0.7377 -0.6593
vn -0.3137 0.6902 -0.6521
vn -0.4930 0.3128 -0.8118
vn -0.6532 0.2216 -0.7241
vn -0.7759 0.1348 -0.6163
vn -0.8532 0.0433 -0.5197
vn -0.8933 -0.0394 -0.4478
vn -0.9212 -0.1298 -0.3669
vn -0.1537 0.4370 -0.8862
vn -0.3172 0.3899 -0.8645
vn -0.4863 0.0068 -0.8737
vn -0.6132 -0.0437 -0.7887
vn -0.7264 -0.0931 -0.6809
vn -0.8103 -0.1474 -0.5672
vn -0.8605 -0.2000 -0.4686
vn -0.9034 -0.2369 -0.3573
vn -0.1643 0.1114 -0.9801
vn -0.3354 0.0634 -0.9399
vn -0.9930 -0.1171 0.0182
vn -0.9923 -0.1088 -0.0589
vn -0.9830 -0.1439 -0.1136
vn -0.9720 -0.2094 -0.1063
vn -0.9624 -0.2415 -0.1247
vn -0.9451 -0.2370 -0.2248
vn -0.9118 -0.3578 -0.2015
vn -0.7302 -0.1925 -0.6556
vn -0.8731 -0.3403 -0.3490
vn -0.8204 -0.3232 -0.4716
vn -0.7645 -0.2957 -0.5728
vn -0.6769 -0.2764 -0.6822
vn -0.5702 -0.2511 -0.7822
vn -0.4733 -0.2310 -0.8501
vn -0.3688 -0.2054 -0.9065
vn -0.2050 -0.1664 -0.9645
vn -0.6547 -0.7558 -0.0105
vn -0.7151 -0.6937 -0.0862
vn -0.5595 -0.8258 -0.0708
vn -0.4565 -0.8869 -0.0705
vn -0.4001 -0.9160 -0.0306
vn -0.3697 -0.9231 0.1058
vn -0.8828 -0.4366 -0.1733
vn -0.8461 -0.4293 -0.3160
vn -0.8824 -0.4425 -0.1599
vn -0.8022 -0.4093 -0.4346
vn -0.7318 -0.3882 -0.5602
vn -0.6359 -0.3673 -0.6788
vn -0.5439 -0.3596 -0.7582
vn -0.4519 -0.3631 -0.8149
vn -0.3808 -0.3766 -0.8445
vn -0.2511 -0.3764 -0.8918
vn -0.1094 -0.9738 -0.1995
vn -0.1285 -0.9697 -0.2080
vn -0.1517 -0.9832 -0.1012
vn -0.3674 -0.9297 0.0262
vn -0.5641 -0.7270 -0.3915
vn -0.6783 -0.7343 0.0239
vn -0.8876 -0.4564 0.0620
vn -0.8441 -0.4906 -0.2163
vn -0.8881 -0.4584 -0.0335
vn -0.8808 -0.4622 -0.1025
vn -0.8882 -0.4521 -0.0822
vn -0.8853 -0.4561 -0.0901
vn -0.8650 -0.4631 -0.1930
vn -0.8412 -0.4615 -0.2818
vn -0.8174 -0.4385 -0.3737
vn -0.7603 -0.4227 -0.4932
vn -0.6612 -0.3875 -0.6424
vn -0.4875 -0.3810 -0.7856
vn -0.3245 -0.3957 -0.8592
vn -0.2329 -0.4368 -0.8689
vn -0.1670 -0.4695 -0.8670
vn -0.7600 -0.0630 0.6469
vn -0.9310 -0.1236 0.3433
vn -0.9086 0.3635 0.2058
vn -0.1629 0.9535 0.2536
vn -0.4585 0.8781 -0.1367
vn -0.7818 -0.0113 0.6234
vn -0.6519 0.5549 -0.5168
vn -0.7821 -0.0053 0.6232
vn -0.6705 0.2079 -0.7122
vn -0.8774 0.0322 0.4787
vn -0.8799 -0.0816 0.4681
vn -0.6436 -0.1819 -0.7435
vn -0.5772 -0.5486 -0.6048
vn -0.8604 -0.2667 0.4342
vn -0.4790 -0.7859 -0.3910
vn -0.7719 -0.3300 0.5434
vn -0.4185 -0.8759 -0.2401
vn -0.6860 -0.2861 0.6689
vn -0.3212 -0.9469 0.0113
vn -0.5853 -0.2435 0.7734
vn -0.8691 0.3674 -0.3312
vn 0.3514 0.7449 -0.5672
vn 0.2505 0.4254 -0.8697
vn 0.2445 0.2145 -0.9456
vn 0.3500 0.5919 -0.7260
vn 0.2528 0.0237 -0.9672
vn 0.2158 -0.1565 -0.9638
vn 0.1553 -0.3832 -0.9105
vn 0.1987 -0.5730 -0.7951
vn 0.0386 -0.8225 -0.5675
vn -0.8932 -0.0141 -0.4495
vn -0.0951 0.4552 -0.8853
vn 0.1634 0.1007 -0.9814
vn 0.1145 0.2499 -0.9615
vn 0.1465 0.4499 -0.8810
vn 0.1637 0.0732 -0.9838
vn -0.0470 -0.0214 -0.9987
vn 0.0873 0.0467 -0.9951
vn -0.1134 -0.1905 -0.9751
vn -0.7473 -0.3992 0.5312
vn -0.9329 -0.2837 0.2219
vn -0.7235 -0.2463 0.6449
vn -0.3475 -0.1639 0.9233
vn -0.1580 0.2083 0.9652
vn -0.2177 0.1847 0.9584
vn -0.5155 0.1231 0.8480
vn -0.4039 0.2399 0.8828
vn -0.4961 0.1679 0.8519
vn -0.6224 0.1084 0.7751
vn -0.8848 -0.4229 0.1956
vn 0.0276 -0.3936 -0.9188
vn -0.9565 -0.2688 0.1132
vn -0.7964 -0.1407 0.5881
vn -0.6624 0.0101 0.7491
vn -0.3927 0.2265 0.8913
vn 0.0318 -0.4212 -0.9064
vn -0.6636 -0.4521 -0.5961
vn -0.8940 -0.4384 -0.0928
vn -0.6787 0.2780 0.6797
vn -0.4542 0.5354 0.7121
vn -0.6490 0.7162 0.2568
vn -0.9361 0.2647 0.2317
vn -0.7698 -0.0637 0.6351
vn -0.9176 -0.3275 0.2253
vn -0.6526 -0.4216 0.6296
vn -0.6613 -0.7093 0.2439
vn -0.3055 -0.6962 0.6496
vn -0.3850 -0.8485 0.3630
vn 0.0460 -0.7714 0.6347
vn -0.2190 -0.8186 0.5309
vn -0.1275 -0.7073 0.6953
vn 0.1864 -0.6985 0.6909
vn -0.1088 -0.5797 0.8075
vn 0.0713 -0.6588 0.7489
vn 0.0001 -0.6622 0.7493
vn -0.2364 -0.4727 0.8489
vn -0.3964 -0.3675 0.8413
vn 0.3894 -0.4944 0.7771
vn 0.0897 -0.2604 0.9613
vn -0.3739 -0.2834 0.8831
vn -0.2483 0.0362 0.9680
vn 0.1146 0.0878 0.9895
vn 0.2036 0.3949 0.8959
vn -0.2559 0.3234 0.9110
vn -0.1602 0.6746 0.7206
vn 0.1602 0.6857 0.7100
vn 0.0698 0.9378 0.3401
vn -0.2830 0.9261 0.2496
vn 0.2628 0.6403 0.7218
vn 0.2064 0.6131 0.7625
vn 0.1639 0.7460 0.6455
vn 0.2139 0.8458 0.4887
vn 0.1960 0.5863 0.7860
vn 0.0056 0.5872 0.8094
vn 0.0286 0.0067 0.9996
vn -0.8605 -0.3314 0.3869
# 753 vertex normals

vt 0.5436 0.6875 0.0000
vt 0.5345 0.6900 0.0000
vt 0.5367 0.6707 0.0000
vt 0.5467 0.6706 0.0000
vt 0.5238 0.6928 0.0000
vt 0.5119 0.6948 0.0000
vt 0.5120 0.6725 0.0000
vt 0.5243 0.6723 0.0000
vt 0.5284 0.7191 0.0000
vt 0.5146 0.7224 0.0000
vt 0.5481 0.7078 0.0000
vt 0.5397 0.7144 0.0000
vt 0.5541 0.6554 0.0000
vt 0.5626 0.6594 0.0000
vt 0.5549 0.6717 0.0000
vt 0.5538 0.7012 0.0000
vt 0.5644 0.7134 0.0000
vt 0.5616 0.7265 0.0000
vt 0.5799 0.7164 0.0000
vt 0.5820 0.7288 0.0000
vt 0.5969 0.7130 0.0000
vt 0.6017 0.7239 0.0000
vt 0.6128 0.7052 0.0000
vt 0.6201 0.7152 0.0000
vt 0.6270 0.6951 0.0000
vt 0.6369 0.7041 0.0000
vt 0.6511 0.6917 0.0000
vt 0.6388 0.6851 0.0000
vt 0.6456 0.6746 0.0000
vt 0.6597 0.6772 0.0000
vt 0.6500 0.6400 0.0000
vt 0.6597 0.6592 0.0000
vt 0.6460 0.6616 0.0000
vt 0.6395 0.6477 0.0000
vt 0.5786 0.6343 0.0000
vt 0.5842 0.6404 0.0000
vt 0.5728 0.6489 0.0000
vt 0.5659 0.6431 0.0000
vt 0.6094 0.6245 0.0000
vt 0.6106 0.6340 0.0000
vt 0.5965 0.6349 0.0000
vt 0.5926 0.6279 0.0000
vt 0.6297 0.6255 0.0000
vt 0.6260 0.6374 0.0000
vt 0.5019 0.6414 0.0000
vt 0.5019 0.6333 0.0000
vt 0.5105 0.6325 0.0000
vt 0.5115 0.6417 0.0000
vt 0.5255 0.6546 0.0000
vt 0.5120 0.6551 0.0000
vt 0.5432 0.6507 0.0000
vt 0.5199 0.6298 0.0000
vt 0.5235 0.6403 0.0000
vt 0.5157 0.6217 0.0000
vt 0.5092 0.6256 0.0000
vt 0.5073 0.6203 0.0000
vt 0.5097 0.6152 0.0000
vt 0.5019 0.6267 0.0000
vt 0.5366 0.6354 0.0000
vt 0.5127 0.6080 0.0000
vt 0.5221 0.6153 0.0000
vt 0.5019 0.6129 0.0000
vt 0.5019 0.6046 0.0000
vt 0.5297 0.6244 0.0000
vt 0.5197 0.7565 0.0000
vt 0.5382 0.7525 0.0000
vt 0.5571 0.7457 0.0000
vt 0.5394 0.6168 0.0000
vt 0.5288 0.6077 0.0000
vt 0.5368 0.5990 0.0000
vt 0.5495 0.6082 0.0000
vt 0.5492 0.6270 0.0000
vt 0.5019 0.6722 0.0000
vt 0.5019 0.6562 0.0000
vt 0.5019 0.6206 0.0000
vt 0.5162 0.6002 0.0000
vt 0.5616 0.6182 0.0000
vt 0.5019 0.5991 0.0000
vt 0.5213 0.5899 0.0000
vt 0.5165 0.5793 0.0000
vt 0.5019 0.5801 0.0000
vt 0.5019 0.5710 0.0000
vt 0.5146 0.5700 0.0000
vt 0.5151 0.5582 0.0000
vt 0.5019 0.5588 0.0000
vt 0.5019 0.5438 0.0000
vt 0.5171 0.5444 0.0000
vt 0.5283 0.5763 0.0000
vt 0.5352 0.5832 0.0000
vt 0.5310 0.5468 0.0000
vt 0.5265 0.5574 0.0000
vt 0.5377 0.5721 0.0000
vt 0.5446 0.5762 0.0000
vt 0.5428 0.5513 0.0000
vt 0.5363 0.5579 0.0000
vt 0.5439 0.5606 0.0000
vt 0.5498 0.5583 0.0000
vt 0.5501 0.5675 0.0000
vt 0.5442 0.5667 0.0000
vt 0.5382 0.5642 0.0000
vt 0.5328 0.5655 0.0000
vt 0.5250 0.5676 0.0000
vt 0.5019 0.5268 0.0000
vt 0.5208 0.5283 0.0000
vt 0.5467 0.5903 0.0000
vt 0.5396 0.5332 0.0000
vt 0.5556 0.5806 0.0000
vt 0.5554 0.5418 0.0000
vt 0.5614 0.5689 0.0000
vt 0.5623 0.5554 0.0000
vt 0.5749 0.6093 0.0000
vt 0.5870 0.6203 0.0000
vt 0.5723 0.6277 0.0000
vt 0.5604 0.5988 0.0000
vt 0.5588 0.6367 0.0000
vt 0.5898 0.5994 0.0000
vt 0.6050 0.6136 0.0000
vt 0.5714 0.5881 0.0000
vt 0.5250 0.5086 0.0000
vt 0.5019 0.5052 0.0000
vt 0.5511 0.5134 0.0000
vt 0.5809 0.5249 0.0000
vt 0.5807 0.5740 0.0000
vt 0.5851 0.5541 0.0000
vt 0.6054 0.5858 0.0000
vt 0.6324 0.6063 0.0000
vt 0.6183 0.5653 0.0000
vt 0.6538 0.5863 0.0000
vt 0.6839 0.6159 0.0000
vt 0.6626 0.6301 0.0000
vt 0.6751 0.6559 0.0000
vt 0.6962 0.6501 0.0000
vt 0.6928 0.6821 0.0000
vt 0.6746 0.6797 0.0000
vt 0.5739 0.7835 0.0000
vt 0.5858 0.7443 0.0000
vt 0.5984 0.7716 0.0000
vt 0.6081 0.7369 0.0000
vt 0.6208 0.7589 0.0000
vt 0.6283 0.7264 0.0000
vt 0.6418 0.7442 0.0000
vt 0.6474 0.7135 0.0000
vt 0.6626 0.7274 0.0000
vt 0.5268 0.8014 0.0000
vt 0.5509 0.7935 0.0000
vt 0.5019 0.5889 0.0000
vt 0.5019 0.8059 0.0000
vt 0.5019 0.7585 0.0000
vt 0.6282 0.5401 0.0000
vt 0.6718 0.5648 0.0000
vt 0.7090 0.6004 0.0000
vt 0.7215 0.6467 0.0000
vt 0.7111 0.6860 0.0000
vt 0.6985 0.7171 0.0000
vt 0.6820 0.7077 0.0000
vt 0.5952 0.8201 0.0000
vt 0.6179 0.8022 0.0000
vt 0.6383 0.7843 0.0000
vt 0.6585 0.7649 0.0000
vt 0.6788 0.7428 0.0000
vt 0.5019 0.8666 0.0000
vt 0.5394 0.8536 0.0000
vt 0.5698 0.8376 0.0000
vt 0.6642 0.6984 0.0000
vt 0.6277 0.8525 0.0000
vt 0.6461 0.8292 0.0000
vt 0.6628 0.8068 0.0000
vt 0.6791 0.7837 0.0000
vt 0.6964 0.7565 0.0000
vt 0.7141 0.7257 0.0000
vt 0.5578 0.9274 0.0000
vt 0.5828 0.9015 0.0000
vt 0.6067 0.8767 0.0000
vt 0.6689 0.8771 0.0000
vt 0.6813 0.8497 0.0000
vt 0.6927 0.8239 0.0000
vt 0.7037 0.7980 0.0000
vt 0.7301 0.7331 0.0000
vt 0.7165 0.7674 0.0000
vt 0.6242 0.9704 0.0000
vt 0.6398 0.9377 0.0000
vt 0.6551 0.9065 0.0000
vt 0.7161 0.8905 0.0000
vt 0.7212 0.8610 0.0000
vt 0.7261 0.8334 0.0000
vt 0.7315 0.8058 0.0000
vt 0.7387 0.7733 0.0000
vt 0.7470 0.7373 0.0000
vt 0.7046 0.9571 0.0000
vt 0.7105 0.9227 0.0000
vt 0.7662 0.8906 0.0000
vt 0.7634 0.8611 0.0000
vt 0.7614 0.8339 0.0000
vt 0.7607 0.8063 0.0000
vt 0.7620 0.7736 0.0000
vt 0.7648 0.7371 0.0000
vt 0.7731 0.9572 0.0000
vt 0.7694 0.9229 0.0000
vt 0.8159 0.8760 0.0000
vt 0.8052 0.8494 0.0000
vt 0.7963 0.8251 0.0000
vt 0.7894 0.7993 0.0000
vt 0.7851 0.7686 0.0000
vt 0.7834 0.7345 0.0000
vt 0.8560 0.9684 0.0000
vt 0.7780 0.9928 0.0000
vt 0.8410 0.9368 0.0000
vt 0.8279 0.9057 0.0000
vt 0.8609 0.8456 0.0000
vt 0.8433 0.8239 0.0000
vt 0.8282 0.8045 0.0000
vt 0.8155 0.7830 0.0000
vt 0.8059 0.7581 0.0000
vt 0.8007 0.7308 0.0000
vt 0.9015 0.8947 0.0000
vt 0.8804 0.8698 0.0000
vt 0.8966 0.7997 0.0000
vt 0.8741 0.7838 0.0000
vt 0.8541 0.7691 0.0000
vt 0.8364 0.7531 0.0000
vt 0.8221 0.7375 0.0000
vt 0.8130 0.7254 0.0000
vt 0.9468 0.8320 0.0000
vt 0.9207 0.8158 0.0000
vt 0.9178 0.7394 0.0000
vt 0.8938 0.7302 0.0000
vt 0.8711 0.7208 0.0000
vt 0.8504 0.7109 0.0000
vt 0.8319 0.7013 0.0000
vt 0.8155 0.6959 0.0000
vt 0.9703 0.7549 0.0000
vt 0.9431 0.7476 0.0000
vt 0.7277 0.6935 0.0000
vt 0.7414 0.6997 0.0000
vt 0.7539 0.7022 0.0000
vt 0.7673 0.6996 0.0000
vt 0.7836 0.6960 0.0000
vt 0.7997 0.6951 0.0000
vt 0.7790 0.6438 0.0000
vt 0.7984 0.6427 0.0000
vt 0.8170 0.6475 0.0000
vt 0.8354 0.6517 0.0000
vt 0.8553 0.6570 0.0000
vt 0.8768 0.6622 0.0000
vt 0.8995 0.6668 0.0000
vt 0.9220 0.6703 0.0000
vt 0.9454 0.6727 0.0000
vt 0.9700 0.6736 0.0000
vt 0.9960 0.6715 0.0000
vt 0.9995 0.7602 0.0000
vt 0.7282 0.5809 0.0000
vt 0.6865 0.5388 0.0000
vt 0.6370 0.5121 0.0000
vt 0.5927 0.5012 0.0000
vt 0.5589 0.4968 0.0000
vt 0.5300 0.4944 0.0000
vt 0.5019 0.4921 0.0000
vt 0.6991 0.9929 0.0000
vt 0.9248 0.9194 0.0000
vt 0.9753 0.8473 0.0000
vt 0.7865 0.6143 0.0000
vt 0.8161 0.5888 0.0000
vt 0.7995 0.5821 0.0000
vt 0.8341 0.5928 0.0000
vt 0.8529 0.5960 0.0000
vt 0.8725 0.5990 0.0000
vt 0.8925 0.6012 0.0000
vt 0.9125 0.6021 0.0000
vt 0.9327 0.6017 0.0000
vt 0.9531 0.6001 0.0000
vt 0.5391 0.4838 0.0000
vt 0.5603 0.4796 0.0000
vt 0.5799 0.4509 0.0000
vt 0.5911 0.4734 0.0000
vt 0.5533 0.4638 0.0000
vt 0.6024 0.4368 0.0000
vt 0.6306 0.4679 0.0000
vt 0.6936 0.5022 0.0000
vt 0.7452 0.5698 0.0000
vt 0.7357 0.5141 0.0000
vt 0.7613 0.5655 0.0000
vt 0.7596 0.5189 0.0000
vt 0.7736 0.5663 0.0000
vt 0.7767 0.5227 0.0000
vt 0.7851 0.5709 0.0000
vt 0.7933 0.5283 0.0000
vt 0.8106 0.5329 0.0000
vt 0.8288 0.5366 0.0000
vt 0.8470 0.5394 0.0000
vt 0.8651 0.5417 0.0000
vt 0.8829 0.5429 0.0000
vt 0.9003 0.5427 0.0000
vt 0.9169 0.5412 0.0000
vt 0.9324 0.5384 0.0000
vt 0.9465 0.5336 0.0000
vt 0.9734 0.5952 0.0000
vt 0.8085 0.3924 0.0000
vt 0.7787 0.3930 0.0000
vt 0.7877 0.3770 0.0000
vt 0.8158 0.3724 0.0000
vt 0.8018 0.4136 0.0000
vt 0.7754 0.4147 0.0000
vt 0.8105 0.4334 0.0000
vt 0.7915 0.4393 0.0000
vt 0.8294 0.4481 0.0000
vt 0.8189 0.4618 0.0000
vt 0.8493 0.4539 0.0000
vt 0.8760 0.4534 0.0000
vt 0.8803 0.4702 0.0000
vt 0.8450 0.4710 0.0000
vt 0.9007 0.4448 0.0000
vt 0.9134 0.4579 0.0000
vt 0.9256 0.4277 0.0000
vt 0.9429 0.4384 0.0000
vt 0.9519 0.4071 0.0000
vt 0.9699 0.4141 0.0000
vt 0.7590 0.3845 0.0000
vt 0.7739 0.3751 0.0000
vt 0.7395 0.4222 0.0000
vt 0.7060 0.4282 0.0000
vt 0.7047 0.4069 0.0000
vt 0.7275 0.4026 0.0000
vt 0.7668 0.4104 0.0000
vt 0.7459 0.3946 0.0000
vt 0.6855 0.4056 0.0000
vt 0.6805 0.4274 0.0000
vt 0.6600 0.3976 0.0000
vt 0.6487 0.4180 0.0000
vt 0.6190 0.4006 0.0000
vt 0.6354 0.3848 0.0000
vt 0.6129 0.3668 0.0000
vt 0.5914 0.3772 0.0000
vt 0.5757 0.3399 0.0000
vt 0.5633 0.3509 0.0000
vt 0.7455 0.3665 0.0000
vt 0.7313 0.3720 0.0000
vt 0.7028 0.3813 0.0000
vt 0.7133 0.3797 0.0000
vt 0.7228 0.3767 0.0000
vt 0.7478 0.6802 0.0000
vt 0.7541 0.6792 0.0000
vt 0.6928 0.3805 0.0000
vt 0.6666 0.3702 0.0000
vt 0.6798 0.3766 0.0000
vt 0.6546 0.3610 0.0000
vt 0.9784 0.3855 0.0000
vt 0.7395 0.6697 0.0000
vt 0.8415 0.3937 0.0000
vt 0.8501 0.3748 0.0000
vt 0.8353 0.4151 0.0000
vt 0.8359 0.4328 0.0000
vt 0.8390 0.4426 0.0000
vt 0.8535 0.4444 0.0000
vt 0.8732 0.4454 0.0000
vt 0.8889 0.4384 0.0000
vt 0.9073 0.4224 0.0000
vt 0.9291 0.4018 0.0000
vt 0.9535 0.3838 0.0000
vt 0.5381 0.3288 0.0000
vt 0.5654 0.3127 0.0000
vt 0.6461 0.3505 0.0000
vt 0.7306 0.5953 0.0000
vt 0.7411 0.6523 0.0000
vt 0.8856 0.3762 0.0000
vt 0.8801 0.3960 0.0000
vt 0.8690 0.4178 0.0000
vt 0.8598 0.4347 0.0000
vt 0.7378 0.6332 0.0000
vt 0.6432 0.3416 0.0000
vt 0.6988 0.3572 0.0000
vt 0.7668 0.6691 0.0000
vt 0.7708 0.6114 0.0000
vt 0.7748 0.6095 0.0000
vt 0.7800 0.6091 0.0000
vt 0.6302 0.2744 0.0000
vt 0.6225 0.3042 0.0000
vt 0.5955 0.2644 0.0000
vt 0.6127 0.2459 0.0000
vt 0.6582 0.2842 0.0000
vt 0.6654 0.3243 0.0000
vt 0.6895 0.2729 0.0000
vt 0.7116 0.3169 0.0000
vt 0.7146 0.2443 0.0000
vt 0.7495 0.2817 0.0000
vt 0.7380 0.1971 0.0000
vt 0.7750 0.2270 0.0000
vt 0.7545 0.1440 0.0000
vt 0.7804 0.1648 0.0000
vt 0.7581 0.1009 0.0000
vt 0.7764 0.1172 0.0000
vt 0.7554 0.0659 0.0000
vt 0.7472 0.0470 0.0000
vt 0.7565 0.0492 0.0000
vt 0.7679 0.0771 0.0000
vt 0.7374 0.0424 0.0000
vt 0.7212 0.0399 0.0000
vt 0.7220 0.0306 0.0000
vt 0.7440 0.0361 0.0000
vt 0.6972 0.0403 0.0000
vt 0.6889 0.0338 0.0000
vt 0.6073 0.2071 0.0000
vt 0.5837 0.2148 0.0000
vt 0.5879 0.1585 0.0000
vt 0.6157 0.1603 0.0000
vt 0.6310 0.1202 0.0000
vt 0.6024 0.1137 0.0000
vt 0.6261 0.0807 0.0000
vt 0.6502 0.0869 0.0000
vt 0.6565 0.0504 0.0000
vt 0.6736 0.0565 0.0000
vt 0.6860 0.1448 0.0000
vt 0.5505 0.6858 0.0000
vt 0.5573 0.6849 0.0000
vt 0.5591 0.6957 0.0000
vt 0.5634 0.6740 0.0000
vt 0.5719 0.6648 0.0000
vt 0.5810 0.6563 0.0000
vt 0.5911 0.6475 0.0000
vt 0.6004 0.6424 0.0000
vt 0.6107 0.6434 0.0000
vt 0.6222 0.6466 0.0000
vt 0.6309 0.6530 0.0000
vt 0.6345 0.6636 0.0000
vt 0.6326 0.6730 0.0000
vt 0.6272 0.6792 0.0000
vt 0.6174 0.6864 0.0000
vt 0.6050 0.6947 0.0000
vt 0.5925 0.7020 0.0000
vt 0.5785 0.7052 0.0000
vt 0.5671 0.7026 0.0000
vt 0.5019 0.7236 0.0000
vt 0.5019 0.6956 0.0000
vt 0.5291 0.4764 0.0000
# 433 texture coords

o Head
g Head
usemtl defaultMat
s 1
f 5009/1637/5017 5010/1638/5018 5011/1639/5019 5012/1640/5020 
f 5013/1641/5021 5014/1642/5022 5015/1643/5023 5016/1644/5024 
f 5017/1645/5025 5018/1646/5026 5014/1642/5022 5013/1641/5021 
f 5019/1647/5027 5020/1648/5028 5010/1638/5018 5009/1637/5017 
f 5021/1649/5029 5022/1650/5030 5023/1651/5031 5012/1640/5020 
f 5019/1647/5027 5024/1652/5032 5025/1653/5033 5026/1654/5034 
f 5026/1654/5034 5025/1653/5033 5027/1655/5035 5028/1656/5036 
f 5028/1656/5036 5027/1655/5035 5029/1657/5037 5030/1658/5038 
f 5030/1658/5038 5029/1657/5037 5031/1659/5039 5032/1660/5040 
f 5032/1660/5040 5031/1659/5039 5033/1661/5041 5034/1662/5042 
f 5035/1663/5043 5036/1664/5044 5037/1665/5045 5038/1666/5046 
f 5039/1667/5047 5040/1668/5048 5041/1669/5049 5042/1670/5050 
f 5043/1671/5051 5044/1672/5052 5045/1673/5053 5046/1674/5054 
f 5047/1675/5055 5048/1676/5056 5049/1677/5057 5050/1678/5058 
f 5051/1679/5059 5052/1680/5060 5048/1676/5056 5047/1675/5055 
f 5051/1679/5059 5039/1667/5047 5042/1670/5050 5052/1680/5060 
f 5053/1681/5061 5054/1682/5062 5055/1683/5063 5056/1684/5064 
f 5057/1685/5065 5016/1644/5024 5015/1643/5023 5058/1686/5066 
f 5010/1638/5018 5013/1641/5021 5016/1644/5024 5011/1639/5019 
f 5020/1648/5028 5017/1645/5025 5013/1641/5021 5010/1638/5018 
f 5011/1639/5019 5016/1644/5024 5057/1685/5065 5059/1687/5067 
f 5056/1684/5064 5055/1683/5063 5060/1688/5068 5061/1689/5069 
f 5062/1690/5070 5063/1691/5071 5064/1692/5072 5065/1693/5073 
f 5066/1694/5074 5063/1691/5071 5055/1683/5063 5054/1682/5062 
f 5055/1683/5063 5063/1691/5071 5062/1690/5070 5060/1688/5068 
f 5067/1695/5075 5059/1687/5067 5057/1685/5065 5061/1689/5069 
f 5068/1696/5076 5069/1697/5077 5062/1690/5070 5065/1693/5073 
f 5068/1696/5076 5065/1693/5073 5070/1698/5078 5071/1699/5079 
f 5069/1697/5077 5072/1700/5080 5060/1688/5068 5062/1690/5070 
f 5073/1701/5081 5018/1646/5026 5017/1645/5025 5074/1702/5082 
f 5074/1702/5082 5017/1645/5025 5020/1648/5028 5075/1703/5083 
f 5076/1704/5084 5077/1705/5085 5078/1706/5086 5079/1707/5087 
f 5067/1695/5075 5072/1700/5080 5076/1704/5084 5080/1708/5088 
f 5081/1709/5089 5082/1710/5090 5058/1686/5066 5015/1643/5023 
f 5063/1691/5071 5066/1694/5074 5083/1711/5091 5064/1692/5072 
f 5064/1692/5072 5083/1711/5091 5070/1698/5078 5065/1693/5073 
f 5069/1697/5077 5068/1696/5076 5084/1712/5092 5077/1705/5085 
f 5046/1674/5054 5045/1673/5053 5022/1650/5030 5021/1649/5029 
f 5077/1705/5085 5076/1704/5084 5072/1700/5080 5069/1697/5077 
f 5080/1708/5088 5076/1704/5084 5079/1707/5087 5085/1713/5093 
f 5086/1714/5094 5084/1712/5092 5068/1696/5076 5071/1699/5079 
f 5077/1705/5085 5084/1712/5092 5087/1715/5095 5078/1706/5086 
f 5088/1716/5096 5089/1717/5097 5090/1718/5098 5091/1719/5099 
f 5092/1720/5100 5093/1721/5101 5094/1722/5102 5095/1723/5103 
f 5087/1715/5095 5088/1716/5096 5096/1724/5104 5097/1725/5105 
f 5095/1723/5103 5098/1726/5106 5099/1727/5107 5092/1720/5100 
f 5097/1725/5105 5096/1724/5104 5100/1728/5108 5101/1729/5109 
f 5098/1726/5106 5102/1730/5110 5103/1731/5111 5099/1727/5107 
f 5104/1732/5112 5105/1733/5113 5106/1734/5114 5107/1735/5115 
f 5101/1729/5109 5100/1728/5108 5107/1735/5115 5106/1734/5114 
f 5102/1730/5110 5105/1733/5113 5104/1732/5112 5103/1731/5111 
f 5104/1732/5112 5107/1735/5115 5108/1736/5116 
f 5108/1736/5116 5107/1735/5115 5100/1728/5108 5109/1737/5117 
f 5103/1731/5111 5104/1732/5112 5108/1736/5116 5109/1737/5117 
f 5096/1724/5104 5110/1738/5118 5109/1737/5117 5100/1728/5108 
f 5091/1719/5099 5110/1738/5118 5096/1724/5104 5088/1716/5096 
f 5099/1727/5107 5103/1731/5111 5109/1737/5117 5110/1738/5118 
f 5092/1720/5100 5099/1727/5107 5110/1738/5118 5091/1719/5099 
f 5111/1739/5119 5112/1740/5120 5095/1723/5103 5094/1722/5102 
f 5078/1706/5086 5087/1715/5095 5097/1725/5105 5113/1741/5121 
f 5112/1740/5120 5114/1742/5122 5098/1726/5106 5095/1723/5103 
f 5113/1741/5121 5097/1725/5105 5101/1729/5109 5115/1743/5123 
f 5114/1742/5122 5116/1744/5124 5102/1730/5110 5098/1726/5106 
f 5117/1745/5125 5106/1734/5114 5105/1733/5113 5118/1746/5126 
f 5115/1743/5123 5101/1729/5109 5106/1734/5114 5117/1745/5125 
f 5116/1744/5124 5118/1746/5126 5105/1733/5113 5102/1730/5110 
f 5050/1678/5058 5049/1677/5057 5044/1672/5052 5043/1671/5051 
f 5119/1747/5127 5120/1748/5128 5121/1749/5129 5085/1713/5093 
f 5113/1741/5121 5122/1750/5130 5079/1707/5087 5078/1706/5086 
f 5082/1710/5090 5053/1681/5061 5056/1684/5064 5058/1686/5066 
f 5058/1686/5066 5056/1684/5064 5061/1689/5069 5057/1685/5065 
f 5072/1700/5080 5067/1695/5075 5061/1689/5069 5060/1688/5068 
f 5059/1687/5067 5067/1695/5075 5080/1708/5088 5123/1751/5131 
f 5123/1751/5131 5080/1708/5088 5085/1713/5093 5121/1749/5129 
f 5122/1750/5130 5119/1747/5127 5085/1713/5093 5079/1707/5087 
f 5124/1752/5132 5125/1753/5133 5120/1748/5128 5119/1747/5127 
f 5126/1754/5134 5124/1752/5132 5119/1747/5127 5122/1750/5130 
f 5115/1743/5123 5126/1754/5134 5122/1750/5130 5113/1741/5121 
f 5127/1755/5135 5112/1740/5120 5111/1739/5119 5128/1756/5136 
f 5127/1755/5135 5129/1757/5137 5114/1742/5122 5112/1740/5120 
f 5129/1757/5137 5130/1758/5138 5116/1744/5124 5114/1742/5122 
f 5131/1759/5139 5117/1745/5125 5118/1746/5126 5132/1760/5140 
f 5126/1754/5134 5115/1743/5123 5117/1745/5125 5131/1759/5139 
f 5132/1760/5140 5118/1746/5126 5116/1744/5124 5130/1758/5138 
f 5133/1761/5141 5134/1762/5142 5125/1753/5133 5124/1752/5132 
f 5131/1759/5139 5133/1761/5141 5124/1752/5132 5126/1754/5134 
f 5132/1760/5140 5135/1763/5143 5133/1761/5141 5131/1759/5139 
f 5135/1763/5143 5136/1764/5144 5134/1762/5142 5133/1761/5141 
f 5136/1764/5144 5137/1765/5145 5138/1766/5146 5134/1762/5142 
f 5139/1767/5147 5138/1766/5146 5137/1765/5145 5140/1768/5148 
f 5139/1767/5147 5140/1768/5148 5141/1769/5149 5142/1770/5150 
f 5143/1771/5151 5075/1703/5083 5144/1772/5152 5145/1773/5153 
f 5145/1773/5153 5144/1772/5152 5146/1774/5154 5147/1775/5155 
f 5147/1775/5155 5146/1774/5154 5148/1776/5156 5149/1777/5157 
f 5149/1777/5157 5148/1776/5156 5150/1778/5158 5151/1779/5159 
f 5152/1780/5160 5073/1701/5081 5074/1702/5082 5153/1781/5161 
f 5153/1781/5161 5074/1702/5082 5075/1703/5083 5143/1771/5151 
f 5154/1782/5162 5089/1717/5097 5088/1716/5096 5087/1715/5095 
f 5093/1721/5101 5092/1720/5100 5091/1719/5099 5090/1718/5098 
f 5155/1783/5163 5156/1784/5164 5073/1701/5081 5152/1780/5160 
f 5157/1785/5165 5135/1763/5143 5132/1760/5140 5130/1758/5138 
f 5158/1786/5166 5136/1764/5144 5135/1763/5143 5157/1785/5165 
f 5158/1786/5166 5159/1787/5167 5137/1765/5145 5136/1764/5144 
f 5159/1787/5167 5160/1788/5168 5140/1768/5148 5137/1765/5145 
f 5161/1789/5169 5162/1790/5170 5163/1791/5171 5141/1769/5149 
f 5164/1792/5172 5143/1771/5151 5145/1773/5153 5165/1793/5173 
f 5165/1793/5173 5145/1773/5153 5147/1775/5155 5166/1794/5174 
f 5166/1794/5174 5147/1775/5155 5149/1777/5157 5167/1795/5175 
f 5167/1795/5175 5149/1777/5157 5151/1779/5159 5168/1796/5176 
f 5169/1797/5177 5155/1783/5163 5152/1780/5160 5170/1798/5178 
f 5170/1798/5178 5152/1780/5160 5153/1781/5161 5171/1799/5179 
f 5171/1799/5179 5153/1781/5161 5143/1771/5151 5164/1792/5172 
f 5040/1668/5048 5038/1666/5046 5037/1665/5045 5041/1669/5049 
f 5142/1770/5150 5141/1769/5149 5163/1791/5171 5172/1800/5180 
f 5161/1789/5169 5141/1769/5149 5140/1768/5148 5160/1788/5168 
f 5034/1662/5042 5033/1661/5041 5036/1664/5044 5035/1663/5043 
f 5151/1779/5159 5150/1778/5158 5172/1800/5180 5163/1791/5171 
f 5168/1796/5176 5151/1779/5159 5163/1791/5171 5162/1790/5170 
f 5173/1801/5181 5164/1792/5172 5165/1793/5173 5174/1802/5182 
f 5174/1802/5182 5165/1793/5173 5166/1794/5174 5175/1803/5183 
f 5175/1803/5183 5166/1794/5174 5167/1795/5175 5176/1804/5184 
f 5177/1805/5185 5168/1796/5176 5162/1790/5170 5178/1806/5186 
f 5179/1807/5187 5169/1797/5177 5170/1798/5178 5180/1808/5188 
f 5180/1808/5188 5170/1798/5178 5171/1799/5179 5181/1809/5189 
f 5181/1809/5189 5171/1799/5179 5164/1792/5172 5173/1801/5181 
f 5176/1804/5184 5167/1795/5175 5168/1796/5176 5177/1805/5185 
f 5182/1810/5190 5173/1801/5181 5174/1802/5182 5183/1811/5191 
f 5183/1811/5191 5174/1802/5182 5175/1803/5183 5184/1812/5192 
f 5184/1812/5192 5175/1803/5183 5176/1804/5184 5185/1813/5193 
f 5186/1814/5194 5187/1815/5195 5177/1805/5185 5178/1806/5186 
f 5188/1816/5196 5179/1807/5187 5180/1808/5188 5189/1817/5197 
f 5189/1817/5197 5180/1808/5188 5181/1809/5189 5190/1818/5198 
f 5190/1818/5198 5181/1809/5189 5173/1801/5181 5182/1810/5190 
f 5187/1815/5195 5185/1813/5193 5176/1804/5184 5177/1805/5185 
f 5191/1819/5199 5182/1810/5190 5183/1811/5191 5192/1820/5200 
f 5192/1820/5200 5183/1811/5191 5184/1812/5192 5193/1821/5201 
f 5193/1821/5201 5184/1812/5192 5185/1813/5193 5194/1822/5202 
f 5195/1823/5203 5187/1815/5195 5186/1814/5194 5196/1824/5204 
f 5197/1825/5205 5189/1817/5197 5190/1818/5198 5198/1826/5206 
f 5198/1826/5206 5190/1818/5198 5182/1810/5190 5191/1819/5199 
f 5194/1822/5202 5185/1813/5193 5187/1815/5195 5195/1823/5203 
f 5199/1827/5207 5191/1819/5199 5192/1820/5200 5200/1828/5208 
f 5200/1828/5208 5192/1820/5200 5193/1821/5201 5201/1829/5209 
f 5201/1829/5209 5193/1821/5201 5194/1822/5202 5202/1830/5210 
f 5203/1831/5211 5195/1823/5203 5196/1824/5204 5204/1832/5212 
f 5205/1833/5213 5197/1825/5205 5198/1826/5206 5206/1834/5214 
f 5206/1834/5214 5198/1826/5206 5191/1819/5199 5199/1827/5207 
f 5202/1830/5210 5194/1822/5202 5195/1823/5203 5203/1831/5211 
f 5207/1835/5215 5199/1827/5207 5200/1828/5208 5208/1836/5216 
f 5208/1836/5216 5200/1828/5208 5201/1829/5209 5209/1837/5217 
f 5209/1837/5217 5201/1829/5209 5202/1830/5210 5210/1838/5218 
f 5211/1839/5219 5203/1831/5211 5204/1832/5212 5212/1840/5220 
f 5213/1841/5221 5214/1842/5222 5205/1833/5213 5215/1843/5223 
f 5215/1843/5223 5205/1833/5213 5206/1834/5214 5216/1844/5224 
f 5216/1844/5224 5206/1834/5214 5199/1827/5207 5207/1835/5215 
f 5210/1838/5218 5202/1830/5210 5203/1831/5211 5211/1839/5219 
f 5217/1845/5225 5207/1835/5215 5208/1836/5216 5218/1846/5226 
f 5218/1846/5226 5208/1836/5216 5209/1837/5217 5219/1847/5227 
f 5219/1847/5227 5209/1837/5217 5210/1838/5218 5220/1848/5228 
f 5221/1849/5229 5211/1839/5219 5212/1840/5220 5222/1850/5230 
f 5223/1851/5231 5215/1843/5223 5216/1844/5224 5224/1852/5232 
f 5224/1852/5232 5216/1844/5224 5207/1835/5215 5217/1845/5225 
f 5220/1848/5228 5210/1838/5218 5211/1839/5219 5221/1849/5229 
f 5225/1853/5233 5217/1845/5225 5218/1846/5226 5226/1854/5234 
f 5226/1854/5234 5218/1846/5226 5219/1847/5227 5227/1855/5235 
f 5227/1855/5235 5219/1847/5227 5220/1848/5228 5228/1856/5236 
f 5229/1857/5237 5221/1849/5229 5222/1850/5230 5230/1858/5238 
f 5231/1859/5239 5223/1851/5231 5224/1852/5232 5232/1860/5240 
f 5232/1860/5240 5224/1852/5232 5217/1845/5225 5225/1853/5233 
f 5228/1856/5236 5220/1848/5228 5221/1849/5229 5229/1857/5237 
f 5233/1861/5241 5225/1853/5233 5226/1854/5234 5234/1862/5242 
f 5234/1862/5242 5226/1854/5234 5227/1855/5235 5235/1863/5243 
f 5235/1863/5243 5227/1855/5235 5228/1856/5236 5236/1864/5244 
f 5237/1865/5245 5229/1857/5237 5230/1858/5238 5238/1866/5246 
f 5239/1867/5247 5231/1859/5239 5232/1860/5240 5240/1868/5248 
f 5240/1868/5248 5232/1860/5240 5225/1853/5233 5233/1861/5241 
f 5236/1864/5244 5228/1856/5236 5229/1857/5237 5237/1865/5245 
f 5241/1869/5249 5178/1806/5186 5162/1790/5170 5161/1789/5169 
f 5242/1870/5250 5186/1814/5194 5178/1806/5186 5241/1869/5249 
f 5243/1871/5251 5196/1824/5204 5186/1814/5194 5242/1870/5250 
f 5243/1871/5251 5244/1872/5252 5204/1832/5212 5196/1824/5204 
f 5244/1872/5252 5245/1873/5253 5212/1840/5220 5204/1832/5212 
f 5245/1873/5253 5246/1874/5254 5222/1850/5230 5212/1840/5220 
f 5246/1874/5254 5238/1866/5246 5230/1858/5238 5222/1850/5230 
f 5246/1874/5254 5245/1873/5253 5247/1875/5255 5248/1876/5256 
f 5249/1877/5257 5238/1866/5246 5246/1874/5254 5248/1876/5256 
f 5250/1878/5258 5237/1865/5245 5238/1866/5246 5249/1877/5257 
f 5251/1879/5259 5236/1864/5244 5237/1865/5245 5250/1878/5258 
f 5252/1880/5260 5235/1863/5243 5236/1864/5244 5251/1879/5259 
f 5253/1881/5261 5234/1862/5242 5235/1863/5243 5252/1880/5260 
f 5254/1882/5262 5233/1861/5241 5234/1862/5242 5253/1881/5261 
f 5255/1883/5263 5240/1868/5248 5233/1861/5241 5254/1882/5262 
f 5256/1884/5264 5239/1867/5247 5240/1868/5248 5255/1883/5263 
f 5257/1885/5265 5258/1886/5266 5239/1867/5247 5256/1884/5264 
f 5259/1887/5267 5159/1787/5167 5158/1786/5166 5260/1888/5268 
f 5260/1888/5268 5158/1786/5166 5157/1785/5165 5261/1889/5269 
f 5262/1890/5270 5261/1889/5269 5157/1785/5165 5130/1758/5138 
f 5263/1891/5271 5262/1890/5270 5130/1758/5138 5129/1757/5137 
f 5264/1892/5272 5263/1891/5271 5129/1757/5137 5127/1755/5135 
f 5265/1893/5273 5264/1892/5272 5127/1755/5135 5128/1756/5136 
f 5266/1894/5274 5188/1816/5196 5189/1817/5197 5197/1825/5205 
f 5214/1842/5222 5266/1894/5274 5197/1825/5205 5205/1833/5213 
f 5267/1895/5275 5213/1841/5221 5215/1843/5223 5223/1851/5231 
f 5268/1896/5276 5267/1895/5275 5223/1851/5231 5231/1859/5239 
f 5258/1886/5266 5268/1896/5276 5231/1859/5239 5239/1867/5247 
f 5248/1876/5256 5247/1875/5255 5269/1897/5277 
f 5270/1898/5278 5249/1877/5257 5248/1876/5256 5271/1899/5279 
f 5272/1900/5280 5250/1878/5258 5249/1877/5257 5270/1898/5278 
f 5273/1901/5281 5251/1879/5259 5250/1878/5258 5272/1900/5280 
f 5274/1902/5282 5252/1880/5260 5251/1879/5259 5273/1901/5281 
f 5275/1903/5283 5253/1881/5261 5252/1880/5260 5274/1902/5282 
f 5276/1904/5284 5254/1882/5262 5253/1881/5261 5275/1903/5283 
f 5277/1905/5285 5255/1883/5263 5254/1882/5262 5276/1904/5284 
f 5278/1906/5286 5256/1884/5264 5255/1883/5263 5277/1905/5285 
f 5279/1907/5287 5280/1908/5288 5263/1891/5271 5264/1892/5272 
f 5281/1909/5289 5282/1910/5290 5280/1908/5288 5283/1911/5291 
f 5282/1910/5290 5262/1890/5270 5263/1891/5271 5280/1908/5288 
f 5284/1912/5292 5285/1913/5293 5282/1910/5290 5281/1909/5289 
f 5285/1913/5293 5261/1889/5269 5262/1890/5270 5282/1910/5290 
f 5260/1888/5268 5286/1914/5294 5287/1915/5295 5259/1887/5267 
f 5288/1916/5296 5289/1917/5297 5287/1915/5295 5286/1914/5294 
f 5290/1918/5298 5291/1919/5299 5289/1917/5297 5288/1916/5296 
f 5292/1920/5300 5293/1921/5301 5291/1919/5299 5290/1918/5298 
f 5294/1922/5302 5271/1899/5279 5293/1921/5301 5292/1920/5300 
f 5295/1923/5303 5270/1898/5278 5271/1899/5279 5294/1922/5302 
f 5296/1924/5304 5272/1900/5280 5270/1898/5278 5295/1923/5303 
f 5297/1925/5305 5273/1901/5281 5272/1900/5280 5296/1924/5304 
f 5298/1926/5306 5274/1902/5282 5273/1901/5281 5297/1925/5305 
f 5299/1927/5307 5275/1903/5283 5274/1902/5282 5298/1926/5306 
f 5300/1928/5308 5276/1904/5284 5275/1903/5283 5299/1927/5307 
f 5301/1929/5309 5277/1905/5285 5276/1904/5284 5300/1928/5308 
f 5302/1930/5310 5278/1906/5286 5277/1905/5285 5301/1929/5309 
f 5303/1931/5311 5304/1932/5312 5278/1906/5286 5302/1930/5310 
f 5286/1914/5294 5260/1888/5268 5261/1889/5269 5285/1913/5293 
f 5305/1933/5313 5306/1934/5314 5307/1935/5315 5308/1936/5316 
f 5306/1934/5314 5305/1933/5313 5309/1937/5317 5310/1938/5318 
f 5309/1937/5317 5311/1939/5319 5312/1940/5320 5310/1938/5318 
f 5311/1939/5319 5313/1941/5321 5314/1942/5322 5312/1940/5320 
f 5315/1943/5323 5316/1944/5324 5317/1945/5325 5318/1946/5326 
f 5316/1944/5324 5319/1947/5327 5320/1948/5328 5317/1945/5325 
f 5320/1948/5328 5319/1947/5327 5321/1949/5329 5322/1950/5330 
f 5322/1950/5330 5321/1949/5329 5323/1951/5331 5324/1952/5332 
f 5306/1934/5314 5325/1953/5333 5326/1954/5334 5307/1935/5315 
f 5312/1955/5320 5314/1956/5322 5327/1957/5335 5328/1958/5336 
f 5325/1953/5333 5306/1934/5314 5310/1959/5318 5329/1960/5337 
f 5329/1960/5337 5310/1959/5318 5312/1955/5320 5328/1958/5336 
f 5330/1961/5338 5327/1957/5335 5314/1956/5322 5318/1962/5326 
f 5331/1963/5339 5317/1964/5325 5320/1965/5328 5332/1966/5340 
f 5333/1967/5341 5332/1966/5340 5320/1965/5328 5322/1968/5330 
f 5334/1969/5342 5333/1967/5341 5322/1968/5330 5324/1970/5332 
f 5335/1971/5343 5326/1954/5334 5325/1953/5333 5336/1972/5344 
f 5337/1973/5345 5338/1974/5346 5328/1958/5336 5327/1957/5335 
f 5336/1972/5344 5325/1953/5333 5329/1960/5337 5339/1975/5347 
f 5339/1975/5347 5329/1960/5337 5328/1958/5336 5338/1974/5346 
f 5242/1870/5250 5307/1976/5315 5326/1977/5334 5243/1871/5251 
f 5340/1978/5348 5337/1973/5345 5327/1957/5335 5330/1961/5338 
f 5341/1979/5349 5342/1980/5350 5331/1963/5339 5332/1966/5340 
f 5343/1981/5351 5341/1979/5349 5332/1966/5340 5333/1967/5341 
f 5259/1982/5267 5324/1952/5332 5323/1951/5331 
f 5308/1983/5316 5241/1869/5249 5161/1789/5169 5160/1788/5168 
f 5344/1984/5352 5305/1933/5313 5308/1936/5316 5345/1985/5353 
f 5346/1986/5354 5309/1937/5317 5305/1933/5313 5344/1984/5352 
f 5346/1986/5354 5347/1987/5355 5311/1939/5319 5309/1937/5317 
f 5347/1987/5355 5348/1988/5356 5313/1941/5321 5311/1939/5319 
f 5349/1989/5357 5350/1990/5358 5316/1944/5324 5315/1943/5323 
f 5351/1991/5359 5319/1947/5327 5316/1944/5324 5350/1990/5358 
f 5352/1992/5360 5321/1949/5329 5319/1947/5327 5351/1991/5359 
f 5353/1993/5361 5323/1951/5331 5321/1949/5329 5352/1992/5360 
f 5354/1994/5362 5259/1982/5267 5323/1951/5331 5353/1993/5361 
f 5334/1969/5342 5259/1995/5267 5287/1996/5295 
f 5333/1967/5341 5334/1969/5342 5355/1997/5363 5343/1981/5351 
f 5259/1887/5267 5354/1998/5362 5159/1787/5167 
f 5160/1788/5168 5345/1999/5353 5308/1983/5316 
f 5356/2000/5364 5354/1994/5362 5353/1993/5361 5357/2001/5365 
f 5357/2001/5365 5353/1993/5361 5352/1992/5360 5358/2002/5366 
f 5358/2002/5366 5352/1992/5360 5351/1991/5359 5359/2003/5367 
f 5349/1989/5357 5348/1988/5356 5347/1987/5355 5359/2003/5367 
f 5345/1985/5353 5356/2000/5364 5357/2001/5365 5344/1984/5352 
f 5344/1984/5352 5357/2001/5365 5358/2002/5366 5346/1986/5354 
f 5346/1986/5354 5358/2002/5366 5359/2003/5367 5347/1987/5355 
f 5313/1941/5321 5315/1943/5323 5318/1946/5326 5314/1942/5322 
f 5330/1961/5338 5318/1962/5326 5317/1964/5325 5331/1963/5339 
f 5342/1980/5350 5340/1978/5348 5330/1961/5338 5331/1963/5339 
f 5348/1988/5356 5349/1989/5357 5315/1943/5323 5313/1941/5321 
f 5350/1990/5358 5349/1989/5357 5359/2003/5367 5351/1991/5359 
f 5356/2004/5364 5160/1788/5168 5159/1787/5167 5354/1998/5362 
f 5241/1869/5249 5308/1983/5316 5307/1976/5315 5242/1870/5250 
f 5360/2005/5368 5355/1997/5363 5334/1969/5342 5287/1996/5295 
f 5336/1972/5344 5247/2006/5255 5335/1971/5343 
f 5337/1973/5345 5247/2006/5255 5338/1974/5346 
f 5339/1975/5347 5247/2006/5255 5336/1972/5344 
f 5338/1974/5346 5247/2006/5255 5339/1975/5347 
f 5340/1978/5348 5247/2006/5255 5337/1973/5345 
f 5341/1979/5349 5247/2006/5255 5342/1980/5350 
f 5343/1981/5351 5247/2006/5255 5341/1979/5349 
f 5355/1997/5363 5247/2006/5255 5343/1981/5351 
f 5342/1980/5350 5247/2006/5255 5340/1978/5348 
f 5360/2005/5368 5247/2006/5255 5355/1997/5363 
f 5160/1788/5168 5356/2004/5364 5345/1999/5353 
f 5244/1872/5252 5243/1871/5251 5326/1977/5334 5335/2007/5343 
f 5360/2008/5368 5287/1915/5295 5289/1917/5297 5361/2009/5369 
f 5360/2008/5368 5361/2009/5369 5247/1875/5255 
f 5362/2010/5370 5291/1919/5299 5293/1921/5301 5269/1897/5277 
f 5361/2009/5369 5289/1917/5297 5291/1919/5299 5362/2010/5370 
f 5271/1899/5279 5248/1876/5256 5269/1897/5277 5293/1921/5301 
f 5362/2010/5370 5269/1897/5277 5247/1875/5255 
f 5361/2009/5369 5362/2010/5370 5247/1875/5255 
f 5245/1873/5253 5244/1872/5252 5335/2007/5343 5247/1875/5255 
f 5363/2011/5371 5364/2012/5372 5365/2013/5373 5366/2014/5374 
f 5367/2015/5375 5368/2016/5376 5364/2012/5372 5363/2011/5371 
f 5369/2017/5377 5370/2018/5378 5368/2016/5376 5367/2015/5375 
f 5371/2019/5379 5372/2020/5380 5370/2018/5378 5369/2017/5377 
f 5373/2021/5381 5374/2022/5382 5372/2020/5380 5371/2019/5379 
f 5373/2021/5381 5375/2023/5383 5376/2024/5384 5374/2022/5382 
f 5375/2023/5383 5377/2025/5385 5378/2026/5386 5376/2024/5384 
f 5379/2027/5387 5380/2028/5388 5381/2029/5389 5382/2030/5390 
f 5383/2031/5391 5384/2032/5392 5385/2033/5393 5386/2034/5394 
f 5387/2035/5395 5388/2036/5396 5385/2033/5393 5384/2032/5392 
f 5389/2037/5397 5390/2038/5398 5391/2039/5399 5392/2040/5400 
f 5393/2041/5401 5394/2042/5402 5395/2043/5403 5396/2044/5404 
f 5396/2044/5404 5395/2043/5403 5397/2045/5405 5398/2046/5406 
f 5398/2046/5406 5397/2045/5405 5388/2036/5396 5387/2035/5395 
f 5366/2014/5374 5365/2013/5373 5390/2038/5398 5389/2037/5397 
f 5392/2040/5400 5391/2039/5399 5394/2042/5402 5393/2041/5401 
f 5380/2028/5388 5383/2031/5391 5386/2034/5394 5381/2029/5389 
f 5377/2025/5385 5379/2027/5387 5382/2030/5390 5378/2026/5386 
f 5363/2011/5371 5366/2014/5374 5399/2047/5407 
f 5367/2015/5375 5363/2011/5371 5399/2047/5407 
f 5369/2017/5377 5367/2015/5375 5399/2047/5407 
f 5371/2019/5379 5369/2017/5377 5399/2047/5407 
f 5373/2021/5381 5371/2019/5379 5399/2047/5407 
f 5375/2023/5383 5373/2021/5381 5399/2047/5407 
f 5377/2025/5385 5375/2023/5383 5399/2047/5407 
f 5380/2028/5388 5379/2027/5387 5399/2047/5407 
f 5384/2032/5392 5383/2031/5391 5399/2047/5407 
f 5387/2035/5395 5384/2032/5392 5399/2047/5407 
f 5389/2037/5397 5392/2040/5400 5399/2047/5407 
f 5393/2041/5401 5396/2044/5404 5399/2047/5407 
f 5396/2044/5404 5398/2046/5406 5399/2047/5407 
f 5398/2046/5406 5387/2035/5395 5399/2047/5407 
f 5366/2014/5374 5389/2037/5397 5399/2047/5407 
f 5392/2040/5400 5393/2041/5401 5399/2047/5407 
f 5383/2031/5391 5380/2028/5388 5399/2047/5407 
f 5379/2027/5387 5377/2025/5385 5399/2047/5407 
f 5400/2048/5408 5368/2049/5376 5370/2050/5378 5024/1652/5032 
f 5023/1651/5031 5364/2051/5372 5368/2049/5376 5400/2048/5408 
f 5022/1650/5030 5365/2052/5373 5364/2051/5372 5023/1651/5031 
f 5045/1673/5053 5390/2053/5398 5365/2052/5373 5022/1650/5030 
f 5044/1672/5052 5391/2054/5399 5390/2053/5398 5045/1673/5053 
f 5049/1677/5057 5394/2055/5402 5391/2054/5399 5044/1672/5052 
f 5048/1676/5056 5395/2056/5403 5394/2055/5402 5049/1677/5057 
f 5052/1680/5060 5397/2057/5405 5395/2056/5403 5048/1676/5056 
f 5052/1680/5060 5042/1670/5050 5388/2058/5396 5397/2057/5405 
f 5042/1670/5050 5041/1669/5049 5385/2059/5393 5388/2058/5396 
f 5041/1669/5049 5037/1665/5045 5386/2060/5394 5385/2059/5393 
f 5036/1664/5044 5381/2061/5389 5386/2060/5394 5037/1665/5045 
f 5033/1661/5041 5382/2062/5390 5381/2061/5389 5036/1664/5044 
f 5031/1659/5039 5378/2063/5386 5382/2062/5390 5033/1661/5041 
f 5029/1657/5037 5376/2064/5384 5378/2063/5386 5031/1659/5039 
f 5027/1655/5035 5374/2065/5382 5376/2064/5384 5029/1657/5037 
f 5025/1653/5033 5372/2066/5380 5374/2065/5382 5027/1655/5035 
f 5024/1652/5032 5370/2050/5378 5372/2066/5380 5025/1653/5033 
f 5304/1932/5312 5257/1885/5265 5256/1884/5264 5278/1906/5286 
f 5334/1969/5342 5324/1970/5332 5259/1995/5267 
f 5018/1646/5026 5401/2067/5409 5402/2068/5410 5014/1642/5022 
f 5156/1784/5164 5401/2067/5409 5018/1646/5026 5073/1701/5081 
f 5084/1712/5092 5086/1714/5094 5154/1782/5162 5087/1715/5095 
f 5264/1892/5272 5265/1893/5273 5403/2069/5411 5279/1907/5287 
f 5279/1907/5287 5403/2069/5411 5283/1911/5291 5280/1908/5288 
f 5402/2068/5410 5081/1709/5089 5015/1643/5023 5014/1642/5022 
f 5400/2048/5408 5009/1637/5017 5012/1640/5020 5023/1651/5031 
f 5024/1652/5032 5019/1647/5027 5009/1637/5017 5400/2048/5408 
f 5059/1687/5067 5021/1649/5029 5012/1640/5020 5011/1639/5019 
f 5020/1648/5028 5019/1647/5027 5026/1654/5034 5075/1703/5083 
f 5075/1703/5083 5026/1654/5034 5028/1656/5036 5144/1772/5152 
f 5144/1772/5152 5028/1656/5036 5030/1658/5038 5146/1774/5154 
f 5146/1774/5154 5030/1658/5038 5032/1660/5040 5148/1776/5156 
f 5148/1776/5156 5032/1660/5040 5034/1662/5042 5150/1778/5158 
f 5172/1800/5180 5035/1663/5043 5038/1666/5046 5142/1770/5150 
f 5040/1668/5048 5039/1667/5047 5138/1766/5146 5139/1767/5147 
f 5121/1749/5129 5043/1671/5051 5046/1674/5054 5123/1751/5131 
f 5125/1753/5133 5047/1675/5055 5050/1678/5058 5120/1748/5128 
f 5134/1762/5142 5051/1679/5059 5047/1675/5055 5125/1753/5133 
f 5138/1766/5146 5039/1667/5047 5051/1679/5059 5134/1762/5142 
f 5123/1751/5131 5046/1674/5054 5021/1649/5029 5059/1687/5067 
f 5120/1748/5128 5050/1678/5058 5043/1671/5051 5121/1749/5129 
f 5038/1666/5046 5040/1668/5048 5139/1767/5147 5142/1770/5150 
f 5150/1778/5158 5034/1662/5042 5035/1663/5043 5172/1800/5180 
f 5404/1637/5412 5405/1640/5413 5406/1639/5414 5407/1638/5415 
f 5408/1641/5416 5409/1644/5417 5410/1643/5418 5411/1642/5419 
f 5412/1645/5420 5408/1641/5416 5411/1642/5419 5413/1646/5421 
f 5414/1647/5422 5404/1637/5412 5407/1638/5415 5415/1648/5423 
f 5416/1649/5424 5405/1640/5413 5417/1651/5425 5418/1650/5426 
f 5414/1647/5422 5419/1654/5427 5420/1653/5428 5421/1652/5429 
f 5419/1654/5427 5422/1656/5430 5423/1655/5431 5420/1653/5428 
f 5422/1656/5430 5424/1658/5432 5425/1657/5433 5423/1655/5431 
f 5424/1658/5432 5426/1660/5434 5427/1659/5435 5425/1657/5433 
f 5426/1660/5434 5428/1662/5436 5429/1661/5437 5427/1659/5435 
f 5430/1663/5438 5431/1666/5439 5432/1665/5440 5433/1664/5441 
f 5434/1667/5442 5435/1670/5443 5436/1669/5444 5437/1668/5445 
f 5438/1671/5446 5439/1674/5447 5440/1673/5448 5441/1672/5449 
f 5442/1675/5450 5443/1678/5451 5444/1677/5452 5445/1676/5453 
f 5446/1679/5454 5442/1675/5450 5445/1676/5453 5447/1680/5455 
f 5446/1679/5454 5447/1680/5455 5435/1670/5443 5434/1667/5442 
f 5053/1681/5061 5448/1684/5456 5449/1683/5457 5054/1682/5062 
f 5450/1685/5458 5451/1686/5459 5410/1643/5418 5409/1644/5417 
f 5407/1638/5415 5406/1639/5414 5409/1644/5417 5408/1641/5416 
f 5415/1648/5423 5407/1638/5415 5408/1641/5416 5412/1645/5420 
f 5406/1639/5414 5452/1687/5460 5450/1685/5458 5409/1644/5417 
f 5448/1684/5456 5453/1689/5461 5454/1688/5462 5449/1683/5457 
f 5455/1690/5463 5456/1693/5464 5457/1692/5465 5458/1691/5466 
f 5066/1694/5074 5054/1682/5062 5449/1683/5457 5458/1691/5466 
f 5449/1683/5457 5454/1688/5462 5455/1690/5463 5458/1691/5466 
f 5459/1695/5467 5453/1689/5461 5450/1685/5458 5452/1687/5460 
f 5460/1696/5468 5456/1693/5464 5455/1690/5463 5461/1697/5469 
f 5460/1696/5468 5071/1699/5079 5070/1698/5078 5456/1693/5464 
f 5461/1697/5469 5455/1690/5463 5454/1688/5462 5462/1700/5470 
f 5463/1701/5471 5464/1702/5472 5412/1645/5420 5413/1646/5421 
f 5464/1702/5472 5465/1703/5473 5415/1648/5423 5412/1645/5420 
f 5466/1704/5474 5467/1707/5475 5468/1706/5476 5469/1705/5477 
f 5459/1695/5467 5470/1708/5478 5466/1704/5474 5462/1700/5470 
f 5081/1709/5089 5410/1643/5418 5451/1686/5459 5082/1710/5090 
f 5458/1691/5466 5457/1692/5465 5083/1711/5091 5066/1694/5074 
f 5457/1692/5465 5456/1693/5464 5070/1698/5078 5083/1711/5091 
f 5461/1697/5469 5469/1705/5477 5471/1712/5479 5460/1696/5468 
f 5439/1674/5447 5416/1649/5424 5418/1650/5426 5440/1673/5448 
f 5469/1705/5477 5461/1697/5469 5462/1700/5470 5466/1704/5474 
f 5470/1708/5478 5472/1713/5480 5467/1707/5475 5466/1704/5474 
f 5086/1714/5094 5071/1699/5079 5460/1696/5468 5471/1712/5479 
f 5469/1705/5477 5468/1706/5476 5473/1715/5481 5471/1712/5479 
f 5474/1716/5482 5475/1719/5483 5090/1718/5098 5089/1717/5097 
f 5476/1720/5484 5477/1723/5485 5094/1722/5102 5093/1721/5101 
f 5473/1715/5481 5478/1725/5486 5479/1724/5487 5474/1716/5482 
f 5477/1723/5485 5476/1720/5484 5480/1727/5488 5481/1726/5489 
f 5478/1725/5486 5482/1729/5490 5483/1728/5491 5479/1724/5487 
f 5481/1726/5489 5480/1727/5488 5484/1731/5492 5485/1730/5493 
f 5486/1732/5494 5487/1735/5495 5488/1734/5496 5489/1733/5497 
f 5482/1729/5490 5488/1734/5496 5487/1735/5495 5483/1728/5491 
f 5485/1730/5493 5484/1731/5492 5486/1732/5494 5489/1733/5497 
f 5486/1732/5494 5490/1736/5498 5487/1735/5495 
f 5490/1736/5498 5491/1737/5499 5483/1728/5491 5487/1735/5495 
f 5484/1731/5492 5491/1737/5499 5490/1736/5498 5486/1732/5494 
f 5479/1724/5487 5483/1728/5491 5491/1737/5499 5492/1738/5500 
f 5475/1719/5483 5474/1716/5482 5479/1724/5487 5492/1738/5500 
f 5480/1727/5488 5492/1738/5500 5491/1737/5499 5484/1731/5492 
f 5476/1720/5484 5475/1719/5483 5492/1738/5500 5480/1727/5488 
f 5111/1739/5119 5094/1722/5102 5477/1723/5485 5493/1740/5501 
f 5468/1706/5476 5494/1741/5502 5478/1725/5486 5473/1715/5481 
f 5493/1740/5501 5477/1723/5485 5481/1726/5489 5495/1742/5503 
f 5494/1741/5502 5496/1743/5504 5482/1729/5490 5478/1725/5486 
f 5495/1742/5503 5481/1726/5489 5485/1730/5493 5497/1744/5505 
f 5498/1745/5506 5499/1746/5507 5489/1733/5497 5488/1734/5496 
f 5496/1743/5504 5498/1745/5506 5488/1734/5496 5482/1729/5490 
f 5497/1744/5505 5485/1730/5493 5489/1733/5497 5499/1746/5507 
f 5443/1678/5451 5438/1671/5446 5441/1672/5449 5444/1677/5452 
f 5500/1747/5508 5472/1713/5480 5501/1749/5509 5502/1748/5510 
f 5494/1741/5502 5468/1706/5476 5467/1707/5475 5503/1750/5511 
f 5082/1710/5090 5451/1686/5459 5448/1684/5456 5053/1681/5061 
f 5451/1686/5459 5450/1685/5458 5453/1689/5461 5448/1684/5456 
f 5462/1700/5470 5454/1688/5462 5453/1689/5461 5459/1695/5467 
f 5452/1687/5460 5504/1751/5512 5470/1708/5478 5459/1695/5467 
f 5504/1751/5512 5501/1749/5509 5472/1713/5480 5470/1708/5478 
f 5503/1750/5511 5467/1707/5475 5472/1713/5480 5500/1747/5508 
f 5505/1752/5513 5500/1747/5508 5502/1748/5510 5506/1753/5514 
f 5507/1754/5515 5503/1750/5511 5500/1747/5508 5505/1752/5513 
f 5496/1743/5504 5494/1741/5502 5503/1750/5511 5507/1754/5515 
f 5508/1755/5516 5128/1756/5136 5111/1739/5119 5493/1740/5501 
f 5508/1755/5516 5493/1740/5501 5495/1742/5503 5509/1757/5517 
f 5509/1757/5517 5495/1742/5503 5497/1744/5505 5510/1758/5518 
f 5511/1759/5519 5512/1760/5520 5499/1746/5507 5498/1745/5506 
f 5507/1754/5515 5511/1759/5519 5498/1745/5506 5496/1743/5504 
f 5512/1760/5520 5510/1758/5518 5497/1744/5505 5499/1746/5507 
f 5513/1761/5521 5505/1752/5513 5506/1753/5514 5514/1762/5522 
f 5511/1759/5519 5507/1754/5515 5505/1752/5513 5513/1761/5521 
f 5512/1760/5520 5511/1759/5519 5513/1761/5521 5515/1763/5523 
f 5515/1763/5523 5513/1761/5521 5514/1762/5522 5516/1764/5524 
f 5516/1764/5524 5514/1762/5522 5517/1766/5525 5518/1765/5526 
f 5519/1767/5527 5520/1768/5528 5518/1765/5526 5517/1766/5525 
f 5519/1767/5527 5521/1770/5529 5522/1769/5530 5520/1768/5528 
f 5523/1771/5531 5524/1773/5532 5525/1772/5533 5465/1703/5473 
f 5524/1773/5532 5526/1775/5534 5527/1774/5535 5525/1772/5533 
f 5526/1775/5534 5528/1777/5536 5529/1776/5537 5527/1774/5535 
f 5528/1777/5536 5530/1779/5538 5531/1778/5539 5529/1776/5537 
f 5532/1780/5540 5533/1781/5541 5464/1702/5472 5463/1701/5471 
f 5533/1781/5541 5523/1771/5531 5465/1703/5473 5464/1702/5472 
f 5154/1782/5162 5473/1715/5481 5474/1716/5482 5089/1717/5097 
f 5093/1721/5101 5090/1718/5098 5475/1719/5483 5476/1720/5484 
f 5155/1783/5163 5532/1780/5540 5463/1701/5471 5156/1784/5164 
f 5534/1785/5542 5510/1758/5518 5512/1760/5520 5515/1763/5523 
f 5535/1786/5543 5534/1785/5542 5515/1763/5523 5516/1764/5524 
f 5535/1786/5543 5516/1764/5524 5518/1765/5526 5536/1787/5544 
f 5536/1787/5544 5518/1765/5526 5520/1768/5528 5537/1788/5545 
f 5538/1789/5546 5522/1769/5530 5539/1791/5547 5540/1790/5548 
f 5541/1792/5549 5542/1793/5550 5524/1773/5532 5523/1771/5531 
f 5542/1793/5550 5543/1794/5551 5526/1775/5534 5524/1773/5532 
f 5543/1794/5551 5544/1795/5552 5528/1777/5536 5526/1775/5534 
f 5544/1795/5552 5545/1796/5553 5530/1779/5538 5528/1777/5536 
f 5169/1797/5177 5546/1798/5554 5532/1780/5540 5155/1783/5163 
f 5546/1798/5554 5547/1799/5555 5533/1781/5541 5532/1780/5540 
f 5547/1799/5555 5541/1792/5549 5523/1771/5531 5533/1781/5541 
f 5437/1668/5445 5436/1669/5444 5432/1665/5440 5431/1666/5439 
f 5521/1770/5529 5548/1800/5556 5539/1791/5547 5522/1769/5530 
f 5538/1789/5546 5537/1788/5545 5520/1768/5528 5522/1769/5530 
f 5428/1662/5436 5430/1663/5438 5433/1664/5441 5429/1661/5437 
f 5530/1779/5538 5539/1791/5547 5548/1800/5556 5531/1778/5539 
f 5545/1796/5553 5540/1790/5548 5539/1791/5547 5530/1779/5538 
f 5549/1801/5557 5550/1802/5558 5542/1793/5550 5541/1792/5549 
f 5550/1802/5558 5551/1803/5559 5543/1794/5551 5542/1793/5550 
f 5551/1803/5559 5552/1804/5560 5544/1795/5552 5543/1794/5551 
f 5553/1805/5561 5554/1806/5562 5540/1790/5548 5545/1796/5553 
f 5179/1807/5187 5555/1808/5563 5546/1798/5554 5169/1797/5177 
f 5555/1808/5563 5556/1809/5564 5547/1799/5555 5546/1798/5554 
f 5556/1809/5564 5549/1801/5557 5541/1792/5549 5547/1799/5555 
f 5552/1804/5560 5553/1805/5561 5545/1796/5553 5544/1795/5552 
f 5557/1810/5565 5558/1811/5566 5550/1802/5558 5549/1801/5557 
f 5558/1811/5566 5559/1812/5567 5551/1803/5559 5550/1802/5558 
f 5559/1812/5567 5560/1813/5568 5552/1804/5560 5551/1803/5559 
f 5561/1814/5569 5554/1806/5562 5553/1805/5561 5562/1815/5570 
f 5188/1816/5196 5563/1817/5571 5555/1808/5563 5179/1807/5187 
f 5563/1817/5571 5564/1818/5572 5556/1809/5564 5555/1808/5563 
f 5564/1818/5572 5557/1810/5565 5549/1801/5557 5556/1809/5564 
f 5562/1815/5570 5553/1805/5561 5552/1804/5560 5560/1813/5568 
f 5565/1819/5573 5566/1820/5574 5558/1811/5566 5557/1810/5565 
f 5566/1820/5574 5567/1821/5575 5559/1812/5567 5558/1811/5566 
f 5567/1821/5575 5568/1822/5576 5560/1813/5568 5559/1812/5567 
f 5569/1823/5577 5570/1824/5578 5561/1814/5569 5562/1815/5570 
f 5571/1825/5579 5572/1826/5580 5564/1818/5572 5563/1817/5571 
f 5572/1826/5580 5565/1819/5573 5557/1810/5565 5564/1818/5572 
f 5568/1822/5576 5569/1823/5577 5562/1815/5570 5560/1813/5568 
f 5573/1827/5581 5574/1828/5582 5566/1820/5574 5565/1819/5573 
f 5574/1828/5582 5575/1829/5583 5567/1821/5575 5566/1820/5574 
f 5575/1829/5583 5576/1830/5584 5568/1822/5576 5567/1821/5575 
f 5577/1831/5585 5578/1832/5586 5570/1824/5578 5569/1823/5577 
f 5579/1833/5587 5580/1834/5588 5572/1826/5580 5571/1825/5579 
f 5580/1834/5588 5573/1827/5581 5565/1819/5573 5572/1826/5580 
f 5576/1830/5584 5577/1831/5585 5569/1823/5577 5568/1822/5576 
f 5581/1835/5589 5582/1836/5590 5574/1828/5582 5573/1827/5581 
f 5582/1836/5590 5583/1837/5591 5575/1829/5583 5574/1828/5582 
f 5583/1837/5591 5584/1838/5592 5576/1830/5584 5575/1829/5583 
f 5585/1839/5593 5586/1840/5594 5578/1832/5586 5577/1831/5585 
f 5213/1841/5221 5587/1843/5595 5579/1833/5587 5214/1842/5222 
f 5587/1843/5595 5588/1844/5596 5580/1834/5588 5579/1833/5587 
f 5588/1844/5596 5581/1835/5589 5573/1827/5581 5580/1834/5588 
f 5584/1838/5592 5585/1839/5593 5577/1831/5585 5576/1830/5584 
f 5589/1845/5597 5590/1846/5598 5582/1836/5590 5581/1835/5589 
f 5590/1846/5598 5591/1847/5599 5583/1837/5591 5582/1836/5590 
f 5591/1847/5599 5592/1848/5600 5584/1838/5592 5583/1837/5591 
f 5593/1849/5601 5594/1850/5602 5586/1840/5594 5585/1839/5593 
f 5595/1851/5603 5596/1852/5604 5588/1844/5596 5587/1843/5595 
f 5596/1852/5604 5589/1845/5597 5581/1835/5589 5588/1844/5596 
f 5592/1848/5600 5593/1849/5601 5585/1839/5593 5584/1838/5592 
f 5597/1853/5605 5598/1854/5606 5590/1846/5598 5589/1845/5597 
f 5598/1854/5606 5599/1855/5607 5591/1847/5599 5590/1846/5598 
f 5599/1855/5607 5600/1856/5608 5592/1848/5600 5591/1847/5599 
f 5601/1857/5609 5602/1858/5610 5594/1850/5602 5593/1849/5601 
f 5603/1859/5611 5604/1860/5612 5596/1852/5604 5595/1851/5603 
f 5604/1860/5612 5597/1853/5605 5589/1845/5597 5596/1852/5604 
f 5600/1856/5608 5601/1857/5609 5593/1849/5601 5592/1848/5600 
f 5605/1861/5613 5606/1862/5614 5598/1854/5606 5597/1853/5605 
f 5606/1862/5614 5607/1863/5615 5599/1855/5607 5598/1854/5606 
f 5607/1863/5615 5608/1864/5616 5600/1856/5608 5599/1855/5607 
f 5609/1865/5617 5610/1866/5618 5602/1858/5610 5601/1857/5609 
f 5611/1867/5619 5612/1868/5620 5604/1860/5612 5603/1859/5611 
f 5612/1868/5620 5605/1861/5613 5597/1853/5605 5604/1860/5612 
f 5608/1864/5616 5609/1865/5617 5601/1857/5609 5600/1856/5608 
f 5613/1869/5621 5538/1789/5546 5540/1790/5548 5554/1806/5562 
f 5614/1870/5622 5613/1869/5621 5554/1806/5562 5561/1814/5569 
f 5615/1871/5623 5614/1870/5622 5561/1814/5569 5570/1824/5578 
f 5615/1871/5623 5570/1824/5578 5578/1832/5586 5616/1872/5624 
f 5616/1872/5624 5578/1832/5586 5586/1840/5594 5617/1873/5625 
f 5617/1873/5625 5586/1840/5594 5594/1850/5602 5618/1874/5626 
f 5618/1874/5626 5594/1850/5602 5602/1858/5610 5610/1866/5618 
f 5618/1874/5626 5619/1876/5627 5620/1875/5628 5617/1873/5625 
f 5621/1877/5629 5619/1876/5627 5618/1874/5626 5610/1866/5618 
f 5622/1878/5630 5621/1877/5629 5610/1866/5618 5609/1865/5617 
f 5623/1879/5631 5622/1878/5630 5609/1865/5617 5608/1864/5616 
f 5624/1880/5632 5623/1879/5631 5608/1864/5616 5607/1863/5615 
f 5625/1881/5633 5624/1880/5632 5607/1863/5615 5606/1862/5614 
f 5626/1882/5634 5625/1881/5633 5606/1862/5614 5605/1861/5613 
f 5627/1883/5635 5626/1882/5634 5605/1861/5613 5612/1868/5620 
f 5628/1884/5636 5627/1883/5635 5612/1868/5620 5611/1867/5619 
f 5257/1885/5265 5628/1884/5636 5611/1867/5619 5258/1886/5266 
f 5629/1887/5637 5630/1888/5638 5535/1786/5543 5536/1787/5544 
f 5630/1888/5638 5631/1889/5639 5534/1785/5542 5535/1786/5543 
f 5632/1890/5640 5510/1758/5518 5534/1785/5542 5631/1889/5639 
f 5633/1891/5641 5509/1757/5517 5510/1758/5518 5632/1890/5640 
f 5634/1892/5642 5508/1755/5516 5509/1757/5517 5633/1891/5641 
f 5265/1893/5273 5128/1756/5136 5508/1755/5516 5634/1892/5642 
f 5266/1894/5274 5571/1825/5579 5563/1817/5571 5188/1816/5196 
f 5214/1842/5222 5579/1833/5587 5571/1825/5579 5266/1894/5274 
f 5267/1895/5275 5595/1851/5603 5587/1843/5595 5213/1841/5221 
f 5268/1896/5276 5603/1859/5611 5595/1851/5603 5267/1895/5275 
f 5258/1886/5266 5611/1867/5619 5603/1859/5611 5268/1896/5276 
f 5619/1876/5627 5635/1897/5643 5620/1875/5628 
f 5636/1898/5644 5637/1899/5645 5619/1876/5627 5621/1877/5629 
f 5638/1900/5646 5636/1898/5644 5621/1877/5629 5622/1878/5630 
f 5639/1901/5647 5638/1900/5646 5622/1878/5630 5623/1879/5631 
f 5640/1902/5648 5639/1901/5647 5623/1879/5631 5624/1880/5632 
f 5641/1903/5649 5640/1902/5648 5624/1880/5632 5625/1881/5633 
f 5642/1904/5650 5641/1903/5649 5625/1881/5633 5626/1882/5634 
f 5643/1905/5651 5642/1904/5650 5626/1882/5634 5627/1883/5635 
f 5644/1906/5652 5643/1905/5651 5627/1883/5635 5628/1884/5636 
f 5645/1907/5653 5634/1892/5642 5633/1891/5641 5646/1908/5654 
f 5281/1909/5289 5283/1911/5291 5646/1908/5654 5647/1910/5655 
f 5647/1910/5655 5646/1908/5654 5633/1891/5641 5632/1890/5640 
f 5284/1912/5292 5281/1909/5289 5647/1910/5655 5648/1913/5656 
f 5648/1913/5656 5647/1910/5655 5632/1890/5640 5631/1889/5639 
f 5630/1888/5638 5629/1887/5637 5649/1915/5657 5650/1914/5658 
f 5651/1916/5659 5650/1914/5658 5649/1915/5657 5652/1917/5660 
f 5653/1918/5661 5651/1916/5659 5652/1917/5660 5654/1919/5662 
f 5655/1920/5663 5653/1918/5661 5654/1919/5662 5656/1921/5664 
f 5657/1922/5665 5655/1920/5663 5656/1921/5664 5637/1899/5645 
f 5658/1923/5666 5657/1922/5665 5637/1899/5645 5636/1898/5644 
f 5659/1924/5667 5658/1923/5666 5636/1898/5644 5638/1900/5646 
f 5660/1925/5668 5659/1924/5667 5638/1900/5646 5639/1901/5647 
f 5661/1926/5669 5660/1925/5668 5639/1901/5647 5640/1902/5648 
f 5662/1927/5670 5661/1926/5669 5640/1902/5648 5641/1903/5649 
f 5663/1928/5671 5662/1927/5670 5641/1903/5649 5642/1904/5650 
f 5664/1929/5672 5663/1928/5671 5642/1904/5650 5643/1905/5651 
f 5665/1930/5673 5664/1929/5672 5643/1905/5651 5644/1906/5652 
f 5303/1931/5311 5665/1930/5673 5644/1906/5652 5304/1932/5312 
f 5650/1914/5658 5648/1913/5656 5631/1889/5639 5630/1888/5638 
f 5666/1933/5674 5667/1936/5675 5668/1935/5676 5669/1934/5677 
f 5669/1934/5677 5670/1938/5678 5671/1937/5679 5666/1933/5674 
f 5671/1937/5679 5670/1938/5678 5672/1940/5680 5673/1939/5681 
f 5673/1939/5681 5672/1940/5680 5674/1942/5682 5675/1941/5683 
f 5676/1943/5684 5677/1946/5685 5678/1945/5686 5679/1944/5687 
f 5679/1944/5687 5678/1945/5686 5680/1948/5688 5681/1947/5689 
f 5680/1948/5688 5682/1950/5690 5683/1949/5691 5681/1947/5689 
f 5682/1950/5690 5684/1952/5692 5685/1951/5693 5683/1949/5691 
f 5669/1934/5677 5668/1935/5676 5686/1954/5694 5687/1953/5695 
f 5672/1955/5680 5688/1958/5696 5689/1957/5697 5674/1956/5682 
f 5687/1953/5695 5690/1960/5698 5670/1959/5678 5669/1934/5677 
f 5690/1960/5698 5688/1958/5696 5672/1955/5680 5670/1959/5678 
f 5691/1961/5699 5677/1962/5685 5674/1956/5682 5689/1957/5697 
f 5692/1963/5700 5693/1966/5701 5680/1965/5688 5678/1964/5686 
f 5694/1967/5702 5682/1968/5690 5680/1965/5688 5693/1966/5701 
f 5695/1969/5703 5684/1970/5692 5682/1968/5690 5694/1967/5702 
f 5696/1971/5704 5697/1972/5705 5687/1953/5695 5686/1954/5694 
f 5698/1973/5706 5689/1957/5697 5688/1958/5696 5699/1974/5707 
f 5697/1972/5705 5700/1975/5708 5690/1960/5698 5687/1953/5695 
f 5700/1975/5708 5699/1974/5707 5688/1958/5696 5690/1960/5698 
f 5614/1870/5622 5615/1871/5623 5686/1977/5694 5668/1976/5676 
f 5701/1978/5709 5691/1961/5699 5689/1957/5697 5698/1973/5706 
f 5702/1979/5710 5693/1966/5701 5692/1963/5700 5703/1980/5711 
f 5704/1981/5712 5694/1967/5702 5693/1966/5701 5702/1979/5710 
f 5629/1982/5637 5685/1951/5693 5684/1952/5692 
f 5667/1983/5675 5537/1788/5545 5538/1789/5546 5613/1869/5621 
f 5705/1984/5713 5706/1985/5714 5667/1936/5675 5666/1933/5674 
f 5707/1986/5715 5705/1984/5713 5666/1933/5674 5671/1937/5679 
f 5707/1986/5715 5671/1937/5679 5673/1939/5681 5708/1987/5716 
f 5708/1987/5716 5673/1939/5681 5675/1941/5683 5709/1988/5717 
f 5710/1989/5718 5676/1943/5684 5679/1944/5687 5711/1990/5719 
f 5712/1991/5720 5711/1990/5719 5679/1944/5687 5681/1947/5689 
f 5713/1992/5721 5712/1991/5720 5681/1947/5689 5683/1949/5691 
f 5714/1993/5722 5713/1992/5721 5683/1949/5691 5685/1951/5693 
f 5715/1994/5723 5714/1993/5722 5685/1951/5693 5629/1982/5637 
f 5695/1969/5703 5649/1996/5657 5629/1995/5637 
f 5694/1967/5702 5704/1981/5712 5716/1997/5724 5695/1969/5703 
f 5629/1887/5637 5536/1787/5544 5715/1998/5723 
f 5537/1788/5545 5667/1983/5675 5706/1999/5714 
f 5717/2000/5725 5718/2001/5726 5714/1993/5722 5715/1994/5723 
f 5718/2001/5726 5719/2002/5727 5713/1992/5721 5714/1993/5722 
f 5719/2002/5727 5720/2003/5728 5712/1991/5720 5713/1992/5721 
f 5710/1989/5718 5720/2003/5728 5708/1987/5716 5709/1988/5717 
f 5706/1985/5714 5705/1984/5713 5718/2001/5726 5717/2000/5725 
f 5705/1984/5713 5707/1986/5715 5719/2002/5727 5718/2001/5726 
f 5707/1986/5715 5708/1987/5716 5720/2003/5728 5719/2002/5727 
f 5675/1941/5683 5674/1942/5682 5677/1946/5685 5676/1943/5684 
f 5691/1961/5699 5692/1963/5700 5678/1964/5686 5677/1962/5685 
f 5703/1980/5711 5692/1963/5700 5691/1961/5699 5701/1978/5709 
f 5709/1988/5717 5675/1941/5683 5676/1943/5684 5710/1989/5718 
f 5711/1990/5719 5712/1991/5720 5720/2003/5728 5710/1989/5718 
f 5717/2004/5725 5715/1998/5723 5536/1787/5544 5537/1788/5545 
f 5613/1869/5621 5614/1870/5622 5668/1976/5676 5667/1983/5675 
f 5721/2005/5729 5649/1996/5657 5695/1969/5703 5716/1997/5724 
f 5697/1972/5705 5696/1971/5704 5620/2006/5628 
f 5698/1973/5706 5699/1974/5707 5620/2006/5628 
f 5700/1975/5708 5697/1972/5705 5620/2006/5628 
f 5699/1974/5707 5700/1975/5708 5620/2006/5628 
f 5701/1978/5709 5698/1973/5706 5620/2006/5628 
f 5702/1979/5710 5703/1980/5711 5620/2006/5628 
f 5704/1981/5712 5702/1979/5710 5620/2006/5628 
f 5716/1997/5724 5704/1981/5712 5620/2006/5628 
f 5703/1980/5711 5701/1978/5709 5620/2006/5628 
f 5721/2005/5729 5716/1997/5724 5620/2006/5628 
f 5537/1788/5545 5706/1999/5714 5717/2004/5725 
f 5616/1872/5624 5696/2007/5704 5686/1977/5694 5615/1871/5623 
f 5721/2008/5729 5722/2009/5730 5652/1917/5660 5649/1915/5657 
f 5721/2008/5729 5620/1875/5628 5722/2009/5730 
f 5723/2010/5731 5635/1897/5643 5656/1921/5664 5654/1919/5662 
f 5722/2009/5730 5723/2010/5731 5654/1919/5662 5652/1917/5660 
f 5637/1899/5645 5656/1921/5664 5635/1897/5643 5619/1876/5627 
f 5723/2010/5731 5620/1875/5628 5635/1897/5643 
f 5722/2009/5730 5620/1875/5628 5723/2010/5731 
f 5617/1873/5625 5620/1875/5628 5696/2007/5704 5616/1872/5624 
f 5724/2011/5732 5725/2014/5733 5726/2013/5734 5727/2012/5735 
f 5728/2015/5736 5724/2011/5732 5727/2012/5735 5729/2016/5737 
f 5730/2017/5738 5728/2015/5736 5729/2016/5737 5731/2018/5739 
f 5732/2019/5740 5730/2017/5738 5731/2018/5739 5733/2020/5741 
f 5734/2021/5742 5732/2019/5740 5733/2020/5741 5735/2022/5743 
f 5734/2021/5742 5735/2022/5743 5736/2024/5744 5737/2023/5745 
f 5737/2023/5745 5736/2024/5744 5738/2026/5746 5739/2025/5747 
f 5740/2027/5748 5741/2030/5749 5742/2029/5750 5743/2028/5751 
f 5744/2031/5752 5745/2034/5753 5746/2033/5754 5747/2032/5755 
f 5748/2035/5756 5747/2032/5755 5746/2033/5754 5749/2036/5757 
f 5750/2037/5758 5751/2040/5759 5752/2039/5760 5753/2038/5761 
f 5754/2041/5762 5755/2044/5763 5756/2043/5764 5757/2042/5765 
f 5755/2044/5763 5758/2046/5766 5759/2045/5767 5756/2043/5764 
f 5758/2046/5766 5748/2035/5756 5749/2036/5757 5759/2045/5767 
f 5725/2014/5733 5750/2037/5758 5753/2038/5761 5726/2013/5734 
f 5751/2040/5759 5754/2041/5762 5757/2042/5765 5752/2039/5760 
f 5743/2028/5751 5742/2029/5750 5745/2034/5753 5744/2031/5752 
f 5739/2025/5747 5738/2026/5746 5741/2030/5749 5740/2027/5748 
f 5724/2011/5732 5760/2047/5768 5725/2014/5733 
f 5728/2015/5736 5760/2047/5768 5724/2011/5732 
f 5730/2017/5738 5760/2047/5768 5728/2015/5736 
f 5732/2019/5740 5760/2047/5768 5730/2017/5738 
f 5734/2021/5742 5760/2047/5768 5732/2019/5740 
f 5737/2023/5745 5760/2047/5768 5734/2021/5742 
f 5739/2025/5747 5760/2047/5768 5737/2023/5745 
f 5743/2028/5751 5760/2047/5768 5740/2027/5748 
f 5747/2032/5755 5760/2047/5768 5744/2031/5752 
f 5748/2035/5756 5760/2047/5768 5747/2032/5755 
f 5750/2037/5758 5760/2047/5768 5751/2040/5759 
f 5754/2041/5762 5760/2047/5768 5755/2044/5763 
f 5755/2044/5763 5760/2047/5768 5758/2046/5766 
f 5758/2046/5766 5760/2047/5768 5748/2035/5756 
f 5725/2014/5733 5760/2047/5768 5750/2037/5758 
f 5751/2040/5759 5760/2047/5768 5754/2041/5762 
f 5744/2031/5752 5760/2047/5768 5743/2028/5751 
f 5740/2027/5748 5760/2047/5768 5739/2025/5747 
f 5761/2048/5769 5421/1652/5429 5731/2050/5739 5729/2049/5737 
f 5417/1651/5425 5761/2048/5769 5729/2049/5737 5727/2051/5735 
f 5418/1650/5426 5417/1651/5425 5727/2051/5735 5726/2052/5734 
f 5440/1673/5448 5418/1650/5426 5726/2052/5734 5753/2053/5761 
f 5441/1672/5449 5440/1673/5448 5753/2053/5761 5752/2054/5760 
f 5444/1677/5452 5441/1672/5449 5752/2054/5760 5757/2055/5765 
f 5445/1676/5453 5444/1677/5452 5757/2055/5765 5756/2056/5764 
f 5447/1680/5455 5445/1676/5453 5756/2056/5764 5759/2057/5767 
f 5447/1680/5455 5759/2057/5767 5749/2058/5757 5435/1670/5443 
f 5435/1670/5443 5749/2058/5757 5746/2059/5754 5436/1669/5444 
f 5436/1669/5444 5746/2059/5754 5745/2060/5753 5432/1665/5440 
f 5433/1664/5441 5432/1665/5440 5745/2060/5753 5742/2061/5750 
f 5429/1661/5437 5433/1664/5441 5742/2061/5750 5741/2062/5749 
f 5427/1659/5435 5429/1661/5437 5741/2062/5749 5738/2063/5746 
f 5425/1657/5433 5427/1659/5435 5738/2063/5746 5736/2064/5744 
f 5423/1655/5431 5425/1657/5433 5736/2064/5744 5735/2065/5743 
f 5420/1653/5428 5423/1655/5431 5735/2065/5743 5733/2066/5741 
f 5421/1652/5429 5420/1653/5428 5733/2066/5741 5731/2050/5739 
f 5304/1932/5312 5644/1906/5652 5628/1884/5636 5257/1885/5265 
f 5695/1969/5703 5629/1995/5637 5684/1970/5692 
f 5413/1646/5421 5411/1642/5419 5402/2068/5410 5401/2067/5409 
f 5156/1784/5164 5463/1701/5471 5413/1646/5421 5401/2067/5409 
f 5471/1712/5479 5473/1715/5481 5154/1782/5162 5086/1714/5094 
f 5634/1892/5642 5645/1907/5653 5403/2069/5411 5265/1893/5273 
f 5645/1907/5653 5646/1908/5654 5283/1911/5291 5403/2069/5411 
f 5402/2068/5410 5411/1642/5419 5410/1643/5418 5081/1709/5089 
f 5761/2048/5769 5417/1651/5425 5405/1640/5413 5404/1637/5412 
f 5421/1652/5429 5761/2048/5769 5404/1637/5412 5414/1647/5422 
f 5452/1687/5460 5406/1639/5414 5405/1640/5413 5416/1649/5424 
f 5415/1648/5423 5465/1703/5473 5419/1654/5427 5414/1647/5422 
f 5465/1703/5473 5525/1772/5533 5422/1656/5430 5419/1654/5427 
f 5525/1772/5533 5527/1774/5535 5424/1658/5432 5422/1656/5430 
f 5527/1774/5535 5529/1776/5537 5426/1660/5434 5424/1658/5432 
f 5529/1776/5537 5531/1778/5539 5428/1662/5436 5426/1660/5434 
f 5548/1800/5556 5521/1770/5529 5431/1666/5439 5430/1663/5438 
f 5437/1668/5445 5519/1767/5527 5517/1766/5525 5434/1667/5442 
f 5501/1749/5509 5504/1751/5512 5439/1674/5447 5438/1671/5446 
f 5506/1753/5514 5502/1748/5510 5443/1678/5451 5442/1675/5450 
f 5514/1762/5522 5506/1753/5514 5442/1675/5450 5446/1679/5454 
f 5517/1766/5525 5514/1762/5522 5446/1679/5454 5434/1667/5442 
f 5504/1751/5512 5452/1687/5460 5416/1649/5424 5439/1674/5447 
f 5502/1748/5510 5501/1749/5509 5438/1671/5446 5443/1678/5451 
f 5431/1666/5439 5521/1770/5529 5519/1767/5527 5437/1668/5445 
f 5531/1778/5539 5548/1800/5556 5430/1663/5438 5428/1662/5436 
# 698 polygons - 78 triangles

